Index,Temps_s,RSSI_dBm
1,0.0000,-50
2,0.0255,-50
3,0.0510,-50
4,0.0765,-50
5,0.1020,-46
6,0.1276,-49
7,0.1531,-49
8,0.1786,-51
9,0.2041,-51
10,0.2296,-47
11,0.2551,-47
12,0.2806,-51
13,0.3061,-51
14,0.3316,-49
15,0.3571,-53
16,0.3827,-53
17,0.4082,-47
18,0.4337,-47
19,0.4592,-47
20,0.4847,-47
21,0.5102,-50
22,0.5357,-54
23,0.5612,-54
24,0.5867,-45
25,0.6122,-45
26,0.6378,-52
27,0.6633,-52
28,0.6888,-46
29,0.7143,-49
30,0.7398,-49
31,0.7653,-45
32,0.7908,-45
33,0.8163,-51
34,0.8418,-51
35,0.8673,-47
36,0.8929,-48
37,0.9184,-48
38,0.9439,-45
39,0.9694,-45
40,0.9949,-51
41,1.0204,-51
42,1.0459,-45
43,1.0714,-45
44,1.0969,-45
45,1.1224,-45
46,1.1480,-45
47,1.1735,-51
48,1.1990,-51
49,1.2245,-45
50,1.2500,-45
51,1.2755,-43
52,1.3010,-43
53,1.3265,-43
54,1.3520,-43
55,1.3776,-43
56,1.4031,-44
57,1.4286,-44
58,1.4541,-49
59,1.4796,-49
60,1.5051,-49
61,1.5306,-50
62,1.5561,-50
63,1.5816,-47
64,1.6071,-47
65,1.6327,-44
66,1.6582,-47
67,1.6837,-47
68,1.7092,-51
69,1.7347,-51
70,1.7602,-46
71,1.7857,-46
72,1.8112,-46
73,1.8367,-52
74,1.8622,-52
75,1.8878,-46
76,1.9133,-46
77,1.9388,-51
78,1.9643,-51
79,1.9898,-45
80,2.0153,-53
81,2.0408,-53
82,2.0663,-47
83,2.0918,-47
84,2.1173,-47
85,2.1429,-47
86,2.1684,-45
87,2.1939,-45
88,2.2194,-54
89,2.2449,-45
90,2.2704,-45
91,2.2959,-52
92,2.3214,-52
93,2.3469,-46
94,2.3724,-46
95,2.3980,-49
96,2.4235,-45
97,2.4490,-45
98,2.4745,-51
99,2.5000,-51
100,2.5255,-47
101,2.5510,-47
102,2.5765,-44
103,2.6020,-48
104,2.6276,-48
105,2.6531,-47
106,2.6786,-47
107,2.7041,-46
108,2.7296,-46
109,2.7551,-44
110,2.7806,-45
111,2.8061,-45
112,2.8316,-51
113,2.8571,-51
114,2.8827,-46
115,2.9082,-46
116,2.9337,-44
117,2.9592,-45
118,2.9847,-45
119,3.0102,-52
120,3.0357,-52
121,3.0612,-46
122,3.0867,-46
123,3.1122,-45
124,3.1378,-45
125,3.1633,-47
126,3.1888,-51
127,3.2143,-51
128,3.2398,-47
129,3.2653,-47
130,3.2908,-44
131,3.3163,-44
132,3.3418,-50
133,3.3673,-50
134,3.3929,-50
135,3.4184,-46
136,3.4439,-46
137,3.4694,-46
138,3.4949,-46
139,3.5204,-52
140,3.5459,-49
141,3.5714,-49
142,3.5969,-47
143,3.6224,-47
144,3.6480,-45
145,3.6735,-45
146,3.6990,-52
147,3.7245,-50
148,3.7500,-50
149,3.7755,-47
150,3.8010,-47
151,3.8265,-46
152,3.8520,-46
153,3.8776,-53
154,3.9031,-48
155,3.9286,-48
156,3.9541,-52
157,3.9796,-52
158,4.0051,-46
159,4.0306,-46
160,4.0561,-45
161,4.0816,-45
162,4.1071,-44
163,4.1327,-51
164,4.1582,-51
165,4.1837,-48
166,4.2092,-48
167,4.2347,-44
168,4.2602,-44
169,4.2857,-44
170,4.3112,-56
171,4.3367,-56
172,4.3622,-51
173,4.3878,-51
174,4.4133,-48
175,4.4388,-48
176,4.4643,-51
177,4.4898,-53
178,4.5153,-53
179,4.5408,-58
180,4.5663,-58
181,4.5918,-63
182,4.6173,-63
183,4.6429,-66
184,4.6684,-68
185,4.6939,-68
186,4.7194,-67
187,4.7449,-67
188,4.7704,-66
189,4.7959,-66
190,4.8214,-68
191,4.8469,-68
192,4.8724,-68
193,4.8980,-69
194,4.9235,-69
195,4.9490,-66
196,4.9745,-66
197,5.0000,-70
198,5.0255,-70
199,5.0510,-69
200,5.0765,-68
201,5.1020,-68
202,5.1276,-66
203,5.1531,-66
204,5.1786,-70
205,5.2041,-70
206,5.2296,-67
207,5.2551,-70
208,5.2806,-70
209,5.3061,-64
210,5.3316,-64
211,5.3571,-68
212,5.3827,-68
213,5.4082,-60
214,5.4337,-61
215,5.4592,-61
216,5.4847,-58
217,5.5102,-58
218,5.5357,-63
219,5.5612,-63
220,5.5867,-59
221,5.6122,-63
222,5.6378,-63
223,5.6633,-60
224,5.6888,-60
225,5.7143,-58
226,5.7398,-58
227,5.7653,-60
228,5.7908,-59
229,5.8163,-59
230,5.8418,-59
231,5.8673,-59
232,5.8929,-57
233,5.9184,-57
234,5.9439,-59
235,5.9694,-59
236,5.9949,-58
237,6.0204,-57
238,6.0459,-57
239,6.0714,-55
240,6.0969,-55
241,6.1224,-57
242,6.1480,-57
243,6.1735,-56
244,6.1990,-58
245,6.2245,-58
246,6.2500,-53
247,6.2755,-53
248,6.3010,-57
249,6.3265,-57
250,6.3520,-58
251,6.3776,-57
252,6.4031,-57
253,6.4286,-53
254,6.4541,-53
255,6.4796,-57
256,6.5051,-57
257,6.5306,-57
258,6.5561,-58
259,6.5816,-58
260,6.6071,-55
261,6.6327,-55
262,6.6582,-56
263,6.6837,-56
264,6.7092,-57
265,6.7347,-57
266,6.7602,-57
267,6.7857,-55
268,6.8112,-55
269,6.8367,-58
270,6.8622,-58
271,6.8878,-56
272,6.9133,-56
273,6.9388,-57
274,6.9643,-54
275,6.9898,-54
276,7.0153,-57
277,7.0408,-57
278,7.0663,-56
279,7.0918,-56
280,7.1173,-56
281,7.1429,-54
282,7.1684,-54
283,7.1939,-58
284,7.2194,-58
285,7.2449,-54
286,7.2704,-54
287,7.2959,-58
288,7.3214,-54
289,7.3469,-54
290,7.3724,-54
291,7.3980,-54
292,7.4235,-53
293,7.4490,-53
294,7.4745,-57
295,7.5000,-55
296,7.5255,-55
297,7.5510,-53
298,7.5765,-53
299,7.6020,-54
300,7.6276,-54
301,7.6531,-57
302,7.6786,-56
303,7.7041,-56
304,7.7296,-55
305,7.7551,-55
306,7.7806,-55
307,7.8061,-55
308,7.8316,-57
309,7.8571,-57
310,7.8827,-57
311,7.9082,-53
312,7.9337,-53
313,7.9592,-56
314,7.9847,-56
315,8.0102,-56
316,8.0357,-56
317,8.0612,-58
318,8.0867,-53
319,8.1122,-53
320,8.1378,-57
321,8.1633,-57
322,8.1888,-56
323,8.2143,-56
324,8.2398,-60
325,8.2653,-54
326,8.2908,-54
327,8.3163,-57
328,8.3418,-57
329,8.3673,-56
330,8.3929,-56
331,8.4184,-59
332,8.4439,-55
333,8.4694,-55
334,8.4949,-58
335,8.5204,-58
336,8.5459,-55
337,8.5714,-55
338,8.5969,-58
339,8.6224,-58
340,8.6480,-55
341,8.6735,-57
342,8.6990,-57
343,8.7245,-55
344,8.7500,-55
345,8.7755,-57
346,8.8010,-57
347,8.8265,-55
348,8.8520,-58
349,8.8776,-58
350,8.9031,-52
351,8.9286,-52
352,8.9541,-57
353,8.9796,-57
354,9.0051,-54
355,9.0306,-53
356,9.0561,-53
357,9.0816,-54
358,9.1071,-54
359,9.1327,-56
360,9.1582,-56
361,9.1837,-56
362,9.2092,-53
363,9.2347,-53
364,9.2602,-53
365,9.2857,-53
366,9.3112,-57
367,9.3367,-57
368,9.3622,-54
369,9.3878,-54
370,9.4133,-54
371,9.4388,-55
372,9.4643,-55
373,9.4898,-56
374,9.5153,-56
375,9.5408,-55
376,9.5663,-55
377,9.5918,-53
378,9.6173,-54
379,9.6429,-54
380,9.6684,-57
381,9.6939,-57
382,9.7194,-54
383,9.7449,-54
384,9.7704,-54
385,9.7959,-55
386,9.8214,-55
387,9.8469,-55
388,9.8724,-55
389,9.8980,-56
390,9.9235,-56
391,9.9490,-53
392,9.9745,-55
393,10.0000,-55
394,10.0255,-56
395,10.0510,-56
396,10.0765,-57
397,10.1020,-57
398,10.1276,-53
399,10.1531,-57
400,10.1786,-57
401,10.2041,-54
402,10.2296,-54
403,10.2551,-58
404,10.2806,-58
405,10.3061,-54
406,10.3316,-57
407,10.3571,-57
408,10.3827,-55
409,10.4082,-55
410,10.4337,-57
411,10.4592,-57
412,10.4847,-55
413,10.5102,-55
414,10.5357,-58
415,10.5612,-52
416,10.5867,-52
417,10.6122,-58
418,10.6378,-58
419,10.6633,-55
420,10.6888,-55
421,10.7143,-53
422,10.7398,-53
423,10.7653,-53
424,10.7908,-56
425,10.8163,-56
426,10.8418,-56
427,10.8673,-56
428,10.8929,-52
429,10.9184,-53
430,10.9439,-53
431,10.9694,-74
432,10.9949,-74
433,11.0204,-56
434,11.0459,-56
435,11.0714,-53
436,11.0969,-54
437,11.1224,-54
438,11.1480,-55
439,11.1735,-55
440,11.1990,-56
441,11.2245,-56
442,11.2500,-53
443,11.2755,-54
444,11.3010,-54
445,11.3265,-70
446,11.3520,-70
447,11.3776,-56
448,11.4031,-56
449,11.4286,-53
450,11.4541,-53
451,11.4796,-56
452,11.5051,-55
453,11.5306,-55
454,11.5561,-58
455,11.5816,-58
456,11.6071,-53
457,11.6327,-53
458,11.6582,-56
459,11.6837,-56
460,11.7092,-56
461,11.7347,-57
462,11.7602,-57
463,11.7857,-55
464,11.8112,-55
465,11.8367,-57
466,11.8622,-54
467,11.8878,-54
468,11.9133,-58
469,11.9388,-58
470,11.9643,-53
471,11.9898,-53
472,12.0153,-58
473,12.0408,-54
474,12.0663,-54
475,12.0918,-56
476,12.1173,-56
477,12.1429,-55
478,12.1684,-55
479,12.1939,-59
480,12.2194,-52
481,12.2449,-52
482,12.2704,-57
483,12.2959,-57
484,12.3214,-55
485,12.3469,-55
486,12.3724,-52
487,12.3980,-52
488,12.4235,-52
489,12.4490,-55
490,12.4745,-55
491,12.5000,-55
492,12.5255,-55
493,12.5510,-52
494,12.5765,-52
495,12.6020,-52
496,12.6276,-56
497,12.6531,-56
498,12.6786,-55
499,12.7041,-55
500,12.7296,-54
501,12.7551,-54
502,12.7806,-53
503,12.8061,-55
504,12.8316,-55
505,12.8571,-56
506,12.8827,-56
507,12.9082,-53
508,12.9337,-53
509,12.9592,-53
510,12.9847,-56
511,13.0102,-56
512,13.0357,-57
513,13.0612,-57
514,13.0867,-52
515,13.1122,-52
516,13.1378,-55
517,13.1633,-55
518,13.1888,-55
519,13.2143,-58
520,13.2398,-58
521,13.2653,-53
522,13.2908,-53
523,13.3163,-56
524,13.3418,-56
525,13.3673,-55
526,13.3929,-58
527,13.4184,-58
528,13.4439,-55
529,13.4694,-55
530,13.4949,-58
531,13.5204,-58
532,13.5459,-54
533,13.5714,-58
534,13.5969,-58
535,13.6224,-54
536,13.6480,-54
537,13.6735,-57
538,13.6990,-57
539,13.7245,-55
540,13.7500,-57
541,13.7755,-57
542,13.8010,-54
543,13.8265,-54
544,13.8520,-58
545,13.8776,-58
546,13.9031,-52
547,13.9286,-57
548,13.9541,-57
549,13.9796,-55
550,14.0051,-55
551,14.0306,-53
552,14.0561,-53
553,14.0816,-52
554,14.1071,-52
555,14.1327,-56
556,14.1582,-56
557,14.1837,-56
558,14.2092,-52
559,14.2347,-52
560,14.2602,-52
561,14.2857,-52
562,14.3112,-56
563,14.3367,-55
564,14.3622,-55
565,14.3878,-53
566,14.4133,-53
567,14.4388,-55
568,14.4643,-55
569,14.4898,-56
570,14.5153,-56
571,14.5408,-56
572,14.5663,-52
573,14.5918,-52
574,14.6173,-54
575,14.6429,-54
576,14.6684,-56
577,14.6939,-57
578,14.7194,-57
579,14.7449,-54
580,14.7704,-54
581,14.7959,-55
582,14.8214,-55
583,14.8469,-55
584,14.8724,-58
585,14.8980,-58
586,14.9235,-53
587,14.9490,-53
588,14.9745,-56
589,15.0000,-56
590,15.0255,-55
591,15.0510,-55
592,15.0765,-58
593,15.1020,-53
594,15.1276,-53
595,15.1531,-58
596,15.1786,-58
597,15.2041,-54
598,15.2296,-54
599,15.2551,-58
600,15.2806,-54
601,15.3061,-54
602,15.3316,-57
603,15.3571,-57
604,15.3827,-54
605,15.4082,-54
606,15.4337,-56
607,15.4592,-55
608,15.4847,-55
609,15.5102,-58
610,15.5357,-58
611,15.5612,-52
612,15.5867,-52
613,15.6122,-58
614,15.6378,-54
615,15.6633,-54
616,15.6888,-52
617,15.7143,-52
618,15.7398,-52
619,15.7653,-52
620,15.7908,-56
621,15.8163,-56
622,15.8418,-56
623,15.8673,-52
624,15.8929,-52
625,15.9184,-52
626,15.9439,-52
627,15.9694,-56
628,15.9949,-56
629,16.0204,-56
630,16.0459,-54
631,16.0714,-54
632,16.0969,-54
633,16.1224,-54
634,16.1480,-56
635,16.1735,-56
636,16.1990,-57
637,16.2245,-53
638,16.2500,-53
639,16.2755,-54
640,16.3010,-54
641,16.3265,-56
642,16.3520,-56
643,16.3776,-57
644,16.4031,-54
645,16.4286,-54
646,16.4541,-55
647,16.4796,-55
648,16.5051,-55
649,16.5306,-55
650,16.5561,-58
651,16.5816,-53
652,16.6071,-53
653,16.6327,-56
654,16.6582,-56
655,16.6837,-55
656,16.7092,-55
657,16.7347,-58
658,16.7602,-54
659,16.7857,-54
660,16.8112,-58
661,16.8367,-58
662,16.8622,-54
663,16.8878,-54
664,16.9133,-58
665,16.9388,-58
666,16.9643,-54
667,16.9898,-57
668,17.0153,-57
669,17.0408,-55
670,17.0663,-55
671,17.0918,-57
672,17.1173,-57
673,17.1429,-54
674,17.1684,-58
675,17.1939,-58
676,17.2194,-51
677,17.2449,-51
678,17.2704,-57
679,17.2959,-57
680,17.3214,-54
681,17.3469,-54
682,17.3724,-54
683,17.3980,-52
684,17.4235,-52
685,17.4490,-56
686,17.4745,-56
687,17.5000,-57
688,17.5255,-53
689,17.5510,-53
690,17.5765,-52
691,17.6020,-52
692,17.6276,-56
693,17.6531,-56
694,17.6786,-55
695,17.7041,-54
696,17.7296,-54
697,17.7551,-53
698,17.7806,-53
699,17.8061,-75
700,17.8316,-75
701,17.8571,-56
702,17.8827,-56
703,17.9082,-53
704,17.9337,-54
705,17.9592,-54
706,17.9847,-56
707,18.0102,-56
708,18.0357,-56
709,18.0612,-56
710,18.0867,-54
711,18.1122,-56
712,18.1378,-56
713,18.1633,-55
714,18.1888,-55
715,18.2143,-58
716,18.2398,-58
717,18.2653,-53
718,18.2908,-56
719,18.3163,-56
720,18.3418,-55
721,18.3673,-55
722,18.3929,-57
723,18.4184,-57
724,18.4439,-55
725,18.4694,-58
726,18.4949,-58
727,18.5204,-54
728,18.5459,-54
729,18.5714,-58
730,18.5969,-58
731,18.6224,-54
732,18.6480,-60
733,18.6735,-60
734,18.6990,-55
735,18.7245,-55
736,18.7500,-56
737,18.7755,-56
738,18.8010,-52
739,18.8265,-52
740,18.8520,-57
741,18.8776,-51
742,18.9031,-51
743,18.9286,-56
744,18.9541,-56
745,18.9796,-52
746,19.0051,-52
747,19.0306,-52
748,19.0561,-47
749,19.0816,-47
750,19.1071,-53
751,19.1327,-53
752,19.1582,-53
753,19.1837,-53
754,19.2092,-45
755,19.2347,-50
756,19.2602,-50
757,19.2857,-51
758,19.3112,-51
759,19.3367,-46
760,19.3622,-46
761,19.3878,-47
762,19.4133,-52
763,19.4388,-52
764,19.4643,-46
765,19.4898,-46
766,19.5153,-51
767,19.5408,-51
768,19.5663,-49
769,19.5918,-56
770,19.6173,-56
771,19.6429,-47
772,19.6684,-47
773,19.6939,-50
774,19.7194,-50
775,19.7449,-46
776,19.7704,-46
777,19.7959,-56
778,19.8214,-45
779,19.8469,-45
780,19.8724,-52
781,19.8980,-52
782,19.9235,-45
783,19.9490,-45
784,19.9745,-53
785,20.0000,-46
786,20.0255,-46
787,20.0510,-51
788,20.0765,-51
789,20.1020,-46
790,20.1276,-46
791,20.1531,-52
792,20.1786,-50
793,20.2041,-50
794,20.2296,-53
795,20.2551,-53
796,20.2806,-47
797,20.3061,-47
798,20.3316,-54
799,20.3571,-51
800,20.3827,-51
801,20.4082,-54
802,20.4337,-54
803,20.4592,-51
804,20.4847,-51
805,20.5102,-57
806,20.5357,-57
807,20.5612,-50
808,20.5867,-55
809,20.6122,-55
810,20.6378,-51
811,20.6633,-51
812,20.6888,-50
813,20.7143,-50
814,20.7398,-51
815,20.7653,-54
816,20.7908,-54
817,20.8163,-53
818,20.8418,-53
819,20.8673,-46
820,20.8929,-46
821,20.9184,-51
822,20.9439,-54
823,20.9694,-54
824,20.9949,-53
825,21.0204,-53
826,21.0459,-46
827,21.0714,-46
828,21.0969,-53
829,21.1224,-53
830,21.1480,-53
831,21.1735,-53
832,21.1990,-53
833,21.2245,-46
834,21.2500,-46
835,21.2755,-52
836,21.3010,-51
837,21.3265,-51
838,21.3520,-51
839,21.3776,-51
840,21.4031,-44
841,21.4286,-44
842,21.4541,-51
843,21.4796,-51
844,21.5051,-49
845,21.5306,-51
846,21.5561,-51
847,21.5816,-44
848,21.6071,-44
849,21.6327,-52
850,21.6582,-52
851,21.6837,-52
852,21.7092,-46
853,21.7347,-46
854,21.7602,-45
855,21.7857,-45
856,21.8112,-51
857,21.8367,-51
858,21.8622,-44
859,21.8878,-50
860,21.9133,-50
861,21.9388,-46
862,21.9643,-46
863,21.9898,-52
864,22.0153,-52
865,22.0408,-46
866,22.0663,-52
867,22.0918,-52
868,22.1173,-51
869,22.1429,-51
870,22.1684,-51
871,22.1939,-51
872,22.2194,-45
873,22.2449,-54
874,22.2704,-54
875,22.2959,-47
876,22.3214,-47
877,22.3469,-45
878,22.3724,-45
879,22.3980,-45
880,22.4235,-45
881,22.4490,-53
882,22.4745,-46
883,22.5000,-46
884,22.5255,-44
885,22.5510,-44
886,22.5765,-45
887,22.6020,-45
888,22.6276,-51
889,22.6531,-44
890,22.6786,-44
891,22.7041,-44
892,22.7296,-44
893,22.7551,-46
894,22.7806,-46
895,22.8061,-51
896,22.8316,-50
897,22.8571,-50
898,22.8827,-44
899,22.9082,-44
900,22.9337,-46
901,22.9592,-46
902,22.9847,-51
903,23.0102,-50
904,23.0357,-50
905,23.0612,-45
906,23.0867,-45
907,23.1122,-51
908,23.1378,-51
909,23.1633,-51
910,23.1888,-51
911,23.2143,-52
912,23.2398,-45
913,23.2653,-45
914,23.2908,-51
915,23.3163,-51
916,23.3418,-51
917,23.3673,-51
918,23.3929,-53
919,23.4184,-47
920,23.4439,-47
921,23.4694,-55
922,23.4949,-55
923,23.5204,-51
924,23.5459,-51
925,23.5714,-53
926,23.5969,-50
927,23.6224,-50
928,23.6480,-53
929,23.6735,-53
930,23.6990,-50
931,23.7245,-50
932,23.7500,-52
933,23.7755,-50
934,23.8010,-50
935,23.8265,-53
936,23.8520,-53
937,23.8776,-45
938,23.9031,-45
939,23.9286,-52
940,23.9541,-49
941,23.9796,-49
942,24.0051,-45
943,24.0306,-45
944,24.0561,-44
945,24.0816,-44
946,24.1071,-51
947,24.1327,-51
948,24.1582,-46
949,24.1837,-43
950,24.2092,-43
951,24.2347,-43
952,24.2602,-43
953,24.2857,-46
954,24.3112,-46
955,24.3367,-44
956,24.3622,-44
957,24.3878,-44
958,24.4133,-45
959,24.4388,-45
960,24.4643,-46
961,24.4898,-46
962,24.5153,-44
963,24.5408,-47
964,24.5663,-47
965,24.5918,-45
966,24.6173,-45
967,24.6429,-64
968,24.6684,-64
969,24.6939,-44
970,24.7194,-48
971,24.7449,-48
972,24.7704,-46
973,24.7959,-46
974,24.8214,-46
975,24.8469,-46
976,24.8724,-46
977,24.8980,-47
978,24.9235,-47
979,24.9490,-49
980,24.9745,-49
981,25.0000,-46
982,25.0255,-46
983,25.0510,-47
984,25.0765,-47
985,25.1020,-46
986,25.1276,-51
987,25.1531,-51
988,25.1786,-44
989,25.2041,-44
990,25.2296,-51
991,25.2551,-51
992,25.2806,-49
993,25.3061,-51
994,25.3316,-51
995,25.3571,-47
996,25.3827,-47
997,25.4082,-51
998,25.4337,-51
999,25.4592,-45
1000,25.4847,-52
1001,25.5102,-52
1002,25.5357,-44
1003,25.5612,-44
1004,25.5867,-52
1005,25.6122,-52
1006,25.6378,-45
1007,25.6633,-49
1008,25.6888,-49
1009,25.7143,-44
1010,25.7398,-44
1011,25.7653,-51
1012,25.7908,-51
1013,25.8163,-46
1014,25.8418,-44
1015,25.8673,-44
1016,25.8929,-44
1017,25.9184,-44
1018,25.9439,-51
1019,25.9694,-51
1020,25.9949,-46
1021,26.0204,-46
1022,26.0459,-49
1023,26.0714,-45
1024,26.0969,-45
1025,26.1224,-47
1026,26.1480,-47
1027,26.1735,-45
1028,26.1990,-45
1029,26.2245,-45
1030,26.2500,-45
1031,26.2755,-45
1032,26.3010,-51
1033,26.3265,-51
1034,26.3520,-46
1035,26.3776,-46
1036,26.4031,-44
1037,26.4286,-46
1038,26.4541,-46
1039,26.4796,-46
1040,26.5051,-46
1041,26.5306,-47
1042,26.5561,-47
1043,26.5816,-44
1044,26.6071,-50
1045,26.6327,-50
1046,26.6582,-47
1047,26.6837,-47
1048,26.7092,-51
1049,26.7347,-51
1050,26.7602,-45
1051,26.7857,-52
1052,26.8112,-52
1053,26.8367,-45
1054,26.8622,-45
1055,26.8878,-51
1056,26.9133,-51
1057,26.9388,-45
1058,26.9643,-45
1059,26.9898,-51
1060,27.0153,-46
1061,27.0408,-46
1062,27.0663,-51
1063,27.0918,-51
1064,27.1173,-45
1065,27.1429,-45
1066,27.1684,-52
1067,27.1939,-44
1068,27.2194,-44
1069,27.2449,-52
1070,27.2704,-52
1071,27.2959,-45
1072,27.3214,-45
1073,27.3469,-44
1074,27.3724,-47
1075,27.3980,-47
1076,27.4235,-50
1077,27.4490,-50
1078,27.4745,-47
1079,27.5000,-47
1080,27.5255,-44
1081,27.5510,-44
1082,27.5765,-44
1083,27.6020,-51
1084,27.6276,-51
1085,27.6531,-45
1086,27.6786,-45
1087,27.7041,-45
1088,27.7296,-45
1089,27.7551,-46
1090,27.7806,-49
1091,27.8061,-49
1092,27.8316,-45
1093,27.8571,-45
1094,27.8827,-44
1095,27.9082,-44
1096,27.9337,-48
1097,27.9592,-47
1098,27.9847,-47
1099,28.0102,-46
1100,28.0357,-46
1101,28.0612,-44
1102,28.0867,-44
1103,28.1122,-46
1104,28.1378,-49
1105,28.1633,-49
1106,28.1888,-47
1107,28.2143,-47
1108,28.2398,-45
1109,28.2653,-45
1110,28.2908,-47
1111,28.3163,-49
1112,28.3418,-49
1113,28.3673,-47
1114,28.3929,-47
1115,28.4184,-45
1116,28.4439,-45
1117,28.4694,-52
1118,28.4949,-44
1119,28.5204,-44
1120,28.5459,-51
1121,28.5714,-51
1122,28.5969,-45
1123,28.6224,-45
1124,28.6480,-52
1125,28.6735,-52
1126,28.6990,-48
1127,28.7245,-50
1128,28.7500,-50
1129,28.7755,-45
1130,28.8010,-45
1131,28.8265,-50
1132,28.8520,-50
1133,28.8776,-50
1134,28.9031,-47
1135,28.9286,-47
1136,28.9541,-45
1137,28.9796,-45
1138,29.0051,-43
1139,29.0306,-43
1140,29.0561,-43
1141,29.0816,-50
1142,29.1071,-50
1143,29.1327,-47
1144,29.1582,-47
1145,29.1837,-44
1146,29.2092,-44
1147,29.2347,-45
1148,29.2602,-51
1149,29.2857,-51
1150,29.3112,-46
1151,29.3367,-46
1152,29.3622,-45
1153,29.3878,-45
1154,29.4133,-46
1155,29.4388,-50
1156,29.4643,-50
1157,29.4898,-46
1158,29.5153,-46
1159,29.5408,-43
1160,29.5663,-43
1161,29.5918,-45
1162,29.6173,-45
1163,29.6429,-51
1164,29.6684,-45
1165,29.6939,-45
1166,29.7194,-44
1167,29.7449,-44
1168,29.7704,-47
1169,29.7959,-47
1170,29.8214,-50
1171,29.8469,-52
1172,29.8724,-52
1173,29.8980,-45
1174,29.9235,-45
1175,29.9490,-52
1176,29.9745,-52
1177,30.0000,-51
1178,30.0255,-53
1179,30.0510,-53
1180,30.0765,-47
1181,30.1020,-47
1182,30.1276,-53
1183,30.1531,-53
1184,30.1786,-50
1185,30.2041,-54
1186,30.2296,-54
1187,30.2551,-46
1188,30.2806,-46
1189,30.3061,-54
1190,30.3316,-54
1191,30.3571,-48
1192,30.3827,-48
1193,30.4082,-53
1194,30.4337,-46
1195,30.4592,-46
1196,30.4847,-55
1197,30.5102,-55
1198,30.5357,-46
1199,30.5612,-46
1200,30.5867,-54
1201,30.6122,-50
1202,30.6378,-50
1203,30.6633,-46
1204,30.6888,-46
1205,30.7143,-46
1206,30.7398,-46
1207,30.7653,-52
1208,30.7908,-52
1209,30.8163,-52
1210,30.8418,-45
1211,30.8673,-45
1212,30.8929,-47
1213,30.9184,-47
1214,30.9439,-52
1215,30.9694,-50
1216,30.9949,-50
1217,31.0204,-47
1218,31.0459,-47
1219,31.0714,-47
1220,31.0969,-47
1221,31.1224,-51
1222,31.1480,-51
1223,31.1735,-51
1224,31.1990,-45
1225,31.2245,-45
1226,31.2500,-50
1227,31.2755,-50
1228,31.3010,-52
1229,31.3265,-52
1230,31.3520,-51
1231,31.3776,-46
1232,31.4031,-46
1233,31.4286,-51
1234,31.4541,-51
1235,31.4796,-51
1236,31.5051,-51
1237,31.5306,-52
1238,31.5561,-45
1239,31.5816,-45
1240,31.6071,-51
1241,31.6327,-51
1242,31.6582,-51
1243,31.6837,-51
1244,31.7092,-52
1245,31.7347,-51
1246,31.7602,-51
1247,31.7857,-53
1248,31.8112,-53
1249,31.8367,-50
1250,31.8622,-50
1251,31.8878,-54
1252,31.9133,-50
1253,31.9388,-50
1254,31.9643,-53
1255,31.9898,-53
1256,32.0153,-51
1257,32.0408,-51
1258,32.0663,-53
1259,32.0918,-51
1260,32.1173,-51
1261,32.1429,-53
1262,32.1684,-53
1263,32.1939,-49
1264,32.2194,-49
1265,32.2449,-54
1266,32.2704,-54
1267,32.2959,-50
1268,32.3214,-46
1269,32.3469,-46
1270,32.3724,-46
1271,32.3980,-46
1272,32.4235,-52
1273,32.4490,-52
1274,32.4745,-52
1275,32.5000,-45
1276,32.5255,-45
1277,32.5510,-47
1278,32.5765,-47
1279,32.6020,-52
1280,32.6276,-52
1281,32.6531,-51
1282,32.6786,-50
1283,32.7041,-50
1284,32.7296,-48
1285,32.7551,-48
1286,32.7806,-51
1287,32.8061,-51
1288,32.8316,-51
1289,32.8571,-49
1290,32.8827,-49
1291,32.9082,-50
1292,32.9337,-50
1293,32.9592,-52
1294,32.9847,-52
1295,33.0102,-52
1296,33.0357,-49
1297,33.0612,-49
1298,33.0867,-51
1299,33.1122,-51
1300,33.1378,-51
1301,33.1633,-51
1302,33.1888,-53
1303,33.2143,-53
1304,33.2398,-49
1305,33.2653,-51
1306,33.2908,-51
1307,33.3163,-51
1308,33.3418,-51
1309,33.3673,-53
1310,33.3929,-53
1311,33.4184,-50
1312,33.4439,-54
1313,33.4694,-54
1314,33.4949,-50
1315,33.5204,-50
1316,33.5459,-54
1317,33.5714,-54
1318,33.5969,-50
1319,33.6224,-54
1320,33.6480,-54
1321,33.6735,-51
1322,33.6990,-51
1323,33.7245,-52
1324,33.7500,-52
1325,33.7755,-47
1326,33.8010,-54
1327,33.8265,-54
1328,33.8520,-47
1329,33.8776,-47
1330,33.9031,-54
1331,33.9286,-54
1332,33.9541,-50
1333,33.9796,-49
1334,34.0051,-49
1335,34.0306,-46
1336,34.0561,-46
1337,34.0816,-52
1338,34.1071,-52
1339,34.1327,-52
1340,34.1582,-52
1341,34.1837,-49
1342,34.2092,-46
1343,34.2347,-46
1344,34.2602,-52
1345,34.2857,-52
1346,34.3112,-51
1347,34.3367,-51
1348,34.3622,-49
1349,34.3878,-47
1350,34.4133,-47
1351,34.4388,-51
1352,34.4643,-51
1353,34.4898,-51
1354,34.5153,-51
1355,34.5408,-44
1356,34.5663,-50
1357,34.5918,-50
1358,34.6173,-52
1359,34.6429,-52
1360,34.6684,-51
1361,34.6939,-51
1362,34.7194,-45
1363,34.7449,-51
1364,34.7704,-51
1365,34.7959,-51
1366,34.8214,-51
1367,34.8469,-53
1368,34.8724,-53
1369,34.8980,-45
1370,34.9235,-51
1371,34.9490,-51
1372,34.9745,-51
1373,35.0000,-51
1374,35.0255,-53
1375,35.0510,-53
1376,35.0765,-47
1377,35.1020,-47
1378,35.1276,-54
1379,35.1531,-50
1380,35.1786,-50
1381,35.2041,-54
1382,35.2296,-54
1383,35.2551,-46
1384,35.2806,-46
1385,35.3061,-54
1386,35.3316,-51
1387,35.3571,-51
1388,35.3827,-53
1389,35.4082,-53
1390,35.4337,-46
1391,35.4592,-46
1392,35.4847,-54
1393,35.5102,-49
1394,35.5357,-49
1395,35.5612,-53
1396,35.5867,-53
1397,35.6122,-50
1398,35.6378,-50
1399,35.6633,-45
1400,35.6888,-46
1401,35.7143,-46
1402,35.7398,-52
1403,35.7653,-52
1404,35.7908,-51
1405,35.8163,-51
1406,35.8418,-44
1407,35.8673,-49
1408,35.8929,-49
1409,35.9184,-52
1410,35.9439,-52
1411,35.9694,-51
1412,35.9949,-51
1413,36.0204,-46
1414,36.0459,-46
1415,36.0714,-48
1416,36.0969,-51
1417,36.1224,-51
1418,36.1480,-51
1419,36.1735,-51
1420,36.1990,-45
1421,36.2245,-45
1422,36.2500,-45
1423,36.2755,-52
1424,36.3010,-52
1425,36.3265,-51
1426,36.3520,-51
1427,36.3776,-46
1428,36.4031,-46
1429,36.4286,-51
1430,36.4541,-50
1431,36.4796,-50
1432,36.5051,-54
1433,36.5306,-54
1434,36.5561,-45
1435,36.5816,-45
1436,36.6071,-51
1437,36.6327,-51
1438,36.6582,-51
1439,36.6837,-53
1440,36.7092,-53
1441,36.7347,-46
1442,36.7602,-46
1443,36.7857,-53
1444,36.8112,-53
1445,36.8367,-53
1446,36.8622,-54
1447,36.8878,-54
1448,36.9133,-50
1449,36.9388,-50
1450,36.9643,-53
1451,36.9898,-53
1452,37.0153,-51
1453,37.0408,-53
1454,37.0663,-53
1455,37.0918,-47
1456,37.1173,-47
1457,37.1429,-54
1458,37.1684,-54
1459,37.1939,-49
1460,37.2194,-55
1461,37.2449,-55
1462,37.2704,-51
1463,37.2959,-51
1464,37.3214,-46
1465,37.3469,-46
1466,37.3724,-49
1467,37.3980,-52
1468,37.4235,-52
1469,37.4490,-51
1470,37.4745,-51
1471,37.5000,-45
1472,37.5255,-45
1473,37.5510,-46
1474,37.5765,-52
1475,37.6020,-52
1476,37.6276,-51
1477,37.6531,-51
1478,37.6786,-46
1479,37.7041,-46
1480,37.7296,-50
1481,37.7551,-50
1482,37.7806,-51
1483,37.8061,-52
1484,37.8316,-52
1485,37.8571,-45
1486,37.8827,-45
1487,37.9082,-50
1488,37.9337,-50
1489,37.9592,-52
1490,37.9847,-52
1491,38.0102,-52
1492,38.0357,-45
1493,38.0612,-45
1494,38.0867,-51
1495,38.1122,-51
1496,38.1378,-51
1497,38.1633,-53
1498,38.1888,-53
1499,38.2143,-45
1500,38.2398,-45
1501,38.2653,-52
1502,38.2908,-52
1503,38.3163,-51
1504,38.3418,-53
1505,38.3673,-53
1506,38.3929,-46
1507,38.4184,-46
1508,38.4439,-53
1509,38.4694,-53
1510,38.4949,-50
1511,38.5204,-54
1512,38.5459,-54
1513,38.5714,-46
1514,38.5969,-46
1515,38.6224,-53
1516,38.6480,-53
1517,38.6735,-51
1518,38.6990,-51
1519,38.7245,-54
1520,38.7500,-46
1521,38.7755,-46
1522,38.8010,-53
1523,38.8265,-53
1524,38.8520,-46
1525,38.8776,-46
1526,38.9031,-54
1527,38.9286,-50
1528,38.9541,-50
1529,38.9796,-45
1530,39.0051,-45
1531,39.0306,-46
1532,39.0561,-46
1533,39.0816,-87
1534,39.1071,-52
1535,39.1327,-52
1536,39.1582,-45
1537,39.1837,-45
1538,39.2092,-46
1539,39.2347,-46
1540,39.2602,-52
1541,39.2857,-51
1542,39.3112,-51
1543,39.3367,-46
1544,39.3622,-46
1545,39.3878,-50
1546,39.4133,-50
1547,39.4388,-51
1548,39.4643,-51
1549,39.4898,-51
1550,39.5153,-44
1551,39.5408,-44
1552,39.5663,-50
1553,39.5918,-50
1554,39.6173,-52
1555,39.6429,-52
1556,39.6684,-51
1557,39.6939,-45
1558,39.7194,-45
1559,39.7449,-51
1560,39.7704,-51
1561,39.7959,-51
1562,39.8214,-51
1563,39.8469,-52
1564,39.8724,-45
1565,39.8980,-45
1566,39.9235,-52
1567,39.9490,-52
1568,39.9745,-50
1569,40.0000,-50
1570,40.0255,-52
1571,40.0510,-50
1572,40.0765,-50
1573,40.1020,-53
1574,40.1276,-53
1575,40.1531,-53
1576,40.1786,-53
1577,40.2041,-53
1578,40.2296,-46
1579,40.2551,-46
1580,40.2806,-53
1581,40.3061,-53
1582,40.3316,-51
1583,40.3571,-51
1584,40.3827,-76
1585,40.4082,-47
1586,40.4337,-46
1587,40.4592,-53
1588,40.4847,-53
1589,40.5102,-46
1590,40.5357,-46
1591,40.5612,-80
1592,40.5867,-80
1593,40.6122,-50
1594,40.6378,-49
1595,40.6633,-49
1596,40.6888,-46
1597,40.7143,-46
1598,40.7398,-83
1599,40.7653,-83
1600,40.7908,-52
1601,40.8163,-48
1602,40.8418,-48
1603,40.8673,-46
1604,40.8929,-46
1605,40.9184,-51
1606,40.9439,-51
1607,40.9694,-51
1608,40.9949,-46
1609,41.0204,-46
1610,41.0459,-51
1611,41.0714,-51
1612,41.0969,-51
1613,41.1224,-51
1614,41.1480,-51
1615,41.1735,-48
1616,41.1990,-48
1617,41.2245,-50
1618,41.2500,-50
1619,41.2755,-52
1620,41.3010,-52
1621,41.3265,-51
1622,41.3520,-49
1623,41.3776,-49
1624,41.4031,-51
1625,41.4286,-51
1626,41.4541,-51
1627,41.4796,-51
1628,41.5051,-53
1629,41.5306,-53
1630,41.5561,-45
1631,41.5816,-52
1632,41.6071,-52
1633,41.6327,-51
1634,41.6582,-51
1635,41.6837,-52
1636,41.7092,-52
1637,41.7347,-46
1638,41.7602,-55
1639,41.7857,-55
1640,41.8112,-50
1641,41.8367,-50
1642,41.8622,-54
1643,41.8878,-54
1644,41.9133,-50
1645,41.9388,-53
1646,41.9643,-53
1647,41.9898,-51
1648,42.0153,-51
1649,42.0408,-53
1650,42.0663,-53
1651,42.0918,-51
1652,42.1173,-54
1653,42.1429,-54
1654,42.1684,-47
1655,42.1939,-47
1656,42.2194,-53
1657,42.2449,-53
1658,42.2704,-48
1659,42.2959,-49
1660,42.3214,-49
1661,42.3469,-47
1662,42.3724,-47
1663,42.3980,-51
1664,42.4235,-51
1665,42.4490,-52
1666,42.4745,-52
1667,42.5000,-44
1668,42.5255,-47
1669,42.5510,-47
1670,42.5765,-52
1671,42.6020,-52
1672,42.6276,-51
1673,42.6531,-51
1674,42.6786,-50
1675,42.7041,-47
1676,42.7296,-47
1677,42.7551,-50
1678,42.7806,-50
1679,42.8061,-52
1680,42.8316,-52
1681,42.8571,-50
1682,42.8827,-52
1683,42.9082,-52
1684,42.9337,-53
1685,42.9592,-53
1686,42.9847,-52
1687,43.0102,-52
1688,43.0357,-47
1689,43.0612,-55
1690,43.0867,-55
1691,43.1122,-52
1692,43.1378,-52
1693,43.1633,-55
1694,43.1888,-55
1695,43.2143,-51
1696,43.2398,-55
1697,43.2653,-55
1698,43.2908,-52
1699,43.3163,-52
1700,43.3418,-55
1701,43.3673,-55
1702,43.3929,-51
1703,43.4184,-51
1704,43.4439,-56
1705,43.4694,-51
1706,43.4949,-51
1707,43.5204,-56
1708,43.5459,-56
1709,43.5714,-51
1710,43.5969,-51
1711,43.6224,-55
1712,43.6480,-54
1713,43.6735,-54
1714,43.6990,-56
1715,43.7245,-56
1716,43.7500,-52
1717,43.7755,-52
1718,43.8010,-56
1719,43.8265,-51
1720,43.8520,-51
1721,43.8776,-57
1722,43.9031,-57
1723,43.9286,-52
1724,43.9541,-52
1725,43.9796,-52
1726,44.0051,-52
1727,44.0306,-52
1728,44.0561,-54
1729,44.0816,-54
1730,44.1071,-53
1731,44.1327,-53
1732,44.1582,-46
1733,44.1837,-51
1734,44.2092,-51
1735,44.2347,-53
1736,44.2602,-53
1737,44.2857,-52
1738,44.3112,-52
1739,44.3367,-46
1740,44.3622,-46
1741,44.3878,-53
1742,44.4133,-52
1743,44.4388,-52
1744,44.4643,-54
1745,44.4898,-54
1746,44.5153,-51
1747,44.5408,-51
1748,44.5663,-54
1749,44.5918,-51
1750,44.6173,-51
1751,44.6429,-51
1752,44.6684,-51
1753,44.6939,-44
1754,44.7194,-44
1755,44.7449,-53
1756,44.7704,-50
1757,44.7959,-50
1758,44.8214,-53
1759,44.8469,-53
1760,44.8724,-45
1761,44.8980,-45
1762,44.9235,-52
1763,44.9490,-51
1764,44.9745,-51
1765,45.0000,-53
1766,45.0255,-53
1767,45.0510,-46
1768,45.0765,-46
1769,45.1020,-54
1770,45.1276,-51
1771,45.1531,-51
1772,45.1786,-54
1773,45.2041,-54
1774,45.2296,-51
1775,45.2551,-51
1776,45.2806,-54
1777,45.3061,-54
1778,45.3316,-53
1779,45.3571,-55
1780,45.3827,-55
1781,45.4082,-52
1782,45.4337,-52
1783,45.4592,-57
1784,45.4847,-57
1785,45.5102,-51
1786,45.5357,-56
1787,45.5612,-56
1788,45.5867,-52
1789,45.6122,-52
1790,45.6378,-51
1791,45.6633,-51
1792,45.6888,-53
1793,45.7143,-54
1794,45.7398,-54
1795,45.7653,-55
1796,45.7908,-55
1797,45.8163,-51
1798,45.8418,-51
1799,45.8673,-54
1800,45.8929,-56
1801,45.9184,-56
1802,45.9439,-55
1803,45.9694,-55
1804,45.9949,-53
1805,46.0204,-53
1806,46.0459,-57
1807,46.0714,-54
1808,46.0969,-54
1809,46.1224,-56
1810,46.1480,-56
1811,46.1735,-51
1812,46.1990,-51
1813,46.2245,-57
1814,46.2500,-57
1815,46.2755,-55
1816,46.3010,-56
1817,46.3265,-56
1818,46.3520,-52
1819,46.3776,-52
1820,46.4031,-58
1821,46.4286,-58
1822,46.4541,-54
1823,46.4796,-58
1824,46.5051,-58
1825,46.5306,-52
1826,46.5561,-52
1827,46.5816,-58
1828,46.6071,-58
1829,46.6327,-54
1830,46.6582,-57
1831,46.6837,-57
1832,46.7092,-53
1833,46.7347,-53
1834,46.7602,-59
1835,46.7857,-59
1836,46.8112,-54
1837,46.8367,-58
1838,46.8622,-58
1839,46.8878,-54
1840,46.9133,-54
1841,46.9388,-58
1842,46.9643,-58
1843,46.9898,-56
1844,47.0153,-56
1845,47.0408,-56
1846,47.0663,-54
1847,47.0918,-54
1848,47.1173,-59
1849,47.1429,-59
1850,47.1684,-53
1851,47.1939,-53
1852,47.2194,-58
1853,47.2449,-54
1854,47.2704,-54
1855,47.2959,-52
1856,47.3214,-52
1857,47.3469,-54
1858,47.3724,-54
1859,47.3980,-56
1860,47.4235,-56
1861,47.4490,-56
1862,47.4745,-52
1863,47.5000,-52
1864,47.5255,-55
1865,47.5510,-55
1866,47.5765,-56
1867,47.6020,-55
1868,47.6276,-55
1869,47.6531,-52
1870,47.6786,-52
1871,47.7041,-57
1872,47.7296,-57
1873,47.7551,-54
1874,47.7806,-56
1875,47.8061,-56
1876,47.8316,-52
1877,47.8571,-52
1878,47.8827,-57
1879,47.9082,-57
1880,47.9337,-56
1881,47.9592,-56
1882,47.9847,-56
1883,48.0102,-52
1884,48.0357,-52
1885,48.0612,-57
1886,48.0867,-57
1887,48.1122,-54
1888,48.1378,-54
1889,48.1633,-57
1890,48.1888,-52
1891,48.2143,-52
1892,48.2398,-57
1893,48.2653,-57
1894,48.2908,-54
1895,48.3163,-54
1896,48.3418,-57
1897,48.3673,-54
1898,48.3929,-54
1899,48.4184,-59
1900,48.4439,-59
1901,48.4694,-54
1902,48.4949,-54
1903,48.5204,-57
1904,48.5459,-54
1905,48.5714,-54
1906,48.5969,-57
1907,48.6224,-57
1908,48.6480,-55
1909,48.6735,-55
1910,48.6990,-56
1911,48.7245,-55
1912,48.7500,-55
1913,48.7755,-57
1914,48.8010,-57
1915,48.8265,-53
1916,48.8520,-53
1917,48.8776,-57
1918,48.9031,-54
1919,48.9286,-54
1920,48.9541,-52
1921,48.9796,-52
1922,49.0051,-54
1923,49.0306,-54
1924,49.0561,-56
1925,49.0816,-56
1926,49.1071,-56
1927,49.1327,-52
1928,49.1582,-52
1929,49.1837,-55
1930,49.2092,-55
1931,49.2347,-56
1932,49.2602,-56
1933,49.2857,-55
1934,49.3112,-52
1935,49.3367,-52
1936,49.3622,-57
1937,49.3878,-57
1938,49.4133,-55
1939,49.4388,-55
1940,49.4643,-56
1941,49.4898,-51
1942,49.5153,-51
1943,49.5408,-57
1944,49.5663,-57
1945,49.5918,-55
1946,49.6173,-55
1947,49.6429,-57
1948,49.6684,-53
1949,49.6939,-53
1950,49.7194,-58
1951,49.7449,-58
1952,49.7704,-55
1953,49.7959,-55
1954,49.8214,-57
1955,49.8469,-52
1956,49.8724,-52
1957,49.8980,-58
1958,49.9235,-58
1959,49.9490,-55
1960,49.9745,-55
1961,50.0000,-57
1962,50.0255,-57
1963,50.0510,-54
1964,50.0765,-59
1965,50.1020,-59
1966,50.1276,-54
1967,50.1531,-54
1968,50.1786,-58
1969,50.2041,-58
1970,50.2296,-54
1971,50.2551,-58
1972,50.2806,-58
1973,50.3061,-55
1974,50.3316,-55
1975,50.3571,-56
1976,50.3827,-56
1977,50.4082,-55
1978,50.4337,-58
1979,50.4592,-58
1980,50.4847,-54
1981,50.5102,-54
1982,50.5357,-57
1983,50.5612,-57
1984,50.5867,-55
1985,50.6122,-53
1986,50.6378,-53
1987,50.6633,-55
1988,50.6888,-55
1989,50.7143,-55
1990,50.7398,-55
1991,50.7653,-56
1992,50.7908,-52
1993,50.8163,-52
1994,50.8418,-55
1995,50.8673,-55
1996,50.8929,-56
1997,50.9184,-56
1998,50.9439,-55
1999,50.9694,-55
2000,50.9949,-52
2001,51.0204,-57
2002,51.0459,-57
2003,51.0714,-55
2004,51.0969,-55
2005,51.1224,-55
2006,51.1480,-55
2007,51.1735,-52
2008,51.1990,-57
2009,51.2245,-57
2010,51.2500,-57
2011,51.2755,-57
2012,51.3010,-56
2013,51.3265,-56
2014,51.3520,-52
2015,51.3776,-58
2016,51.4031,-58
2017,51.4286,-54
2018,51.4541,-54
2019,51.4796,-57
2020,51.5051,-57
2021,51.5306,-52
2022,51.5561,-57
2023,51.5816,-57
2024,51.6071,-55
2025,51.6327,-55
2026,51.6582,-57
2027,51.6837,-57
2028,51.7092,-54
2029,51.7347,-59
2030,51.7602,-59
2031,51.7857,-54
2032,51.8112,-54
2033,51.8367,-57
2034,51.8622,-57
2035,51.8878,-54
2036,51.9133,-54
2037,51.9388,-58
2038,51.9643,-56
2039,51.9898,-56
2040,52.0153,-57
2041,52.0408,-57
2042,52.0663,-55
2043,52.0918,-55
2044,52.1173,-58
2045,52.1429,-53
2046,52.1684,-53
2047,52.1939,-58
2048,52.2194,-58
2049,52.2449,-54
2050,52.2704,-54
2051,52.2959,-52
2052,52.3214,-55
2053,52.3469,-55
2054,52.3724,-56
2055,52.3980,-56
2056,52.4235,-56
2057,52.4490,-56
2058,52.4745,-52
2059,52.5000,-55
2060,52.5255,-55
2061,52.5510,-56
2062,52.5765,-56
2063,52.6020,-55
2064,52.6276,-55
2065,52.6531,-52
2066,52.6786,-57
2067,52.7041,-57
2068,52.7296,-55
2069,52.7551,-55
2070,52.7806,-56
2071,52.8061,-56
2072,52.8316,-51
2073,52.8571,-51
2074,52.8827,-57
2075,52.9082,-55
2076,52.9337,-55
2077,52.9592,-55
2078,52.9847,-55
2079,53.0102,-52
2080,53.0357,-52
2081,53.0612,-58
2082,53.0867,-55
2083,53.1122,-55
2084,53.1378,-58
2085,53.1633,-58
2086,53.1888,-52
2087,53.2143,-52
2088,53.2398,-56
2089,53.2653,-53
2090,53.2908,-53
2091,53.3163,-55
2092,53.3418,-55
2093,53.3673,-52
2094,53.3929,-52
2095,53.4184,-57
2096,53.4439,-51
2097,53.4694,-51
2098,53.4949,-55
2099,53.5204,-55
2100,53.5459,-51
2101,53.5714,-51
2102,53.5969,-53
2103,53.6224,-46
2104,53.6480,-46
2105,53.6735,-51
2106,53.6990,-51
2107,53.7245,-45
2108,53.7500,-45
2109,53.7755,-52
2110,53.8010,-52
2111,53.8265,-44
2112,53.8520,-51
2113,53.8776,-51
2114,53.9031,-44
2115,53.9286,-44
2116,53.9541,-43
2117,53.9796,-43
2118,54.0051,-43
2119,54.0306,-46
2120,54.0561,-46
2121,54.0816,-46
2122,54.1071,-46
2123,54.1327,-43
2124,54.1582,-43
2125,54.1837,-43
2126,54.2092,-47
2127,54.2347,-47
2128,54.2602,-45
2129,54.2857,-45
2130,54.3112,-44
2131,54.3367,-44
2132,54.3622,-43
2133,54.3878,-48
2134,54.4133,-48
2135,54.4388,-44
2136,54.4643,-44
2137,54.4898,-42
2138,54.5153,-42
2139,54.5408,-43
2140,54.5663,-49
2141,54.5918,-49
2142,54.6173,-45
2143,54.6429,-45
2144,54.6684,-43
2145,54.6939,-43
2146,54.7194,-43
2147,54.7449,-43
2148,54.7704,-44
2149,54.7959,-45
2150,54.8214,-45
2151,54.8469,-43
2152,54.8724,-43
2153,54.8980,-44
2154,54.9235,-44
2155,54.9490,-48
2156,54.9745,-45
2157,55.0000,-45
2158,55.0255,-44
2159,55.0510,-44
2160,55.0765,-47
2161,55.1020,-47
2162,55.1276,-43
2163,55.1531,-46
2164,55.1786,-46
2165,55.2041,-44
2166,55.2296,-44
2167,55.2551,-47
2168,55.2806,-47
2169,55.3061,-45
2170,55.3316,-46
2171,55.3571,-46
2172,55.3827,-43
2173,55.4082,-43
2174,55.4337,-50
2175,55.4592,-50
2176,55.4847,-42
2177,55.5102,-50
2178,55.5357,-50
2179,55.5612,-44
2180,55.5867,-44
2181,55.6122,-43
2182,55.6378,-43
2183,55.6633,-43
2184,55.6888,-43
2185,55.7143,-50
2186,55.7398,-46
2187,55.7653,-46
2188,55.7908,-43
2189,55.8163,-43
2190,55.8418,-43
2191,55.8673,-43
2192,55.8929,-43
2193,55.9184,-45
2194,55.9439,-45
2195,55.9694,-45
2196,55.9949,-45
2197,56.0204,-44
2198,56.0459,-44
2199,56.0714,-47
2200,56.0969,-49
2201,56.1224,-49
2202,56.1480,-43
2203,56.1735,-43
2204,56.1990,-43
2205,56.2245,-43
2206,56.2500,-46
2207,56.2755,-45
2208,56.3010,-45
2209,56.3265,-44
2210,56.3520,-44
2211,56.3776,-44
2212,56.4031,-44
2213,56.4286,-45
2214,56.4541,-50
2215,56.4796,-50
2216,56.5051,-43
2217,56.5306,-43
2218,56.5561,-45
2219,56.5816,-45
2220,56.6071,-45
2221,56.6327,-45
2222,56.6582,-45
2223,56.6837,-45
2224,56.7092,-45
2225,56.7347,-47
2226,56.7602,-47
2227,56.7857,-44
2228,56.8112,-44
2229,56.8367,-50
2230,56.8622,-44
2231,56.8878,-44
2232,56.9133,-49
2233,56.9388,-49
2234,56.9643,-45
2235,56.9898,-45
2236,57.0153,-47
2237,57.0408,-49
2238,57.0663,-49
2239,57.0918,-51
2240,57.1173,-51
2241,57.1429,-44
2242,57.1684,-44
2243,57.1939,-51
2244,57.2194,-45
2245,57.2449,-45
2246,57.2704,-44
2247,57.2959,-44
2248,57.3214,-44
2249,57.3469,-44
2250,57.3724,-50
2251,57.3980,-50
2252,57.4235,-49
2253,57.4490,-43
2254,57.4745,-43
2255,57.5000,-43
2256,57.5255,-43
2257,57.5510,-46
2258,57.5765,-46
2259,57.6020,-48
2260,57.6276,-43
2261,57.6531,-43
2262,57.6786,-44
2263,57.7041,-44
2264,57.7296,-46
2265,57.7551,-46
2266,57.7806,-46
2267,57.8061,-43
2268,57.8316,-43
2269,57.8571,-45
2270,57.8827,-45
2271,57.9082,-47
2272,57.9337,-47
2273,57.9592,-45
2274,57.9847,-44
2275,58.0102,-44
2276,58.0357,-47
2277,58.0612,-47
2278,58.0867,-46
2279,58.1122,-46
2280,58.1378,-52
2281,58.1633,-50
2282,58.1888,-50
2283,58.2143,-53
2284,58.2398,-53
2285,58.2653,-52
2286,58.2908,-52
2287,58.3163,-54
2288,58.3418,-54
2289,58.3673,-51
2290,58.3929,-55
2291,58.4184,-55
2292,58.4439,-50
2293,58.4694,-50
2294,58.4949,-55
2295,58.5204,-55
2296,58.5459,-55
2297,58.5714,-55
2298,58.5969,-55
2299,58.6224,-52
2300,58.6480,-52
2301,58.6735,-54
2302,58.6990,-54
2303,58.7245,-51
2304,58.7500,-55
2305,58.7755,-55
2306,58.8010,-50
2307,58.8265,-50
2308,58.8520,-55
2309,58.8776,-55
2310,58.9031,-51
2311,58.9286,-50
2312,58.9541,-50
2313,58.9796,-51
2314,59.0051,-51
2315,59.0306,-53
2316,59.0561,-53
2317,59.0816,-53
2318,59.1071,-45
2319,59.1327,-45
2320,59.1582,-51
2321,59.1837,-51
2322,59.2092,-52
2323,59.2347,-52
2324,59.2602,-51
2325,59.2857,-51
2326,59.3112,-45
2327,59.3367,-52
2328,59.3622,-52
2329,59.3878,-51
2330,59.4133,-51
2331,59.4388,-52
2332,59.4643,-52
2333,59.4898,-45
2334,59.5153,-54
2335,59.5408,-54
2336,59.5663,-53
2337,59.5918,-53
2338,59.6173,-53
2339,59.6429,-53
2340,59.6684,-47
2341,59.6939,-54
2342,59.7194,-54
2343,59.7449,-52
2344,59.7704,-52
2345,59.7959,-53
2346,59.8214,-53
2347,59.8469,-50
2348,59.8724,-52
2349,59.8980,-52
2350,59.9235,-51
2351,59.9490,-51
2352,59.9745,-53
2353,60.0000,-53
2354,60.0255,-48
2355,60.0510,-48
2356,60.0765,-55
2357,60.1020,-50
2358,60.1276,-50
2359,60.1531,-55
2360,60.1786,-55
2361,60.2041,-47
2362,60.2296,-47
2363,60.2551,-54
2364,60.2806,-51
2365,60.3061,-51
2366,60.3316,-54
2367,60.3571,-54
2368,60.3827,-47
2369,60.4082,-47
2370,60.4337,-54
2371,60.4592,-46
2372,60.4847,-46
2373,60.5102,-54
2374,60.5357,-54
2375,60.5612,-50
2376,60.5867,-50
2377,60.6122,-45
2378,60.6378,-49
2379,60.6633,-49
2380,60.6888,-52
2381,60.7143,-52
2382,60.7398,-47
2383,60.7653,-47
2384,60.7908,-43
2385,60.8163,-46
2386,60.8418,-46
2387,60.8673,-51
2388,60.8929,-51
2389,60.9184,-46
2390,60.9439,-46
2391,60.9694,-45
2392,60.9949,-45
2393,61.0204,-47
2394,61.0459,-82
2395,61.0714,-82
2396,61.0969,-47
2397,61.1224,-47
2398,61.1480,-43
2399,61.1735,-43
2400,61.1990,-50
2401,61.2245,-51
2402,61.2500,-51
2403,61.2755,-46
2404,61.3010,-46
2405,61.3265,-44
2406,61.3520,-44
2407,61.3776,-50
2408,61.4031,-46
2409,61.4286,-46
2410,61.4541,-52
2411,61.4796,-52
2412,61.5051,-44
2413,61.5306,-44
2414,61.5561,-51
2415,61.5816,-50
2416,61.6071,-50
2417,61.6327,-53
2418,61.6582,-53
2419,61.6837,-48
2420,61.7092,-48
2421,61.7347,-52
2422,61.7602,-50
2423,61.7857,-50
2424,61.8112,-55
2425,61.8367,-55
2426,61.8622,-52
2427,61.8878,-52
2428,61.9133,-54
2429,61.9388,-54
2430,61.9643,-56
2431,61.9898,-61
2432,62.0153,-61
2433,62.0408,-56
2434,62.0663,-56
2435,62.0918,-58
2436,62.1173,-58
2437,62.1429,-58
2438,62.1684,-58
2439,62.1939,-58
2440,62.2194,-54
2441,62.2449,-54
2442,62.2704,-52
2443,62.2959,-52
2444,62.3214,-56
2445,62.3469,-56
2446,62.3724,-56
2447,62.3980,-57
2448,62.4235,-57
2449,62.4490,-53
2450,62.4745,-53
2451,62.5000,-56
2452,62.5255,-57
2453,62.5510,-57
2454,62.5765,-57
2455,62.6020,-57
2456,62.6276,-55
2457,62.6531,-55
2458,62.6786,-58
2459,62.7041,-57
2460,62.7296,-57
2461,62.7551,-58
2462,62.7806,-58
2463,62.8061,-54
2464,62.8316,-54
2465,62.8571,-58
2466,62.8827,-58
2467,62.9082,-58
2468,62.9337,-58
2469,62.9592,-58
2470,62.9847,-53
2471,63.0102,-53
2472,63.0357,-58
2473,63.0612,-58
2474,63.0867,-57
2475,63.1122,-58
2476,63.1378,-58
2477,63.1633,-55
2478,63.1888,-55
2479,63.2143,-58
2480,63.2398,-58
2481,63.2653,-57
2482,63.2908,-58
2483,63.3163,-58
2484,63.3418,-56
2485,63.3673,-56
2486,63.3929,-59
2487,63.4184,-59
2488,63.4439,-57
2489,63.4694,-58
2490,63.4949,-58
2491,63.5204,-55
2492,63.5459,-55
2493,63.5714,-59
2494,63.5969,-59
2495,63.6224,-57
2496,63.6480,-57
2497,63.6735,-58
2498,63.6990,-55
2499,63.7245,-55
2500,63.7500,-59
2501,63.7755,-59
2502,63.8010,-56
2503,63.8265,-56
2504,63.8520,-58
2505,63.8776,-56
2506,63.9031,-56
2507,63.9286,-53
2508,63.9541,-53
2509,63.9796,-56
2510,64.0051,-56
2511,64.0306,-57
2512,64.0561,-57
2513,64.0816,-57
2514,64.1071,-54
2515,64.1327,-54
2516,64.1582,-57
2517,64.1837,-57
2518,64.2092,-58
2519,64.2347,-56
2520,64.2602,-56
2521,64.2857,-55
2522,64.3112,-55
2523,64.3367,-58
2524,64.3622,-58
2525,64.3878,-57
2526,64.4133,-57
2527,64.4388,-57
2528,64.4643,-54
2529,64.4898,-54
2530,64.5153,-58
2531,64.5408,-58
2532,64.5663,-57
2533,64.5918,-57
2534,64.6173,-57
2535,64.6429,-54
2536,64.6684,-54
2537,64.6939,-58
2538,64.7194,-58
2539,64.7449,-56
2540,64.7704,-56
2541,64.7959,-59
2542,64.8214,-54
2543,64.8469,-54
2544,64.8724,-57
2545,64.8980,-57
2546,64.9235,-56
2547,64.9490,-56
2548,64.9745,-58
2549,65.0000,-55
2550,65.0255,-55
2551,65.0510,-58
2552,65.0765,-58
2553,65.1020,-56
2554,65.1276,-56
2555,65.1531,-58
2556,65.1786,-55
2557,65.2041,-55
2558,65.2296,-58
2559,65.2551,-58
2560,65.2806,-58
2561,65.3061,-58
2562,65.3316,-57
2563,65.3571,-55
2564,65.3827,-55
2565,65.4082,-58
2566,65.4337,-58
2567,65.4592,-55
2568,65.4847,-55
2569,65.5102,-59
2570,65.5357,-59
2571,65.5612,-55
2572,65.5867,-54
2573,65.6122,-54
2574,65.6378,-57
2575,65.6633,-57
2576,65.6888,-57
2577,65.7143,-57
2578,65.7398,-57
2579,65.7653,-53
2580,65.7908,-53
2581,65.8163,-56
2582,65.8418,-56
2583,65.8673,-57
2584,65.8929,-57
2585,65.9184,-56
2586,65.9439,-55
2587,65.9694,-55
2588,65.9949,-58
2589,66.0204,-58
2590,66.0459,-77
2591,66.0714,-77
2592,66.0969,-57
2593,66.1224,-53
2594,66.1480,-53
2595,66.1735,-57
2596,66.1990,-57
2597,66.2245,-57
2598,66.2500,-57
2599,66.2755,-56
2600,66.3010,-54
2601,66.3265,-54
2602,66.3520,-57
2603,66.3776,-57
2604,66.4031,-56
2605,66.4286,-56
2606,66.4541,-58
2607,66.4796,-58
2608,66.5051,-54
2609,66.5306,-58
2610,66.5561,-58
2611,66.5816,-56
2612,66.6071,-56
2613,66.6327,-58
2614,66.6582,-58
2615,66.6837,-58
2616,66.7092,-59
2617,66.7347,-59
2618,66.7602,-56
2619,66.7857,-56
2620,66.8112,-58
2621,66.8367,-58
2622,66.8622,-55
2623,66.8878,-58
2624,66.9133,-58
2625,66.9388,-57
2626,66.9643,-57
2627,66.9898,-58
2628,67.0153,-58
2629,67.0408,-55
2630,67.0663,-58
2631,67.0918,-58
2632,67.1173,-55
2633,67.1429,-55
2634,67.1684,-58
2635,67.1939,-58
2636,67.2194,-56
2637,67.2449,-56
2638,67.2704,-54
2639,67.2959,-56
2640,67.3214,-56
2641,67.3469,-57
2642,67.3724,-57
2643,67.3980,-56
2644,67.4235,-56
2645,67.4490,-53
2646,67.4745,-56
2647,67.5000,-56
2648,67.5255,-58
2649,67.5510,-58
2650,67.5765,-56
2651,67.6020,-56
2652,67.6276,-54
2653,67.6531,-58
2654,67.6786,-58
2655,67.7041,-56
2656,67.7296,-56
2657,67.7551,-57
2658,67.7806,-57
2659,67.8061,-54
2660,67.8316,-56
2661,67.8571,-56
2662,67.8827,-57
2663,67.9082,-57
2664,67.9337,-57
2665,67.9592,-57
2666,67.9847,-54
2667,68.0102,-58
2668,68.0357,-58
2669,68.0612,-56
2670,68.0867,-56
2671,68.1122,-58
2672,68.1378,-58
2673,68.1633,-54
2674,68.1888,-54
2675,68.2143,-57
2676,68.2398,-57
2677,68.2653,-57
2678,68.2908,-57
2679,68.3163,-57
2680,68.3418,-55
2681,68.3673,-55
2682,68.3929,-55
2683,68.4184,-56
2684,68.4439,-56
2685,68.4694,-58
2686,68.4949,-58
2687,68.5204,-56
2688,68.5459,-56
2689,68.5714,-58
2690,68.5969,-57
2691,68.6224,-57
2692,68.6480,-58
2693,68.6735,-58
2694,68.6990,-55
2695,68.7245,-55
2696,68.7500,-58
2697,68.7755,-55
2698,68.8010,-55
2699,68.8265,-59
2700,68.8520,-59
2701,68.8776,-55
2702,68.9031,-55
2703,68.9286,-54
2704,68.9541,-56
2705,68.9796,-56
2706,69.0051,-57
2707,69.0306,-57
2708,69.0561,-57
2709,69.0816,-57
2710,69.1071,-54
2711,69.1327,-54
2712,69.1582,-56
2713,69.1837,-57
2714,69.2092,-57
2715,69.2347,-57
2716,69.2602,-57
2717,69.2857,-54
2718,69.3112,-54
2719,69.3367,-54
2720,69.3622,-56
2721,69.3878,-56
2722,69.4133,-57
2723,69.4388,-57
2724,69.4643,-54
2725,69.4898,-54
2726,69.5153,-57
2727,69.5408,-57
2728,69.5663,-57
2729,69.5918,-57
2730,69.6173,-57
2731,69.6429,-54
2732,69.6684,-54
2733,69.6939,-58
2734,69.7194,-56
2735,69.7449,-56
2736,69.7704,-58
2737,69.7959,-58
2738,69.8214,-54
2739,69.8469,-54
2740,69.8724,-57
2741,69.8980,-57
2742,69.9235,-57
2743,69.9490,-58
2744,69.9745,-58
2745,70.0000,-56
2746,70.0255,-56
2747,70.0510,-59
2748,70.0765,-59
2749,70.1020,-56
2750,70.1276,-59
2751,70.1531,-59
2752,70.1786,-55
2753,70.2041,-55
2754,70.2296,-59
2755,70.2551,-59
2756,70.2806,-57
2757,70.3061,-57
2758,70.3316,-57
2759,70.3571,-56
2760,70.3827,-56
2761,70.4082,-59
2762,70.4337,-59
2763,70.4592,-55
2764,70.4847,-58
2765,70.5102,-58
2766,70.5357,-55
2767,70.5612,-55
2768,70.5867,-54
2769,70.6122,-54
2770,70.6378,-56
2771,70.6633,-57
2772,70.6888,-57
2773,70.7143,-57
2774,70.7398,-57
2775,70.7653,-53
2776,70.7908,-53
2777,70.8163,-56
2778,70.8418,-56
2779,70.8673,-57
2780,70.8929,-56
2781,70.9184,-56
2782,70.9439,-54
2783,70.9694,-54
2784,70.9949,-58
2785,71.0204,-58
2786,71.0459,-58
2787,71.0714,-57
2788,71.0969,-57
2789,71.1224,-53
2790,71.1480,-53
2791,71.1735,-56
2792,71.1990,-56
2793,71.2245,-56
2794,71.2500,-57
2795,71.2755,-57
2796,71.3010,-54
2797,71.3265,-54
2798,71.3520,-57
2799,71.3776,-57
2800,71.4031,-55
2801,71.4286,-58
2802,71.4541,-58
2803,71.4796,-54
2804,71.5051,-54
2805,71.5306,-57
2806,71.5561,-57
2807,71.5816,-57
2808,71.6071,-58
2809,71.6327,-58
2810,71.6582,-55
2811,71.6837,-55
2812,71.7092,-58
2813,71.7347,-58
2814,71.7602,-56
2815,71.7857,-56
2816,71.8112,-58
2817,71.8367,-55
2818,71.8622,-55
2819,71.8878,-58
2820,71.9133,-58
2821,71.9388,-57
2822,71.9643,-57
2823,71.9898,-57
2824,72.0153,-55
2825,72.0408,-55
2826,72.0663,-59
2827,72.0918,-59
2828,72.1173,-55
2829,72.1429,-55
2830,72.1684,-58
2831,72.1939,-56
2832,72.2194,-56
2833,72.2449,-54
2834,72.2704,-54
2835,72.2959,-57
2836,72.3214,-57
2837,72.3469,-58
2838,72.3724,-58
2839,72.3980,-58
2840,72.4235,-54
2841,72.4490,-54
2842,72.4745,-56
2843,72.5000,-56
2844,72.5255,-59
2845,72.5510,-59
2846,72.5765,-57
2847,72.6020,-57
2848,72.6276,-57
2849,72.6531,-60
2850,72.6786,-60
2851,72.7041,-60
2852,72.7296,-60
2853,72.7551,-61
2854,72.7806,-60
2855,72.8061,-60
2856,72.8316,-69
2857,72.8571,-69
2858,72.8827,-63
2859,72.9082,-63
2860,72.9337,-74
2861,72.9592,-59
2862,72.9847,-59
2863,73.0102,-64
2864,73.0357,-64
2865,73.0612,-59
2866,73.0867,-59
2867,73.1122,-62
2868,73.1378,-56
2869,73.1633,-56
2870,73.1888,-58
2871,73.2143,-58
2872,73.2398,-55
2873,73.2653,-55
2874,73.2908,-58
2875,73.3163,-55
2876,73.3418,-55
2877,73.3673,-61
2878,73.3929,-61
2879,73.4184,-54
2880,73.4439,-54
2881,73.4694,-58
2882,73.4949,-58
2883,73.5204,-54
2884,73.5459,-60
2885,73.5714,-60
2886,73.5969,-56
2887,73.6224,-56
2888,73.6480,-58
2889,73.6735,-58
2890,73.6990,-58
2891,73.7245,-61
2892,73.7500,-61
2893,73.7755,-54
2894,73.8010,-54
2895,73.8265,-59
2896,73.8520,-59
2897,73.8776,-55
2898,73.9031,-53
2899,73.9286,-53
2900,73.9541,-56
2901,73.9796,-56
2902,74.0051,-58
2903,74.0306,-58
2904,74.0561,-56
2905,74.0816,-53
2906,74.1071,-53
2907,74.1327,-58
2908,74.1582,-58
2909,74.1837,-58
2910,74.2092,-58
2911,74.2347,-56
2912,74.2602,-54
2913,74.2857,-54
2914,74.3112,-60
2915,74.3367,-60
2916,74.3622,-57
2917,74.3878,-57
2918,74.4133,-57
2919,74.4388,-57
2920,74.4643,-54
2921,74.4898,-60
2922,74.5153,-60
2923,74.5408,-58
2924,74.5663,-58
2925,74.5918,-57
2926,74.6173,-57
2927,74.6429,-57
2928,74.6684,-61
2929,74.6939,-61
2930,74.7194,-57
2931,74.7449,-57
2932,74.7704,-60
2933,74.7959,-60
2934,74.8214,-55
2935,74.8469,-61
2936,74.8724,-61
2937,74.8980,-58
2938,74.9235,-58
2939,74.9490,-60
2940,74.9745,-60
2941,75.0000,-56
2942,75.0255,-62
2943,75.0510,-62
2944,75.0765,-55
2945,75.1020,-55
2946,75.1276,-58
2947,75.1531,-58
2948,75.1786,-54
2949,75.2041,-54
2950,75.2296,-60
2951,75.2551,-56
2952,75.2806,-56
2953,75.3061,-58
2954,75.3316,-58
2955,75.3571,-54
2956,75.3827,-54
2957,75.4082,-60
2958,75.4337,-55
2959,75.4592,-55
2960,75.4847,-58
2961,75.5102,-58
2962,75.5357,-54
2963,75.5612,-54
2964,75.5867,-52
2965,75.6122,-56
2966,75.6378,-56
2967,75.6633,-56
2968,75.6888,-56
2969,75.7143,-55
2970,75.7398,-55
2971,75.7653,-48
2972,75.7908,-56
2973,75.8163,-56
2974,75.8418,-57
2975,75.8673,-57
2976,75.8929,-54
2977,75.9184,-54
2978,75.9439,-52
2979,75.9694,-57
2980,75.9949,-57
2981,76.0204,-55
2982,76.0459,-55
2983,76.0714,-55
2984,76.0969,-55
2985,76.1224,-52
2986,76.1480,-52
2987,76.1735,-56
2988,76.1990,-56
2989,76.2245,-56
2990,76.2500,-56
2991,76.2755,-56
2992,76.3010,-53
2993,76.3265,-53
2994,76.3520,-58
2995,76.3776,-56
2996,76.4031,-56
2997,76.4286,-57
2998,76.4541,-57
2999,76.4796,-53
3000,76.5051,-53
3001,76.5306,-58
3002,76.5561,-55
3003,76.5816,-55
3004,76.6071,-57
3005,76.6327,-57
3006,76.6582,-55
3007,76.6837,-55
3008,76.7092,-59
3009,76.7347,-54
3010,76.7602,-54
3011,76.7857,-57
3012,76.8112,-57
3013,76.8367,-54
3014,76.8622,-54
3015,76.8878,-60
3016,76.9133,-56
3017,76.9388,-56
3018,76.9643,-57
3019,76.9898,-57
3020,77.0153,-54
3021,77.0408,-54
3022,77.0663,-59
3023,77.0918,-59
3024,77.1173,-54
3025,77.1429,-57
3026,77.1684,-57
3027,77.1939,-54
3028,77.2194,-54
3029,77.2449,-51
3030,77.2704,-51
3031,77.2959,-55
3032,77.3214,-56
3033,77.3469,-56
3034,77.3724,-55
3035,77.3980,-55
3036,77.4235,-51
3037,77.4490,-51
3038,77.4745,-55
3039,77.5000,-56
3040,77.5255,-56
3041,77.5510,-54
3042,77.5765,-54
3043,77.6020,-52
3044,77.6276,-52
3045,77.6531,-57
3046,77.6786,-55
3047,77.7041,-55
3048,77.7296,-55
3049,77.7551,-55
3050,77.7806,-52
3051,77.8061,-52
3052,77.8316,-56
3053,77.8571,-56
3054,77.8827,-56
3055,77.9082,-55
3056,77.9337,-55
3057,77.9592,-53
3058,77.9847,-53
3059,78.0102,-58
3060,78.0357,-58
3061,78.0612,-56
3062,78.0867,-58
3063,78.1122,-58
3064,78.1378,-53
3065,78.1633,-53
3066,78.1888,-58
3067,78.2143,-58
3068,78.2398,-58
3069,78.2653,-57
3070,78.2908,-57
3071,78.3163,-55
3072,78.3418,-55
3073,78.3673,-59
3074,78.3929,-59
3075,78.4184,-54
3076,78.4439,-57
3077,78.4694,-57
3078,78.4949,-54
3079,78.5204,-54
3080,78.5459,-60
3081,78.5714,-60
3082,78.5969,-56
3083,78.6224,-57
3084,78.6480,-57
3085,78.6735,-55
3086,78.6990,-55
3087,78.7245,-61
3088,78.7500,-61
3089,78.7755,-55
3090,78.8010,-58
3091,78.8265,-58
3092,78.8520,-54
3093,78.8776,-54
3094,78.9031,-52
3095,78.9286,-52
3096,78.9541,-56
3097,78.9796,-56
3098,79.0051,-57
3099,79.0306,-56
3100,79.0561,-56
3101,79.0816,-51
3102,79.1071,-51
3103,79.1327,-56
3104,79.1582,-56
3105,79.1837,-57
3106,79.2092,-55
3107,79.2347,-55
3108,79.2602,-53
3109,79.2857,-53
3110,79.3112,-58
3111,79.3367,-58
3112,79.3622,-55
3113,79.3878,-55
3114,79.4133,-55
3115,79.4388,-53
3116,79.4643,-53
3117,79.4898,-57
3118,79.5153,-57
3119,79.5408,-57
3120,79.5663,-56
3121,79.5918,-56
3122,79.6173,-53
3123,79.6429,-53
3124,79.6684,-58
3125,79.6939,-58
3126,79.7194,-55
3127,79.7449,-55
3128,79.7704,-57
3129,79.7959,-54
3130,79.8214,-54
3131,79.8469,-58
3132,79.8724,-58
3133,79.8980,-56
3134,79.9235,-56
3135,79.9490,-57
3136,79.9745,-55
3137,80.0000,-55
3138,80.0255,-59
3139,80.0510,-59
3140,80.0765,-54
3141,80.1020,-54
3142,80.1276,-57
3143,80.1531,-54
3144,80.1786,-54
3145,80.2041,-59
3146,80.2296,-59
3147,80.2551,-56
3148,80.2806,-56
3149,80.3061,-56
3150,80.3316,-54
3151,80.3571,-54
3152,80.3827,-60
3153,80.4082,-60
3154,80.4337,-54
3155,80.4592,-54
3156,80.4847,-57
3157,80.5102,-54
3158,80.5357,-54
3159,80.5612,-47
3160,80.5867,-47
3161,80.6122,-56
3162,80.6378,-56
3163,80.6633,-55
3164,80.6888,-55
3165,80.7143,-55
3166,80.7398,-51
3167,80.7653,-51
3168,80.7908,-56
3169,80.8163,-56
3170,80.8418,-55
3171,80.8673,-55
3172,80.8929,-54
3173,80.9184,-52
3174,80.9439,-52
3175,80.9694,-56
3176,80.9949,-56
3177,81.0204,-55
3178,81.0459,-55
3179,81.0714,-55
3180,81.0969,-52
3181,81.1224,-52
3182,81.1480,-56
3183,81.1735,-56
3184,81.1990,-56
3185,81.2245,-56
3186,81.2500,-56
3187,81.2755,-53
3188,81.3010,-53
3189,81.3265,-57
3190,81.3520,-57
3191,81.3776,-54
3192,81.4031,-54
3193,81.4286,-57
3194,81.4541,-53
3195,81.4796,-53
3196,81.5051,-58
3197,81.5306,-58
3198,81.5561,-55
3199,81.5816,-55
3200,81.6071,-56
3201,81.6327,-56
3202,81.6582,-55
3203,81.6837,-58
3204,81.7092,-58
3205,81.7347,-54
3206,81.7602,-54
3207,81.7857,-57
3208,81.8112,-57
3209,81.8367,-53
3210,81.8622,-59
3211,81.8878,-59
3212,81.9133,-56
3213,81.9388,-56
3214,81.9643,-56
3215,81.9898,-56
3216,82.0153,-54
3217,82.0408,-59
3218,82.0663,-59
3219,82.0918,-54
3220,82.1173,-54
3221,82.1429,-58
3222,82.1684,-58
3223,82.1939,-54
3224,82.2194,-50
3225,82.2449,-50
3226,82.2704,-55
3227,82.2959,-55
3228,82.3214,-56
3229,82.3469,-56
3230,82.3724,-55
3231,82.3980,-47
3232,82.4235,-47
3233,82.4490,-55
3234,82.4745,-55
3235,82.5000,-56
3236,82.5255,-56
3237,82.5510,-54
3238,82.5765,-54
3239,82.6020,-52
3240,82.6276,-57
3241,82.6531,-57
3242,82.6786,-55
3243,82.7041,-55
3244,82.7296,-55
3245,82.7551,-55
3246,82.7806,-55
3247,82.8061,-56
3248,82.8316,-56
3249,82.8571,-56
3250,82.8827,-56
3251,82.9082,-55
3252,82.9337,-55
3253,82.9592,-53
3254,82.9847,-57
3255,83.0102,-57
3256,83.0357,-55
3257,83.0612,-55
3258,83.0867,-56
3259,83.1122,-56
3260,83.1378,-52
3261,83.1633,-57
3262,83.1888,-57
3263,83.2143,-55
3264,83.2398,-55
3265,83.2653,-56
3266,83.2908,-56
3267,83.3163,-54
3268,83.3418,-58
3269,83.3673,-58
3270,83.3929,-54
3271,83.4184,-54
3272,83.4439,-57
3273,83.4694,-57
3274,83.4949,-53
3275,83.5204,-53
3276,83.5459,-58
3277,83.5714,-55
3278,83.5969,-55
3279,83.6224,-55
3280,83.6480,-55
3281,83.6735,-53
3282,83.6990,-53
3283,83.7245,-53
3284,83.7500,-53
3285,83.7755,-53
3286,83.8010,-57
3287,83.8265,-57
3288,83.8520,-53
3289,83.8776,-53
3290,83.9031,-46
3291,83.9286,-54
3292,83.9541,-54
3293,83.9796,-55
3294,84.0051,-55
3295,84.0306,-55
3296,84.0561,-55
3297,84.0816,-50
3298,84.1071,-55
3299,84.1327,-55
3300,84.1582,-55
3301,84.1837,-55
3302,84.2092,-53
3303,84.2347,-53
3304,84.2602,-48
3305,84.2857,-48
3306,84.3112,-56
3307,84.3367,-55
3308,84.3622,-55
3309,84.3878,-54
3310,84.4133,-54
3311,84.4388,-52
3312,84.4643,-52
3313,84.4898,-55
3314,84.5153,-56
3315,84.5408,-56
3316,84.5663,-55
3317,84.5918,-55
3318,84.6173,-52
3319,84.6429,-52
3320,84.6684,-55
3321,84.6939,-54
3322,84.7194,-54
3323,84.7449,-56
3324,84.7704,-56
3325,84.7959,-52
3326,84.8214,-52
3327,84.8469,-56
3328,84.8724,-55
3329,84.8980,-55
3330,84.9235,-56
3331,84.9490,-56
3332,84.9745,-53
3333,85.0000,-53
3334,85.0255,-58
3335,85.0510,-54
3336,85.0765,-54
3337,85.1020,-57
3338,85.1276,-57
3339,85.1531,-53
3340,85.1786,-53
3341,85.2041,-58
3342,85.2296,-58
3343,85.2551,-55
3344,85.2806,-55
3345,85.3061,-55
3346,85.3316,-54
3347,85.3571,-54
3348,85.3827,-59
3349,85.4082,-59
3350,85.4337,-59
3351,85.4592,-57
3352,85.4847,-57
3353,85.5102,-53
3354,85.5357,-53
3355,85.5612,-47
3356,85.5867,-47
3357,85.6122,-55
3358,85.6378,-56
3359,85.6633,-56
3360,85.6888,-55
3361,85.7143,-55
3362,85.7398,-51
3363,85.7653,-51
3364,85.7908,-55
3365,85.8163,-55
3366,85.8418,-55
3367,85.8673,-54
3368,85.8929,-54
3369,85.9184,-52
3370,85.9439,-52
3371,85.9694,-56
3372,85.9949,-54
3373,86.0204,-54
3374,86.0459,-55
3375,86.0714,-55
3376,86.0969,-52
3377,86.1224,-52
3378,86.1480,-56
3379,86.1735,-56
3380,86.1990,-55
3381,86.2245,-55
3382,86.2500,-55
3383,86.2755,-52
3384,86.3010,-52
3385,86.3265,-57
3386,86.3520,-57
3387,86.3776,-57
3388,86.4031,-57
3389,86.4286,-57
3390,86.4541,-52
3391,86.4796,-52
3392,86.5051,-57
3393,86.5306,-57
3394,86.5561,-55
3395,86.5816,-56
3396,86.6071,-56
3397,86.6327,-53
3398,86.6582,-53
3399,86.6837,-58
3400,86.7092,-58
3401,86.7347,-55
3402,86.7602,-57
3403,86.7857,-57
3404,86.8112,-53
3405,86.8367,-53
3406,86.8622,-57
3407,86.8878,-57
3408,86.9133,-55
3409,86.9388,-55
3410,86.9643,-56
3411,86.9898,-54
3412,87.0153,-54
3413,87.0408,-58
3414,87.0663,-58
3415,87.0918,-53
3416,87.1173,-53
3417,87.1429,-57
3418,87.1684,-54
3419,87.1939,-54
3420,87.2194,-52
3421,87.2449,-52
3422,87.2704,-56
3423,87.2959,-56
3424,87.3214,-56
3425,87.3469,-55
3426,87.3724,-55
3427,87.3980,-51
3428,87.4235,-51
3429,87.4490,-55
3430,87.4745,-55
3431,87.5000,-55
3432,87.5255,-55
3433,87.5510,-55
3434,87.5765,-52
3435,87.6020,-52
3436,87.6276,-57
3437,87.6531,-57
3438,87.6786,-55
3439,87.7041,-55
3440,87.7296,-55
3441,87.7551,-52
3442,87.7806,-52
3443,87.8061,-56
3444,87.8316,-56
3445,87.8571,-56
3446,87.8827,-56
3447,87.9082,-56
3448,87.9337,-52
3449,87.9592,-52
3450,87.9847,-56
3451,88.0102,-56
3452,88.0357,-55
3453,88.0612,-55
3454,88.0867,-55
3455,88.1122,-53
3456,88.1378,-53
3457,88.1633,-56
3458,88.1888,-56
3459,88.2143,-56
3460,88.2398,-56
3461,88.2653,-56
3462,88.2908,-54
3463,88.3163,-54
3464,88.3418,-58
3465,88.3673,-58
3466,88.3929,-54
3467,88.4184,-54
3468,88.4439,-57
3469,88.4694,-54
3470,88.4949,-54
3471,88.5204,-58
3472,88.5459,-58
3473,88.5714,-55
3474,88.5969,-55
3475,88.6224,-55
3476,88.6480,-54
3477,88.6735,-54
3478,88.6990,-59
3479,88.7245,-59
3480,88.7500,-54
3481,88.7755,-54
3482,88.8010,-57
3483,88.8265,-57
3484,88.8520,-53
3485,88.8776,-47
3486,88.9031,-47
3487,88.9286,-55
3488,88.9541,-55
3489,88.9796,-56
3490,89.0051,-56
3491,89.0306,-55
3492,89.0561,-47
3493,89.0816,-47
3494,89.1071,-55
3495,89.1327,-55
3496,89.1582,-56
3497,89.1837,-56
3498,89.2092,-55
3499,89.2347,-52
3500,89.2602,-52
3501,89.2857,-57
3502,89.3112,-57
3503,89.3367,-55
3504,89.3622,-55
3505,89.3878,-55
3506,89.4133,-53
3507,89.4388,-53
3508,89.4643,-56
3509,89.4898,-56
3510,89.5153,-55
3511,89.5408,-55
3512,89.5663,-56
3513,89.5918,-56
3514,89.6173,-53
3515,89.6429,-57
3516,89.6684,-57
3517,89.6939,-55
3518,89.7194,-55
3519,89.7449,-57
3520,89.7704,-57
3521,89.7959,-53
3522,89.8214,-57
3523,89.8469,-57
3524,89.8724,-55
3525,89.8980,-55
3526,89.9235,-56
3527,89.9490,-56
3528,89.9745,-54
3529,90.0000,-58
3530,90.0255,-58
3531,90.0510,-54
3532,90.0765,-54
3533,90.1020,-57
3534,90.1276,-57
3535,90.1531,-53
3536,90.1786,-57
3537,90.2041,-57
3538,90.2296,-56
3539,90.2551,-56
3540,90.2806,-55
3541,90.3061,-55
3542,90.3316,-54
3543,90.3571,-58
3544,90.3827,-58
3545,90.4082,-54
3546,90.4337,-54
3547,90.4592,-56
3548,90.4847,-56
3549,90.5102,-54
3550,90.5357,-54
3551,90.5612,-51
3552,90.5867,-55
3553,90.6122,-55
3554,90.6378,-55
3555,90.6633,-55
3556,90.6888,-55
3557,90.7143,-55
3558,90.7398,-55
3559,90.7653,-55
3560,90.7908,-55
3561,90.8163,-56
3562,90.8418,-56
3563,90.8673,-54
3564,90.8929,-54
3565,90.9184,-53
3566,90.9439,-56
3567,90.9694,-56
3568,90.9949,-55
3569,91.0204,-55
3570,91.0459,-56
3571,91.0714,-56
3572,91.0969,-51
3573,91.1224,-56
3574,91.1480,-56
3575,91.1735,-56
3576,91.1990,-56
3577,91.2245,-55
3578,91.2500,-55
3579,91.2755,-53
3580,91.3010,-57
3581,91.3265,-57
3582,91.3520,-55
3583,91.3776,-55
3584,91.4031,-58
3585,91.4286,-58
3586,91.4541,-53
3587,91.4796,-53
3588,91.5051,-57
3589,91.5306,-56
3590,91.5561,-56
3591,91.5816,-57
3592,91.6071,-57
3593,91.6327,-54
3594,91.6582,-54
3595,91.6837,-54
3596,91.7092,-55
3597,91.7347,-55
3598,91.7602,-56
3599,91.7857,-56
3600,91.8112,-53
3601,91.8367,-53
3602,91.8622,-58
3603,91.8878,-56
3604,91.9133,-56
3605,91.9388,-56
3606,91.9643,-56
3607,91.9898,-53
3608,92.0153,-53
3609,92.0408,-59
3610,92.0663,-54
3611,92.0918,-54
3612,92.1173,-57
3613,92.1429,-57
3614,92.1684,-54
3615,92.1939,-54
3616,92.2194,-52
3617,92.2449,-52
3618,92.2704,-55
3619,92.2959,-56
3620,92.3214,-56
3621,92.3469,-55
3622,92.3724,-55
3623,92.3980,-47
3624,92.4235,-47
3625,92.4490,-56
3626,92.4745,-56
3627,92.5000,-56
3628,92.5255,-54
3629,92.5510,-54
3630,92.5765,-53
3631,92.6020,-53
3632,92.6276,-57
3633,92.6531,-55
3634,92.6786,-55
3635,92.7041,-55
3636,92.7296,-55
3637,92.7551,-51
3638,92.7806,-51
3639,92.8061,-55
3640,92.8316,-55
3641,92.8571,-55
3642,92.8827,-56
3643,92.9082,-56
3644,92.9337,-52
3645,92.9592,-52
3646,92.9847,-56
3647,93.0102,-54
3648,93.0357,-54
3649,93.0612,-56
3650,93.0867,-56
3651,93.1122,-52
3652,93.1378,-52
3653,93.1633,-56
3654,93.1888,-56
3655,93.2143,-55
3656,93.2398,-56
3657,93.2653,-56
3658,93.2908,-53
3659,93.3163,-53
3660,93.3418,-58
3661,93.3673,-58
3662,93.3929,-54
3663,93.4184,-56
3664,93.4439,-56
3665,93.4694,-53
3666,93.4949,-53
3667,93.5204,-57
3668,93.5459,-57
3669,93.5714,-55
3670,93.5969,-55
3671,93.6224,-55
3672,93.6480,-52
3673,93.6735,-52
3674,93.6990,-58
3675,93.7245,-58
3676,93.7500,-54
3677,93.7755,-56
3678,93.8010,-56
3679,93.8265,-54
3680,93.8520,-54
3681,93.8776,-46
3682,93.9031,-46
3683,93.9286,-55
3684,93.9541,-55
3685,93.9796,-55
3686,94.0051,-53
3687,94.0306,-53
3688,94.0561,-50
3689,94.0816,-50
3690,94.1071,-55
3691,94.1327,-55
3692,94.1582,-55
3693,94.1837,-54
3694,94.2092,-54
3695,94.2347,-48
3696,94.2602,-48
3697,94.2857,-57
3698,94.3112,-57
3699,94.3367,-54
3700,94.3622,-55
3701,94.3878,-55
3702,94.4133,-52
3703,94.4388,-52
3704,94.4643,-56
3705,94.4898,-56
3706,94.5153,-56
3707,94.5408,-55
3708,94.5663,-55
3709,94.5918,-52
3710,94.6173,-52
3711,94.6429,-56
3712,94.6684,-56
3713,94.6939,-54
3714,94.7194,-57
3715,94.7449,-57
3716,94.7704,-53
3717,94.7959,-53
3718,94.8214,-56
3719,94.8469,-56
3720,94.8724,-55
3721,94.8980,-56
3722,94.9235,-56
3723,94.9490,-54
3724,94.9745,-54
3725,95.0000,-58
3726,95.0255,-58
3727,95.0510,-54
3728,95.0765,-54
3729,95.1020,-56
3730,95.1276,-53
3731,95.1531,-53
3732,95.1786,-58
3733,95.2041,-58
3734,95.2296,-55
3735,95.2551,-55
3736,95.2806,-55
3737,95.3061,-54
3738,95.3316,-54
3739,95.3571,-58
3740,95.3827,-58
3741,95.4082,-54
3742,95.4337,-54
3743,95.4592,-57
3744,95.4847,-53
3745,95.5102,-53
3746,95.5357,-51
3747,95.5612,-51
3748,95.5867,-55
3749,95.6122,-55
3750,95.6378,-55
3751,95.6633,-55
3752,95.6888,-55
3753,95.7143,-46
3754,95.7398,-46
3755,95.7653,-55
3756,95.7908,-55
3757,95.8163,-55
3758,95.8418,-55
3759,95.8673,-54
3760,95.8929,-47
3761,95.9184,-47
3762,95.9439,-56
3763,95.9694,-56
3764,95.9949,-54
3765,96.0204,-54
3766,96.0459,-55
3767,96.0714,-51
3768,96.0969,-51
3769,96.1224,-56
3770,96.1480,-56
3771,96.1735,-55
3772,96.1990,-55
3773,96.2245,-55
3774,96.2500,-52
3775,96.2755,-52
3776,96.3010,-56
3777,96.3265,-56
3778,96.3520,-54
3779,96.3776,-54
3780,96.4031,-57
3781,96.4286,-52
3782,96.4541,-52
3783,96.4796,-56
3784,96.5051,-56
3785,96.5306,-55
3786,96.5561,-55
3787,96.5816,-56
3788,96.6071,-54
3789,96.6327,-54
3790,96.6582,-58
3791,96.6837,-58
3792,96.7092,-54
3793,96.7347,-54
3794,96.7602,-56
3795,96.7857,-56
3796,96.8112,-53
3797,96.8367,-58
3798,96.8622,-58
3799,96.8878,-56
3800,96.9133,-56
3801,96.9388,-56
3802,96.9643,-56
3803,96.9898,-56
3804,97.0153,-59
3805,97.0408,-59
3806,97.0663,-54
3807,97.0918,-54
3808,97.1173,-56
3809,97.1429,-56
3810,97.1684,-53
3811,97.1939,-50
3812,97.2194,-50
3813,97.2449,-55
3814,97.2704,-55
3815,97.2959,-55
3816,97.3214,-55
3817,97.3469,-55
3818,97.3724,-51
3819,97.3980,-51
3820,97.4235,-55
3821,97.4490,-55
3822,97.4745,-56
3823,97.5000,-56
3824,97.5255,-54
3825,97.5510,-52
3826,97.5765,-52
3827,97.6020,-56
3828,97.6276,-56
3829,97.6531,-55
3830,97.6786,-55
3831,97.7041,-55
3832,97.7296,-55
3833,97.7551,-51
3834,97.7806,-55
3835,97.8061,-55
3836,97.8316,-55
3837,97.8571,-55
3838,97.8827,-56
3839,97.9082,-56
3840,97.9337,-53
3841,97.9592,-57
3842,97.9847,-57
3843,98.0102,-55
3844,98.0357,-55
3845,98.0612,-57
3846,98.0867,-57
3847,98.1122,-53
3848,98.1378,-56
3849,98.1633,-56
3850,98.1888,-55
3851,98.2143,-55
3852,98.2398,-56
3853,98.2653,-56
3854,98.2908,-55
3855,98.3163,-58
3856,98.3418,-58
3857,98.3673,-54
3858,98.3929,-54
3859,98.4184,-56
3860,98.4439,-56
3861,98.4694,-54
3862,98.4949,-54
3863,98.5204,-57
3864,98.5459,-55
3865,98.5714,-55
3866,98.5969,-55
3867,98.6224,-55
3868,98.6480,-53
3869,98.6735,-53
3870,98.6990,-58
3871,98.7245,-54
3872,98.7500,-54
3873,98.7755,-56
3874,98.8010,-56
3875,98.8265,-54
3876,98.8520,-54
3877,98.8776,-47
3878,98.9031,-55
3879,98.9286,-55
3880,98.9541,-55
3881,98.9796,-55
3882,99.0051,-55
3883,99.0306,-55
3884,99.0561,-47
3885,99.0816,-55
3886,99.1071,-55
3887,99.1327,-55
3888,99.1582,-55
3889,99.1837,-54
3890,99.2092,-54
3891,99.2347,-52
3892,99.2602,-56
3893,99.2857,-56
3894,99.3112,-56
3895,99.3367,-56
3896,99.3622,-55
3897,99.3878,-55
3898,99.4133,-51
3899,99.4388,-51
3900,99.4643,-55
3901,99.4898,-55
3902,99.5153,-55
3903,99.5408,-55
3904,99.5663,-55
3905,99.5918,-52
3906,99.6173,-52
3907,99.6429,-52
3908,99.6684,-54
3909,99.6939,-54
3910,99.7194,-56
3911,99.7449,-56
3912,99.7704,-52
3913,99.7959,-52
3914,99.8214,-56
3915,99.8469,-54
3916,99.8724,-54
3917,99.8980,-55
3918,99.9235,-55
3919,99.9490,-54
3920,99.9745,-54
3921,100.0000,-58
3922,100.0255,-54
3923,100.0510,-54
3924,100.0765,-56
3925,100.1020,-56
3926,100.1276,-52
3927,100.1531,-52
3928,100.1786,-57
3929,100.2041,-55
3930,100.2296,-55
3931,100.2551,-55
3932,100.2806,-55
3933,100.3061,-54
3934,100.3316,-54
3935,100.3571,-58
3936,100.3827,-58
3937,100.4082,-54
3938,100.4337,-56
3939,100.4592,-56
3940,100.4847,-53
3941,100.5102,-53
3942,100.5357,-51
3943,100.5612,-51
3944,100.5867,-55
3945,100.6122,-55
3946,100.6378,-55
3947,100.6633,-55
3948,100.6888,-55
3949,100.7143,-50
3950,100.7398,-50
3951,100.7653,-55
3952,100.7908,-55
3953,100.8163,-55
3954,100.8418,-54
3955,100.8673,-54
3956,100.8929,-52
3957,100.9184,-52
3958,100.9439,-56
3959,100.9694,-54
3960,100.9949,-54
3961,101.0204,-55
3962,101.0459,-55
3963,101.0714,-52
3964,101.0969,-52
3965,101.1224,-56
3966,101.1480,-56
3967,101.1735,-56
3968,101.1990,-55
3969,101.2245,-55
3970,101.2500,-53
3971,101.2755,-53
3972,101.3010,-58
3973,101.3265,-58
3974,101.3520,-56
3975,101.3776,-58
3976,101.4031,-58
3977,101.4286,-54
3978,101.4541,-54
3979,101.4796,-59
3980,101.5051,-59
3981,101.5306,-56
3982,101.5561,-56
3983,101.5816,-56
3984,101.6071,-55
3985,101.6327,-55
3986,101.6582,-59
3987,101.6837,-59
3988,101.7092,-54
3989,101.7347,-56
3990,101.7602,-56
3991,101.7857,-52
3992,101.8112,-52
3993,101.8367,-56
3994,101.8622,-56
3995,101.8878,-54
3996,101.9133,-54
3997,101.9388,-54
3998,101.9643,-51
3999,101.9898,-51
4000,102.0153,-56
4001,102.0408,-56
4002,102.0663,-50
4003,102.0918,-50
4004,102.1173,-53
4005,102.1429,-51
4006,102.1684,-51
4007,102.1939,-44
4008,102.2194,-44
4009,102.2449,-50
4010,102.2704,-50
4011,102.2959,-51
4012,102.3214,-52
4013,102.3469,-52
4014,102.3724,-43
4015,102.3980,-43
4016,102.4235,-49
4017,102.4490,-49
4018,102.4745,-46
4019,102.5000,-50
4020,102.5255,-50
4021,102.5510,-44
4022,102.5765,-44
4023,102.6020,-47
4024,102.6276,-47
4025,102.6531,-45
4026,102.6786,-50
4027,102.7041,-50
4028,102.7296,-43
4029,102.7551,-43
4030,102.7806,-49
4031,102.8061,-49
4032,102.8316,-46
4033,102.8571,-51
4034,102.8827,-51
4035,102.9082,-44
4036,102.9337,-44
4037,102.9592,-49
4038,102.9847,-49
4039,103.0102,-46
4040,103.0357,-46
4041,103.0612,-52
4042,103.0867,-43
4043,103.1122,-43
4044,103.1378,-50
4045,103.1633,-50
4046,103.1888,-47
4047,103.2143,-47
4048,103.2398,-52
4049,103.2653,-46
4050,103.2908,-46
4051,103.3163,-52
4052,103.3418,-52
4053,103.3673,-49
4054,103.3929,-49
4055,103.4184,-53
4056,103.4439,-49
4057,103.4694,-49
4058,103.4949,-53
4059,103.5204,-53
4060,103.5459,-50
4061,103.5714,-50
4062,103.5969,-52
4063,103.6224,-50
4064,103.6480,-50
4065,103.6735,-56
4066,103.6990,-56
4067,103.7245,-50
4068,103.7500,-50
4069,103.7755,-53
4070,103.8010,-51
4071,103.8265,-51
4072,103.8520,-44
4073,103.8776,-44
4074,103.9031,-52
4075,103.9286,-52
4076,103.9541,-53
4077,103.9796,-53
4078,104.0051,-54
4079,104.0306,-45
4080,104.0561,-45
4081,104.0816,-52
4082,104.1071,-52
4083,104.1327,-54
4084,104.1582,-54
4085,104.1837,-54
4086,104.2092,-47
4087,104.2347,-47
4088,104.2602,-55
4089,104.2857,-55
4090,104.3112,-54
4091,104.3367,-54
4092,104.3622,-55
4093,104.3878,-52
4094,104.4133,-52
4095,104.4388,-52
4096,104.4643,-52
4097,104.4898,-55
4098,104.5153,-55
4099,104.5408,-55
4100,104.5663,-53
4101,104.5918,-53
4102,104.6173,-54
4103,104.6429,-54
4104,104.6684,-54
4105,104.6939,-54
4106,104.7194,-56
4107,104.7449,-56
4108,104.7704,-54
4109,104.7959,-54
4110,104.8214,-54
4111,104.8469,-55
4112,104.8724,-55
4113,104.8980,-55
4114,104.9235,-55
4115,104.9490,-54
4116,104.9745,-56
4117,105.0000,-56
4118,105.0255,-53
4119,105.0510,-53
4120,105.0765,-55
4121,105.1020,-55
4122,105.1276,-52
4123,105.1531,-56
4124,105.1786,-56
4125,105.2041,-52
4126,105.2296,-52
4127,105.2551,-53
4128,105.2806,-53
4129,105.3061,-51
4130,105.3316,-56
4131,105.3571,-56
4132,105.3827,-50
4133,105.4082,-50
4134,105.4337,-53
4135,105.4592,-53
4136,105.4847,-47
4137,105.5102,-49
4138,105.5357,-49
4139,105.5612,-50
4140,105.5867,-50
4141,105.6122,-50
4142,105.6378,-50
4143,105.6633,-51
4144,105.6888,-51
4145,105.7143,-44
4146,105.7398,-50
4147,105.7653,-50
4148,105.7908,-51
4149,105.8163,-51
4150,105.8418,-51
4151,105.8673,-51
4152,105.8929,-51
4153,105.9184,-53
4154,105.9439,-53
4155,105.9694,-51
4156,105.9949,-51
4157,106.0204,-53
4158,106.0459,-53
4159,106.0714,-46
4160,106.0969,-51
4161,106.1224,-51
4162,106.1480,-52
4163,106.1735,-52
4164,106.1990,-52
4165,106.2245,-52
4166,106.2500,-46
4167,106.2755,-50
4168,106.3010,-50
4169,106.3265,-51
4170,106.3520,-51
4171,106.3776,-55
4172,106.4031,-55
4173,106.4286,-46
4174,106.4541,-50
4175,106.4796,-50
4176,106.5051,-51
4177,106.5306,-51
4178,106.5561,-54
4179,106.5816,-54
4180,106.6071,-47
4181,106.6327,-47
4182,106.6582,-52
4183,106.6837,-51
4184,106.7092,-51
4185,106.7347,-56
4186,106.7602,-56
4187,106.7857,-50
4188,106.8112,-50
4189,106.8367,-50
4190,106.8622,-51
4191,106.8878,-51
4192,106.9133,-55
4193,106.9388,-55
4194,106.9643,-52
4195,106.9898,-52
4196,107.0153,-56
4197,107.0408,-50
4198,107.0663,-50
4199,107.0918,-54
4200,107.1173,-54
4201,107.1429,-52
4202,107.1684,-52
4203,107.1939,-46
4204,107.2194,-51
4205,107.2449,-51
4206,107.2704,-54
4207,107.2959,-54
4208,107.3214,-55
4209,107.3469,-55
4210,107.3724,-46
4211,107.3980,-46
4212,107.4235,-52
4213,107.4490,-55
4214,107.4745,-55
4215,107.5000,-55
4216,107.5255,-55
4217,107.5510,-52
4218,107.5765,-52
4219,107.6020,-54
4220,107.6276,-53
4221,107.6531,-53
4222,107.6786,-56
4223,107.7041,-56
4224,107.7296,-51
4225,107.7551,-51
4226,107.7806,-52
4227,107.8061,-54
4228,107.8316,-54
4229,107.8571,-55
4230,107.8827,-55
4231,107.9082,-53
4232,107.9337,-53
4233,107.9592,-54
4234,107.9847,-52
4235,108.0102,-52
4236,108.0357,-56
4237,108.0612,-56
4238,108.0867,-53
4239,108.1122,-53
4240,108.1378,-54
4241,108.1633,-52
4242,108.1888,-52
4243,108.2143,-55
4244,108.2398,-55
4245,108.2653,-53
4246,108.2908,-53
4247,108.3163,-55
4248,108.3418,-55
4249,108.3673,-51
4250,108.3929,-56
4251,108.4184,-56
4252,108.4439,-53
4253,108.4694,-53
4254,108.4949,-56
4255,108.5204,-56
4256,108.5459,-52
4257,108.5714,-56
4258,108.5969,-56
4259,108.6224,-53
4260,108.6480,-53
4261,108.6735,-57
4262,108.6990,-57
4263,108.7245,-50
4264,108.7500,-55
4265,108.7755,-55
4266,108.8010,-52
4267,108.8265,-52
4268,108.8520,-46
4269,108.8776,-46
4270,108.9031,-50
4271,108.9286,-53
4272,108.9541,-53
4273,108.9796,-53
4274,109.0051,-53
4275,109.0306,-45
4276,109.0561,-45
4277,109.0816,-50
4278,109.1071,-52
4279,109.1327,-52
4280,109.1582,-51
4281,109.1837,-51
4282,109.2092,-46
4283,109.2347,-46
4284,109.2602,-52
4285,109.2857,-52
4286,109.3112,-51
4287,109.3367,-52
4288,109.3622,-52
4289,109.3878,-46
4290,109.4133,-46
4291,109.4388,-51
4292,109.4643,-51
4293,109.4898,-51
4294,109.5153,-53
4295,109.5408,-53
4296,109.5663,-46
4297,109.5918,-46
4298,109.6173,-52
4299,109.6429,-52
4300,109.6684,-51
4301,109.6939,-56
4302,109.7194,-56
4303,109.7449,-51
4304,109.7704,-51
4305,109.7959,-53
4306,109.8214,-53
4307,109.8469,-53
4308,109.8724,-57
4309,109.8980,-57
4310,109.9235,-53
4311,109.9490,-53
4312,109.9745,-55
4313,110.0000,-55
4314,110.0255,-51
4315,110.0510,-57
4316,110.0765,-57
4317,110.1020,-52
4318,110.1276,-52
4319,110.1531,-56
4320,110.1786,-56
4321,110.2041,-52
4322,110.2296,-52
4323,110.2551,-55
4324,110.2806,-54
4325,110.3061,-54
4326,110.3316,-57
4327,110.3571,-57
4328,110.3827,-51
4329,110.4082,-51
4330,110.4337,-56
4331,110.4592,-54
4332,110.4847,-54
4333,110.5102,-47
4334,110.5357,-47
4335,110.5612,-51
4336,110.5867,-51
4337,110.6122,-54
4338,110.6378,-55
4339,110.6633,-55
4340,110.6888,-51
4341,110.7143,-51
4342,110.7398,-51
4343,110.7653,-51
4344,110.7908,-55
4345,110.8163,-54
4346,110.8418,-54
4347,110.8673,-53
4348,110.8929,-53
4349,110.9184,-53
4350,110.9439,-53
4351,110.9694,-52
4352,110.9949,-52
4353,111.0204,-55
4354,111.0459,-52
4355,111.0714,-52
4356,111.0969,-52
4357,111.1224,-52
4358,111.1480,-52
4359,111.1735,-52
4360,111.1990,-54
4361,111.2245,-52
4362,111.2500,-52
4363,111.2755,-52
4364,111.3010,-52
4365,111.3265,-52
4366,111.3520,-52
4367,111.3776,-55
4368,111.4031,-51
4369,111.4286,-51
4370,111.4541,-53
4371,111.4796,-53
4372,111.5051,-51
4373,111.5306,-51
4374,111.5561,-54
4375,111.5816,-52
4376,111.6071,-52
4377,111.6327,-55
4378,111.6582,-55
4379,111.6837,-50
4380,111.7092,-50
4381,111.7347,-55
4382,111.7602,-50
4383,111.7857,-50
4384,111.8112,-53
4385,111.8367,-53
4386,111.8622,-51
4387,111.8878,-51
4388,111.9133,-52
4389,111.9388,-52
4390,111.9643,-46
4391,111.9898,-52
4392,112.0153,-52
4393,112.0408,-45
4394,112.0663,-45
4395,112.0918,-51
4396,112.1173,-51
4397,112.1429,-49
4398,112.1684,-43
4399,112.1939,-43
4400,112.2194,-45
4401,112.2449,-45
4402,112.2704,-46
4403,112.2959,-46
4404,112.3214,-47
4405,112.3469,-47
4406,112.3724,-47
4407,112.3980,-45
4408,112.4235,-45
4409,112.4490,-46
4410,112.4745,-46
4411,112.5000,-47
4412,112.5255,-44
4413,112.5510,-44
4414,112.5765,-47
4415,112.6020,-47
4416,112.6276,-46
4417,112.6531,-46
4418,112.6786,-47
4419,112.7041,-48
4420,112.7296,-48
4421,112.7551,-50
4422,112.7806,-50
4423,112.8061,-50
4424,112.8316,-50
4425,112.8571,-52
4426,112.8827,-52
4427,112.9082,-49
4428,112.9337,-51
4429,112.9592,-51
4430,112.9847,-51
4431,113.0102,-51
4432,113.0357,-56
4433,113.0612,-56
4434,113.0867,-50
4435,113.1122,-52
4436,113.1378,-52
4437,113.1633,-51
4438,113.1888,-51
4439,113.2143,-54
4440,113.2398,-54
4441,113.2653,-52
4442,113.2908,-53
4443,113.3163,-53
4444,113.3418,-50
4445,113.3673,-50
4446,113.3929,-54
4447,113.4184,-54
4448,113.4439,-52
4449,113.4694,-53
4450,113.4949,-53
4451,113.5204,-52
4452,113.5459,-52
4453,113.5714,-53
4454,113.5969,-53
4455,113.6224,-51
4456,113.6480,-54
4457,113.6735,-54
4458,113.6990,-51
4459,113.7245,-51
4460,113.7500,-53
4461,113.7755,-53
4462,113.8010,-51
4463,113.8265,-51
4464,113.8520,-50
4465,113.8776,-51
4466,113.9031,-51
4467,113.9286,-52
4468,113.9541,-52
4469,113.9796,-53
4470,114.0051,-53
4471,114.0306,-50
4472,114.0561,-51
4473,114.0816,-51
4474,114.1071,-53
4475,114.1327,-53
4476,114.1582,-53
4477,114.1837,-53
4478,114.2092,-51
4479,114.2347,-51
4480,114.2602,-51
4481,114.2857,-52
4482,114.3112,-52
4483,114.3367,-53
4484,114.3622,-53
4485,114.3878,-51
4486,114.4133,-51
4487,114.4388,-51
4488,114.4643,-53
4489,114.4898,-53
4490,114.5153,-53
4491,114.5408,-53
4492,114.5663,-52
4493,114.5918,-51
4494,114.6173,-51
4495,114.6429,-51
4496,114.6684,-51
4497,114.6939,-56
4498,114.7194,-56
4499,114.7449,-51
4500,114.7704,-51
4501,114.7959,-52
4502,114.8214,-51
4503,114.8469,-51
4504,114.8724,-54
4505,114.8980,-54
4506,114.9235,-47
4507,114.9490,-47
4508,114.9745,-53
4509,115.0000,-47
4510,115.0255,-47
4511,115.0510,-54
4512,115.0765,-54
4513,115.1020,-46
4514,115.1276,-46
4515,115.1531,-51
4516,115.1786,-50
4517,115.2041,-50
4518,115.2296,-51
4519,115.2551,-51
4520,115.2806,-45
4521,115.3061,-45
4522,115.3316,-51
4523,115.3571,-45
4524,115.3827,-45
4525,115.4082,-51
4526,115.4337,-51
4527,115.4592,-44
4528,115.4847,-44
4529,115.5102,-43
4530,115.5357,-47
4531,115.5612,-47
4532,115.5867,-46
4533,115.6122,-46
4534,115.6378,-46
4535,115.6633,-46
4536,115.6888,-43
4537,115.7143,-43
4538,115.7398,-48
4539,115.7653,-47
4540,115.7908,-47
4541,115.8163,-46
4542,115.8418,-46
4543,115.8673,-45
4544,115.8929,-45
4545,115.9184,-45
4546,115.9439,-50
4547,115.9694,-50
4548,115.9949,-52
4549,116.0204,-52
4550,116.0459,-45
4551,116.0714,-45
4552,116.0969,-50
4553,116.1224,-51
4554,116.1480,-51
4555,116.1735,-52
4556,116.1990,-52
4557,116.2245,-46
4558,116.2500,-46
4559,116.2755,-51
4560,116.3010,-50
4561,116.3265,-50
4562,116.3520,-53
4563,116.3776,-53
4564,116.4031,-51
4565,116.4286,-51
4566,116.4541,-50
4567,116.4796,-51
4568,116.5051,-51
4569,116.5306,-53
4570,116.5561,-53
4571,116.5816,-53
4572,116.6071,-53
4573,116.6327,-52
4574,116.6582,-52
4575,116.6837,-50
4576,116.7092,-54
4577,116.7347,-54
4578,116.7602,-52
4579,116.7857,-52
4580,116.8112,-51
4581,116.8367,-51
4582,116.8622,-51
4583,116.8878,-53
4584,116.9133,-53
4585,116.9388,-52
4586,116.9643,-52
4587,116.9898,-52
4588,117.0153,-52
4589,117.0408,-50
4590,117.0663,-53
4591,117.0918,-53
4592,117.1173,-53
4593,117.1429,-53
4594,117.1684,-46
4595,117.1939,-46
4596,117.2194,-52
4597,117.2449,-53
4598,117.2704,-53
4599,117.2959,-54
4600,117.3214,-54
4601,117.3469,-46
4602,117.3724,-46
4603,117.3980,-51
4604,117.4235,-51
4605,117.4490,-52
4606,117.4745,-52
4607,117.5000,-52
4608,117.5255,-47
4609,117.5510,-47
4610,117.5765,-52
4611,117.6020,-52
4612,117.6276,-51
4613,117.6531,-54
4614,117.6786,-54
4615,117.7041,-46
4616,117.7296,-46
4617,117.7551,-50
4618,117.7806,-50
4619,117.8061,-51
4620,117.8316,-53
4621,117.8571,-53
4622,117.8827,-46
4623,117.9082,-46
4624,117.9337,-51
4625,117.9592,-51
4626,117.9847,-50
4627,118.0102,-55
4628,118.0357,-55
4629,118.0612,-50
4630,118.0867,-50
4631,118.1122,-50
4632,118.1378,-50
4633,118.1633,-51
4634,118.1888,-54
4635,118.2143,-54
4636,118.2398,-48
4637,118.2653,-48
4638,118.2908,-52
4639,118.3163,-52
4640,118.3418,-50
4641,118.3673,-50
4642,118.3929,-54
4643,118.4184,-47
4644,118.4439,-47
4645,118.4694,-51
4646,118.4949,-51
4647,118.5204,-51
4648,118.5459,-51
4649,118.5714,-53
4650,118.5969,-46
4651,118.6224,-46
4652,118.6480,-52
4653,118.6735,-52
4654,118.6990,-49
4655,118.7245,-49
4656,118.7500,-54
4657,118.7755,-50
4658,118.8010,-50
4659,118.8265,-43
4660,118.8520,-43
4661,118.8776,-50
4662,118.9031,-50
4663,118.9286,-50
4664,118.9541,-53
4665,118.9796,-53
4666,119.0051,-45
4667,119.0306,-45
4668,119.0561,-49
4669,119.0816,-49
4670,119.1071,-51
4671,119.1327,-51
4672,119.1582,-51
4673,119.1837,-46
4674,119.2092,-46
4675,119.2347,-50
4676,119.2602,-50
4677,119.2857,-50
4678,119.3112,-50
4679,119.3367,-51
4680,119.3622,-46
4681,119.3878,-46
4682,119.4133,-50
4683,119.4388,-50
4684,119.4643,-51
4685,119.4898,-51
4686,119.5153,-51
4687,119.5408,-46
4688,119.5663,-46
4689,119.5918,-51
4690,119.6173,-51
4691,119.6429,-50
4692,119.6684,-50
4693,119.6939,-53
4694,119.7194,-50
4695,119.7449,-50
4696,119.7704,-51
4697,119.7959,-51
4698,119.8214,-51
4699,119.8469,-51
4700,119.8724,-53
4701,119.8980,-52
4702,119.9235,-52
4703,119.9490,-52
4704,119.9745,-52
4705,120.0000,-49
4706,120.0255,-49
4707,120.0510,-52
4708,120.0765,-51
4709,120.1020,-51
4710,120.1276,-51
4711,120.1531,-51
4712,120.1786,-47
4713,120.2041,-47
4714,120.2296,-52
4715,120.2551,-52
4716,120.2806,-51
4717,120.3061,-51
4718,120.3316,-51
4719,120.3571,-46
4720,120.3827,-46
4721,120.4082,-52
4722,120.4337,-52
4723,120.4592,-51
4724,120.4847,-45
4725,120.5102,-45
4726,120.5357,-50
4727,120.5612,-50
4728,120.5867,-51
4729,120.6122,-51
4730,120.6378,-53
4731,120.6633,-49
4732,120.6888,-49
4733,120.7143,-47
4734,120.7398,-47
4735,120.7653,-51
4736,120.7908,-51
4737,120.8163,-52
4738,120.8418,-51
4739,120.8673,-51
4740,120.8929,-51
4741,120.9184,-51
4742,120.9439,-50
4743,120.9694,-50
4744,120.9949,-52
4745,121.0204,-50
4746,121.0459,-50
4747,121.0714,-51
4748,121.0969,-51
4749,121.1224,-51
4750,121.1480,-51
4751,121.1735,-52
4752,121.1990,-52
4753,121.2245,-51
4754,121.2500,-51
4755,121.2755,-51
4756,121.3010,-51
4757,121.3265,-51
4758,121.3520,-54
4759,121.3776,-54
4760,121.4031,-52
4761,121.4286,-51
4762,121.4541,-51
4763,121.4796,-51
4764,121.5051,-51
4765,121.5306,-53
4766,121.5561,-53
4767,121.5816,-53
4768,121.6071,-52
4769,121.6327,-52
4770,121.6582,-49
4771,121.6837,-49
4772,121.7092,-53
4773,121.7347,-53
4774,121.7602,-51
4775,121.7857,-51
4776,121.8112,-51
4777,121.8367,-47
4778,121.8622,-47
4779,121.8878,-52
4780,121.9133,-52
4781,121.9388,-46
4782,121.9643,-52
4783,121.9898,-52
4784,122.0153,-49
4785,122.0408,-49
4786,122.0663,-52
4787,122.0918,-52
4788,122.1173,-51
4789,122.1429,-51
4790,122.1684,-49
4791,122.1939,-50
4792,122.2194,-50
4793,122.2449,-52
4794,122.2704,-52
4795,122.2959,-53
4796,122.3214,-53
4797,122.3469,-49
4798,122.3724,-50
4799,122.3980,-50
4800,122.4235,-51
4801,122.4490,-51
4802,122.4745,-52
4803,122.5000,-52
4804,122.5255,-46
4805,122.5510,-51
4806,122.5765,-51
4807,122.6020,-50
4808,122.6276,-50
4809,122.6531,-51
4810,122.6786,-51
4811,122.7041,-46
4812,122.7296,-51
4813,122.7551,-51
4814,122.7806,-51
4815,122.8061,-51
4816,122.8316,-52
4817,122.8571,-52
4818,122.8827,-51
4819,122.9082,-51
4820,122.9337,-51
4821,122.9592,-50
4822,122.9847,-50
4823,123.0102,-53
4824,123.0357,-53
4825,123.0612,-52
4826,123.0867,-52
4827,123.1122,-51
4828,123.1378,-51
4829,123.1633,-51
4830,123.1888,-52
4831,123.2143,-52
4832,123.2398,-53
4833,123.2653,-53
4834,123.2908,-53
4835,123.3163,-50
4836,123.3418,-50
4837,123.3673,-53
4838,123.3929,-53
4839,123.4184,-51
4840,123.4439,-51
4841,123.4694,-52
4842,123.4949,-50
4843,123.5204,-50
4844,123.5459,-52
4845,123.5714,-52
4846,123.5969,-51
4847,123.6224,-51
4848,123.6480,-52
4849,123.6735,-46
4850,123.6990,-46
4851,123.7245,-52
4852,123.7500,-52
4853,123.7755,-52
4854,123.8010,-52
4855,123.8265,-46
4856,123.8520,-50
4857,123.8776,-50
4858,123.9031,-52
4859,123.9286,-52
4860,123.9541,-53
4861,123.9796,-53
4862,124.0051,-45
4863,124.0306,-45
4864,124.0561,-51
4865,124.0816,-52
4866,124.1071,-52
4867,124.1327,-51
4868,124.1582,-51
4869,124.1837,-46
4870,124.2092,-46
4871,124.2347,-46
4872,124.2602,-50
4873,124.2857,-50
4874,124.3112,-52
4875,124.3367,-52
4876,124.3622,-45
4877,124.3878,-45
4878,124.4133,-51
4879,124.4388,-51
4880,124.4643,-51
4881,124.4898,-52
4882,124.5153,-52
4883,124.5408,-52
4884,124.5663,-52
4885,124.5918,-51
4886,124.6173,-51
4887,124.6429,-51
4888,124.6684,-53
4889,124.6939,-53
4890,124.7194,-52
4891,124.7449,-52
4892,124.7704,-51
4893,124.7959,-51
4894,124.8214,-51
4895,124.8469,-53
4896,124.8724,-53
4897,124.8980,-48
4898,124.9235,-48
4899,124.9490,-52
4900,124.9745,-52
4901,125.0000,-49
4902,125.0255,-54
4903,125.0510,-54
4904,125.0765,-47
4905,125.1020,-47
4906,125.1276,-52
4907,125.1531,-52
4908,125.1786,-50
4909,125.2041,-53
4910,125.2296,-53
4911,125.2551,-51
4912,125.2806,-51
4913,125.3061,-52
4914,125.3316,-52
4915,125.3571,-46
4916,125.3827,-52
4917,125.4082,-52
4918,125.4337,-52
4919,125.4592,-52
4920,125.4847,-45
4921,125.5102,-45
4922,125.5357,-48
4923,125.5612,-52
4924,125.5867,-52
4925,125.6122,-52
4926,125.6378,-52
4927,125.6633,-45
4928,125.6888,-45
4929,125.7143,-50
4930,125.7398,-50
4931,125.7653,-51
4932,125.7908,-51
4933,125.8163,-51
4934,125.8418,-46
4935,125.8673,-46
4936,125.8929,-50
4937,125.9184,-50
4938,125.9439,-49
4939,125.9694,-51
4940,125.9949,-51
4941,126.0204,-45
4942,126.0459,-45
4943,126.0714,-49
4944,126.0969,-49
4945,126.1224,-51
4946,126.1480,-51
4947,126.1735,-51
4948,126.1990,-47
4949,126.2245,-47
4950,126.2500,-51
4951,126.2755,-51
4952,126.3010,-50
4953,126.3265,-53
4954,126.3520,-53
4955,126.3776,-51
4956,126.4031,-51
4957,126.4286,-51
4958,126.4541,-51
4959,126.4796,-51
4960,126.5051,-52
4961,126.5306,-52
4962,126.5561,-52
4963,126.5816,-52
4964,126.6071,-52
4965,126.6327,-52
4966,126.6582,-46
4967,126.6837,-46
4968,126.7092,-53
4969,126.7347,-46
4970,126.7602,-46
4971,126.7857,-50
4972,126.8112,-50
4973,126.8367,-47
4974,126.8622,-47
4975,126.8878,-47
4976,126.9133,-46
4977,126.9388,-46
4978,126.9643,-51
4979,126.9898,-51
4980,127.0153,-45
4981,127.0408,-45
4982,127.0663,-52
4983,127.0918,-50
4984,127.1173,-50
4985,127.1429,-45
4986,127.1684,-45
4987,127.1939,-46
4988,127.2194,-46
4989,127.2449,-51
4990,127.2704,-52
4991,127.2959,-52
4992,127.3214,-44
4993,127.3469,-44
4994,127.3724,-50
4995,127.3980,-50
4996,127.4235,-51
4997,127.4490,-51
4998,127.4745,-51
4999,127.5000,-46
5000,127.5255,-46
5001,127.5510,-51
5002,127.5765,-51
5003,127.6020,-50
5004,127.6276,-50
5005,127.6531,-51
5006,127.6786,-45
5007,127.7041,-45
5008,127.7296,-50
5009,127.7551,-50
5010,127.7806,-47
5011,127.8061,-47
5012,127.8316,-47
5013,127.8571,-45
5014,127.8827,-45
5015,127.9082,-51
5016,127.9337,-51
5017,127.9592,-47
5018,127.9847,-47
5019,128.0102,-53
5020,128.0357,-50
5021,128.0612,-50
5022,128.0867,-52
5023,128.1122,-52
5024,128.1378,-51
5025,128.1633,-51
5026,128.1888,-52
5027,128.2143,-52
5028,128.2398,-52
5029,128.2653,-53
5030,128.2908,-53
5031,128.3163,-50
5032,128.3418,-50
5033,128.3673,-53
5034,128.3929,-53
5035,128.4184,-50
5036,128.4439,-52
5037,128.4694,-52
5038,128.4949,-51
5039,128.5204,-51
5040,128.5459,-52
5041,128.5714,-52
5042,128.5969,-50
5043,128.6224,-52
5044,128.6480,-52
5045,128.6735,-46
5046,128.6990,-46
5047,128.7245,-52
5048,128.7500,-52
5049,128.7755,-46
5050,128.8010,-44
5051,128.8265,-44
5052,128.8520,-47
5053,128.8776,-47
5054,128.9031,-50
5055,128.9286,-50
5056,128.9541,-48
5057,128.9796,-48
5058,129.0051,-48
5059,129.0306,-50
5060,129.0561,-50
5061,129.0816,-52
5062,129.1071,-52
5063,129.1327,-51
5064,129.1582,-46
5065,129.1837,-46
5066,129.2092,-52
5067,129.2347,-52
5068,129.2602,-51
5069,129.2857,-51
5070,129.3112,-52
5071,129.3367,-52
5072,129.3622,-50
5073,129.3878,-51
5074,129.4133,-51
5075,129.4388,-51
5076,129.4643,-51
5077,129.4898,-52
5078,129.5153,-52
5079,129.5408,-52
5080,129.5663,-51
5081,129.5918,-51
5082,129.6173,-46
5083,129.6429,-46
5084,129.6684,-53
5085,129.6939,-53
5086,129.7194,-45
5087,129.7449,-50
5088,129.7704,-50
5089,129.7959,-50
5090,129.8214,-50
5091,129.8469,-53
5092,129.8724,-53
5093,129.8980,-47
5094,129.9235,-52
5095,129.9490,-52
5096,129.9745,-49
5097,130.0000,-49
5098,130.0255,-53
5099,130.0510,-53
5100,130.0765,-51
5101,130.1020,-52
5102,130.1276,-52
5103,130.1531,-51
5104,130.1786,-51
5105,130.2041,-53
5106,130.2296,-53
5107,130.2551,-51
5108,130.2806,-51
5109,130.3061,-52
5110,130.3316,-46
5111,130.3571,-46
5112,130.3827,-52
5113,130.4082,-52
5114,130.4337,-46
5115,130.4592,-46
5116,130.4847,-46
5117,130.5102,-46
5118,130.5357,-46
5119,130.5612,-51
5120,130.5867,-51
5121,130.6122,-51
5122,130.6378,-51
5123,130.6633,-44
5124,130.6888,-46
5125,130.7143,-46
5126,130.7398,-51
5127,130.7653,-51
5128,130.7908,-51
5129,130.8163,-51
5130,130.8418,-46
5131,130.8673,-51
5132,130.8929,-51
5133,130.9184,-47
5134,130.9439,-47
5135,130.9694,-52
5136,130.9949,-52
5137,131.0204,-46
5138,131.0459,-46
5139,131.0714,-50
5140,131.0969,-50
5141,131.1224,-50
5142,131.1480,-52
5143,131.1735,-52
5144,131.1990,-46
5145,131.2245,-46
5146,131.2500,-51
5147,131.2755,-50
5148,131.3010,-50
5149,131.3265,-55
5150,131.3520,-55
5151,131.3776,-46
5152,131.4031,-46
5153,131.4286,-51
5154,131.4541,-50
5155,131.4796,-50
5156,131.5051,-53
5157,131.5306,-53
5158,131.5561,-47
5159,131.5816,-47
5160,131.6071,-52
5161,131.6327,-48
5162,131.6582,-48
5163,131.6837,-54
5164,131.7092,-54
5165,131.7347,-46
5166,131.7602,-46
5167,131.7857,-52
5168,131.8112,-48
5169,131.8367,-48
5170,131.8622,-53
5171,131.8878,-53
5172,131.9133,-46
5173,131.9388,-46
5174,131.9643,-52
5175,131.9898,-52
5176,132.0153,-47
5177,132.0408,-53
5178,132.0663,-53
5179,132.0918,-47
5180,132.1173,-47
5181,132.1429,-44
5182,132.1684,-44
5183,132.1939,-44
5184,132.2194,-52
5185,132.2449,-52
5186,132.2704,-47
5187,132.2959,-47
5188,132.3214,-44
5189,132.3469,-44
5190,132.3724,-46
5191,132.3980,-51
5192,132.4235,-51
5193,132.4490,-50
5194,132.4745,-50
5195,132.5000,-46
5196,132.5255,-46
5197,132.5510,-48
5198,132.5765,-50
5199,132.6020,-50
5200,132.6276,-51
5201,132.6531,-51
5202,132.6786,-45
5203,132.7041,-45
5204,132.7296,-51
5205,132.7551,-51
5206,132.7806,-51
5207,132.8061,-52
5208,132.8316,-52
5209,132.8571,-46
5210,132.8827,-46
5211,132.9082,-51
5212,132.9337,-51
5213,132.9592,-50
5214,132.9847,-54
5215,133.0102,-54
5216,133.0357,-51
5217,133.0612,-51
5218,133.0867,-52
5219,133.1122,-52
5220,133.1378,-51
5221,133.1633,-54
5222,133.1888,-54
5223,133.2143,-47
5224,133.2398,-47
5225,133.2653,-52
5226,133.2908,-52
5227,133.3163,-46
5228,133.3418,-54
5229,133.3673,-54
5230,133.3929,-50
5231,133.4184,-50
5232,133.4439,-52
5233,133.4694,-52
5234,133.4949,-50
5235,133.5204,-53
5236,133.5459,-53
5237,133.5714,-47
5238,133.5969,-47
5239,133.6224,-52
5240,133.6480,-52
5241,133.6735,-49
5242,133.6990,-49
5243,133.7245,-54
5244,133.7500,-47
5245,133.7755,-47
5246,133.8010,-45
5247,133.8265,-45
5248,133.8520,-50
5249,133.8776,-50
5250,133.9031,-51
5251,133.9286,-51
5252,133.9541,-51
5253,133.9796,-45
5254,134.0051,-45
5255,134.0306,-50
5256,134.0561,-50
5257,134.0816,-52
5258,134.1071,-51
5259,134.1327,-51
5260,134.1582,-45
5261,134.1837,-45
5262,134.2092,-52
5263,134.2347,-52
5264,134.2602,-50
5265,134.2857,-51
5266,134.3112,-51
5267,134.3367,-45
5268,134.3622,-45
5269,134.3878,-51
5270,134.4133,-51
5271,134.4388,-51
5272,134.4643,-51
5273,134.4898,-51
5274,134.5153,-46
5275,134.5408,-46
5276,134.5663,-51
5277,134.5918,-51
5278,134.6173,-50
5279,134.6429,-50
5280,134.6684,-53
5281,134.6939,-46
5282,134.7194,-46
5283,134.7449,-51
5284,134.7704,-51
5285,134.7959,-51
5286,134.8214,-51
5287,134.8469,-53
5288,134.8724,-47
5289,134.8980,-47
5290,134.9235,-51
5291,134.9490,-51
5292,134.9745,-49
5293,135.0000,-49
5294,135.0255,-55
5295,135.0510,-48
5296,135.0765,-48
5297,135.1020,-54
5298,135.1276,-54
5299,135.1531,-47
5300,135.1786,-47
5301,135.2041,-52
5302,135.2296,-45
5303,135.2551,-45
5304,135.2806,-52
5305,135.3061,-52
5306,135.3316,-46
5307,135.3571,-46
5308,135.3827,-52
5309,135.4082,-50
5310,135.4337,-50
5311,135.4592,-43
5312,135.4847,-43
5313,135.5102,-46
5314,135.5357,-46
5315,135.5612,-50
5316,135.5867,-50
5317,135.6122,-51
5318,135.6378,-44
5319,135.6633,-44
5320,135.6888,-46
5321,135.7143,-46
5322,135.7398,-47
5323,135.7653,-47
5324,135.7908,-50
5325,135.8163,-45
5326,135.8418,-45
5327,135.8673,-51
5328,135.8929,-51
5329,135.9184,-49
5330,135.9439,-49
5331,135.9694,-47
5332,135.9949,-44
5333,136.0204,-44
5334,136.0459,-50
5335,136.0714,-50
5336,136.0969,-47
5337,136.1224,-47
5338,136.1480,-47
5339,136.1735,-49
5340,136.1990,-49
5341,136.2245,-51
5342,136.2500,-51
5343,136.2755,-46
5344,136.3010,-46
5345,136.3265,-52
5346,136.3520,-45
5347,136.3776,-45
5348,136.4031,-52
5349,136.4286,-52
5350,136.4541,-46
5351,136.4796,-46
5352,136.5051,-52
5353,136.5306,-52
5354,136.5561,-50
5355,136.5816,-53
5356,136.6071,-53
5357,136.6327,-45
5358,136.6582,-45
5359,136.6837,-52
5360,136.7092,-52
5361,136.7347,-50
5362,136.7602,-52
5363,136.7857,-52
5364,136.8112,-47
5365,136.8367,-47
5366,136.8622,-52
5367,136.8878,-52
5368,136.9133,-46
5369,136.9388,-53
5370,136.9643,-53
5371,136.9898,-46
5372,137.0153,-46
5373,137.0408,-54
5374,137.0663,-54
5375,137.0918,-47
5376,137.1173,-44
5377,137.1429,-44
5378,137.1684,-46
5379,137.1939,-46
5380,137.2194,-52
5381,137.2449,-52
5382,137.2704,-51
5383,137.2959,-44
5384,137.3214,-44
5385,137.3469,-50
5386,137.3724,-50
5387,137.3980,-51
5388,137.4235,-51
5389,137.4490,-50
5390,137.4745,-50
5391,137.5000,-45
5392,137.5255,-51
5393,137.5510,-51
5394,137.5765,-50
5395,137.6020,-50
5396,137.6276,-51
5397,137.6531,-51
5398,137.6786,-49
5399,137.7041,-52
5400,137.7296,-52
5401,137.7551,-51
5402,137.7806,-51
5403,137.8061,-52
5404,137.8316,-52
5405,137.8571,-46
5406,137.8827,-53
5407,137.9082,-53
5408,137.9337,-50
5409,137.9592,-50
5410,137.9847,-53
5411,138.0102,-53
5412,138.0357,-47
5413,138.0612,-54
5414,138.0867,-54
5415,138.1122,-50
5416,138.1378,-50
5417,138.1633,-53
5418,138.1888,-53
5419,138.2143,-52
5420,138.2398,-55
5421,138.2653,-55
5422,138.2908,-50
5423,138.3163,-50
5424,138.3418,-55
5425,138.3673,-55
5426,138.3929,-50
5427,138.4184,-50
5428,138.4439,-54
5429,138.4694,-51
5430,138.4949,-51
5431,138.5204,-53
5432,138.5459,-53
5433,138.5714,-46
5434,138.5969,-46
5435,138.6224,-46
5436,138.6480,-49
5437,138.6735,-49
5438,138.6990,-53
5439,138.7245,-53
5440,138.7500,-50
5441,138.7755,-50
5442,138.8010,-45
5443,138.8265,-50
5444,138.8520,-50
5445,138.8776,-51
5446,138.9031,-51
5447,138.9286,-51
5448,138.9541,-51
5449,138.9796,-45
5450,139.0051,-50
5451,139.0306,-50
5452,139.0561,-52
5453,139.0816,-52
5454,139.1071,-50
5455,139.1327,-50
5456,139.1582,-46
5457,139.1837,-52
5458,139.2092,-52
5459,139.2347,-50
5460,139.2602,-50
5461,139.2857,-51
5462,139.3112,-51
5463,139.3367,-45
5464,139.3622,-45
5465,139.3878,-51
5466,139.4133,-51
5467,139.4388,-51
5468,139.4643,-51
5469,139.4898,-51
5470,139.5153,-46
5471,139.5408,-46
5472,139.5663,-53
5473,139.5918,-47
5474,139.6173,-47
5475,139.6429,-53
5476,139.6684,-53
5477,139.6939,-46
5478,139.7194,-46
5479,139.7449,-53
5480,139.7704,-50
5481,139.7959,-50
5482,139.8214,-52
5483,139.8469,-52
5484,139.8724,-47
5485,139.8980,-47
5486,139.9235,-54
5487,139.9490,-49
5488,139.9745,-49
5489,140.0000,-53
5490,140.0255,-53
5491,140.0510,-46
5492,140.0765,-46
5493,140.1020,-53
5494,140.1276,-53
5495,140.1531,-47
5496,140.1786,-52
5497,140.2041,-52
5498,140.2296,-46
5499,140.2551,-46
5500,140.2806,-54
5501,140.3061,-54
5502,140.3316,-45
5503,140.3571,-53
5504,140.3827,-53
5505,140.4082,-46
5506,140.4337,-46
5507,140.4592,-45
5508,140.4847,-45
5509,140.5102,-46
5510,140.5357,-51
5511,140.5612,-51
5512,140.5867,-51
5513,140.6122,-51
5514,140.6378,-44
5515,140.6633,-44
5516,140.6888,-50
5517,140.7143,-51
5518,140.7398,-51
5519,140.7653,-50
5520,140.7908,-50
5521,140.8163,-45
5522,140.8418,-45
5523,140.8673,-51
5524,140.8929,-50
5525,140.9184,-50
5526,140.9439,-51
5527,140.9694,-51
5528,140.9949,-45
5529,141.0204,-45
5530,141.0459,-51
5531,141.0714,-51
5532,141.0969,-51
5533,141.1224,-51
5534,141.1480,-51
5535,141.1735,-46
5536,141.1990,-46
5537,141.2245,-52
5538,141.2500,-52
5539,141.2755,-49
5540,141.3010,-52
5541,141.3265,-52
5542,141.3520,-46
5543,141.3776,-46
5544,141.4031,-52
5545,141.4286,-52
5546,141.4541,-50
5547,141.4796,-53
5548,141.5051,-53
5549,141.5306,-47
5550,141.5561,-47
5551,141.5816,-54
5552,141.6071,-54
5553,141.6327,-46
5554,141.6582,-53
5555,141.6837,-53
5556,141.7092,-50
5557,141.7347,-50
5558,141.7602,-54
5559,141.7857,-54
5560,141.8112,-47
5561,141.8367,-53
5562,141.8622,-53
5563,141.8878,-46
5564,141.9133,-46
5565,141.9388,-53
5566,141.9643,-53
5567,141.9898,-46
5568,142.0153,-46
5569,142.0408,-54
5570,142.0663,-50
5571,142.0918,-50
5572,142.1173,-44
5573,142.1429,-44
5574,142.1684,-47
5575,142.1939,-47
5576,142.2194,-52
5577,142.2449,-48
5578,142.2704,-48
5579,142.2959,-44
5580,142.3214,-44
5581,142.3469,-50
5582,142.3724,-50
5583,142.3980,-52
5584,142.4235,-50
5585,142.4490,-50
5586,142.4745,-45
5587,142.5000,-45
5588,142.5255,-51
5589,142.5510,-51
5590,142.5765,-50
5591,142.6020,-51
5592,142.6276,-51
5593,142.6531,-46
5594,142.6786,-46
5595,142.7041,-51
5596,142.7296,-51
5597,142.7551,-48
5598,142.7806,-51
5599,142.8061,-51
5600,142.8316,-47
5601,142.8571,-47
5602,142.8827,-52
5603,142.9082,-52
5604,142.9337,-50
5605,142.9592,-50
5606,142.9847,-53
5607,143.0102,-46
5608,143.0357,-46
5609,143.0612,-52
5610,143.0867,-52
5611,143.1122,-52
5612,143.1378,-52
5613,143.1633,-52
5614,143.1888,-48
5615,143.2143,-48
5616,143.2398,-54
5617,143.2653,-54
5618,143.2908,-48
5619,143.3163,-48
5620,143.3418,-54
5621,143.3673,-50
5622,143.3929,-50
5623,143.4184,-53
5624,143.4439,-53
5625,143.4694,-50
5626,143.4949,-50
5627,143.5204,-51
5628,143.5459,-47
5629,143.5714,-47
5630,143.5969,-54
5631,143.6224,-54
5632,143.6480,-46
5633,143.6735,-46
5634,143.6990,-53
5635,143.7245,-50
5636,143.7500,-50
5637,143.7755,-45
5638,143.8010,-45
5639,143.8265,-50
5640,143.8520,-50
5641,143.8776,-51
5642,143.9031,-51
5643,143.9286,-51
5644,143.9541,-44
5645,143.9796,-44
5646,144.0051,-50
5647,144.0306,-50
5648,144.0561,-52
5649,144.0816,-52
5650,144.1071,-50
5651,144.1327,-45
5652,144.1582,-45
5653,144.1837,-51
5654,144.2092,-51
5655,144.2347,-50
5656,144.2602,-50
5657,144.2857,-51
5658,144.3112,-49
5659,144.3367,-49
5660,144.3622,-51
5661,144.3878,-51
5662,144.4133,-51
5663,144.4388,-51
5664,144.4643,-50
5665,144.4898,-46
5666,144.5153,-46
5667,144.5408,-52
5668,144.5663,-52
5669,144.5918,-47
5670,144.6173,-47
5671,144.6429,-53
5672,144.6684,-53
5673,144.6939,-50
5674,144.7194,-52
5675,144.7449,-52
5676,144.7704,-49
5677,144.7959,-49
5678,144.8214,-52
5679,144.8469,-52
5680,144.8724,-47
5681,144.8980,-54
5682,144.9235,-54
5683,144.9490,-49
5684,144.9745,-49
5685,145.0000,-53
5686,145.0255,-53
5687,145.0510,-45
5688,145.0765,-54
5689,145.1020,-54
5690,145.1276,-48
5691,145.1531,-48
5692,145.1786,-53
5693,145.2041,-53
5694,145.2296,-46
5695,145.2551,-54
5696,145.2806,-54
5697,145.3061,-46
5698,145.3316,-46
5699,145.3571,-54
5700,145.3827,-54
5701,145.4082,-47
5702,145.4337,-48
5703,145.4592,-48
5704,145.4847,-46
5705,145.5102,-46
5706,145.5357,-52
5707,145.5612,-52
5708,145.5867,-51
5709,145.6122,-51
5710,145.6378,-44
5711,145.6633,-49
5712,145.6888,-49
5713,145.7143,-51
5714,145.7398,-51
5715,145.7653,-50
5716,145.7908,-50
5717,145.8163,-45
5718,145.8418,-51
5719,145.8673,-51
5720,145.8929,-49
5721,145.9184,-49
5722,145.9439,-46
5723,145.9694,-46
5724,145.9949,-45
5725,146.0204,-51
5726,146.0459,-51
5727,146.0714,-47
5728,146.0969,-47
5729,146.1224,-50
5730,146.1480,-50
5731,146.1735,-46
5732,146.1990,-52
5733,146.2245,-52
5734,146.2500,-49
5735,146.2755,-49
5736,146.3010,-52
5737,146.3265,-52
5738,146.3520,-45
5739,146.3776,-52
5740,146.4031,-52
5741,146.4286,-47
5742,146.4541,-47
5743,146.4796,-52
5744,146.5051,-52
5745,146.5306,-46
5746,146.5561,-46
5747,146.5816,-54
5748,146.6071,-46
5749,146.6327,-46
5750,146.6582,-53
5751,146.6837,-53
5752,146.7092,-45
5753,146.7347,-45
5754,146.7602,-52
5755,146.7857,-47
5756,146.8112,-47
5757,146.8367,-52
5758,146.8622,-52
5759,146.8878,-46
5760,146.9133,-46
5761,146.9388,-53
5762,146.9643,-49
5763,146.9898,-49
5764,147.0153,-53
5765,147.0408,-53
5766,147.0663,-49
5767,147.0918,-49
5768,147.1173,-45
5769,147.1429,-49
5770,147.1684,-49
5771,147.1939,-51
5772,147.2194,-51
5773,147.2449,-51
5774,147.2704,-51
5775,147.2959,-44
5776,147.3214,-50
5777,147.3469,-50
5778,147.3724,-51
5779,147.3980,-51
5780,147.4235,-47
5781,147.4490,-47
5782,147.4745,-45
5783,147.5000,-45
5784,147.5255,-51
5785,147.5510,-47
5786,147.5765,-47
5787,147.6020,-51
5788,147.6276,-51
5789,147.6531,-50
5790,147.6786,-50
5791,147.7041,-50
5792,147.7296,-51
5793,147.7551,-51
5794,147.7806,-54
5795,147.8061,-54
5796,147.8316,-52
5797,147.8571,-52
5798,147.8827,-54
5799,147.9082,-51
5800,147.9337,-51
5801,147.9592,-55
5802,147.9847,-55
5803,148.0102,-52
5804,148.0357,-52
5805,148.0612,-56
5806,148.0867,-52
5807,148.1122,-52
5808,148.1378,-56
5809,148.1633,-56
5810,148.1888,-52
5811,148.2143,-52
5812,148.2398,-55
5813,148.2653,-50
5814,148.2908,-50
5815,148.3163,-55
5816,148.3418,-55
5817,148.3673,-45
5818,148.3929,-45
5819,148.4184,-50
5820,148.4439,-50
5821,148.4694,-43
5822,148.4949,-46
5823,148.5204,-46
5824,148.5459,-46
5825,148.5714,-46
5826,148.5969,-50
5827,148.6224,-50
5828,148.6480,-49
5829,148.6735,-55
5830,148.6990,-55
5831,148.7245,-46
5832,148.7500,-46
5833,148.7755,-43
5834,148.8010,-43
5835,148.8265,-46
5836,148.8520,-45
5837,148.8776,-45
5838,148.9031,-50
5839,148.9286,-50
5840,148.9541,-45
5841,148.9796,-45
5842,149.0051,-51
5843,149.0306,-49
5844,149.0561,-49
5845,149.0816,-51
5846,149.1071,-51
5847,149.1327,-53
5848,149.1582,-53
5849,149.1837,-58
5850,149.2092,-58
5851,149.2347,-56
5852,149.2602,-58
5853,149.2857,-58
5854,149.3112,-52
5855,149.3367,-52
5856,149.3622,-55
5857,149.3878,-55
5858,149.4133,-58
5859,149.4388,-64
5860,149.4643,-64
5861,149.4898,-55
5862,149.5153,-55
5863,149.5408,-54
5864,149.5663,-54
5865,149.5918,-55
5866,149.6173,-57
5867,149.6429,-57
5868,149.6684,-53
5869,149.6939,-53
5870,149.7194,-51
5871,149.7449,-51
5872,149.7704,-53
5873,149.7959,-57
5874,149.8214,-57
5875,149.8469,-55
5876,149.8724,-55
5877,149.8980,-56
5878,149.9235,-56
5879,149.9490,-56
5880,149.9745,-55
5881,150.0000,-55
5882,150.0255,-54
5883,150.0510,-54
5884,150.0765,-52
5885,150.1020,-52
5886,150.1276,-58
5887,150.1531,-58
5888,150.1786,-51
5889,150.2041,-55
5890,150.2296,-55
5891,150.2551,-53
5892,150.2806,-53
5893,150.3061,-55
5894,150.3316,-55
5895,150.3571,-54
5896,150.3827,-55
5897,150.4082,-55
5898,150.4337,-46
5899,150.4592,-46
5900,150.4847,-57
5901,150.5102,-57
5902,150.5357,-52
5903,150.5612,-56
5904,150.5867,-56
5905,150.6122,-45
5906,150.6378,-45
5907,150.6633,-56
5908,150.6888,-56
5909,150.7143,-53
5910,150.7398,-56
5911,150.7653,-56
5912,150.7908,-47
5913,150.8163,-47
5914,150.8418,-57
5915,150.8673,-57
5916,150.8929,-55
5917,150.9184,-57
5918,150.9439,-57
5919,150.9694,-51
5920,150.9949,-51
5921,151.0204,-55
5922,151.0459,-55
5923,151.0714,-56
5924,151.0969,-56
5925,151.1224,-56
5926,151.1480,-52
5927,151.1735,-52
5928,151.1990,-55
5929,151.2245,-55
5930,151.2500,-56
5931,151.2755,-56
5932,151.3010,-56
5933,151.3265,-53
5934,151.3520,-53
5935,151.3776,-55
5936,151.4031,-55
5937,151.4286,-57
5938,151.4541,-57
5939,151.4796,-55
5940,151.5051,-55
5941,151.5306,-55
5942,151.5561,-55
5943,151.5816,-55
5944,151.6071,-56
5945,151.6327,-56
5946,151.6582,-55
5947,151.6837,-54
5948,151.7092,-54
5949,151.7347,-54
5950,151.7602,-54
5951,151.7857,-58
5952,151.8112,-58
5953,151.8367,-54
5954,151.8622,-55
5955,151.8878,-55
5956,151.9133,-53
5957,151.9388,-53
5958,151.9643,-56
5959,151.9898,-56
5960,152.0153,-55
5961,152.0408,-55
5962,152.0663,-55
5963,152.0918,-46
5964,152.1173,-46
5965,152.1429,-56
5966,152.1684,-56
5967,152.1939,-55
5968,152.2194,-55
5969,152.2449,-56
5970,152.2704,-46
5971,152.2959,-46
5972,152.3214,-56
5973,152.3469,-56
5974,152.3724,-56
5975,152.3980,-56
5976,152.4235,-57
5977,152.4490,-51
5978,152.4745,-51
5979,152.5000,-56
5980,152.5255,-56
5981,152.5510,-56
5982,152.5765,-56
5983,152.6020,-57
5984,152.6276,-51
5985,152.6531,-51
5986,152.6786,-55
5987,152.7041,-55
5988,152.7296,-57
5989,152.7551,-57
5990,152.7806,-56
5991,152.8061,-56
5992,152.8316,-52
5993,152.8571,-56
5994,152.8827,-56
5995,152.9082,-56
5996,152.9337,-56
5997,152.9592,-57
5998,152.9847,-57
5999,153.0102,-53
6000,153.0357,-55
6001,153.0612,-55
6002,153.0867,-57
6003,153.1122,-57
6004,153.1378,-55
6005,153.1633,-55
6006,153.1888,-55
6007,153.2143,-55
6008,153.2398,-55
6009,153.2653,-57
6010,153.2908,-57
6011,153.3163,-56
6012,153.3418,-56
6013,153.3673,-54
6014,153.3929,-53
6015,153.4184,-53
6016,153.4439,-59
6017,153.4694,-59
6018,153.4949,-54
6019,153.5204,-54
6020,153.5459,-55
6021,153.5714,-53
6022,153.5969,-53
6023,153.6224,-57
6024,153.6480,-57
6025,153.6735,-55
6026,153.6990,-55
6027,153.7245,-55
6028,153.7500,-55
6029,153.7755,-50
6030,153.8010,-57
6031,153.8265,-57
6032,153.8520,-55
6033,153.8776,-55
6034,153.9031,-56
6035,153.9286,-56
6036,153.9541,-50
6037,153.9796,-56
6038,154.0051,-56
6039,154.0306,-56
6040,154.0561,-56
6041,154.0816,-56
6042,154.1071,-56
6043,154.1327,-48
6044,154.1582,-57
6045,154.1837,-57
6046,154.2092,-56
6047,154.2347,-56
6048,154.2602,-56
6049,154.2857,-56
6050,154.3112,-51
6051,154.3367,-55
6052,154.3622,-55
6053,154.3878,-57
6054,154.4133,-57
6055,154.4388,-56
6056,154.4643,-56
6057,154.4898,-52
6058,154.5153,-55
6059,154.5408,-55
6060,154.5663,-56
6061,154.5918,-56
6062,154.6173,-57
6063,154.6429,-57
6064,154.6684,-53
6065,154.6939,-53
6066,154.7194,-55
6067,154.7449,-56
6068,154.7704,-56
6069,154.7959,-55
6070,154.8214,-55
6071,154.8469,-55
6072,154.8724,-55
6073,154.8980,-56
6074,154.9235,-57
6075,154.9490,-57
6076,154.9745,-56
6077,155.0000,-56
6078,155.0255,-55
6079,155.0510,-55
6080,155.0765,-54
6081,155.1020,-58
6082,155.1276,-58
6083,155.1531,-54
6084,155.1786,-54
6085,155.2041,-55
6086,155.2296,-55
6087,155.2551,-54
6088,155.2806,-56
6089,155.3061,-56
6090,155.3316,-55
6091,155.3571,-55
6092,155.3827,-55
6093,155.4082,-55
6094,155.4337,-46
6095,155.4592,-56
6096,155.4847,-56
6097,155.5102,-55
6098,155.5357,-55
6099,155.5612,-57
6100,155.5867,-57
6101,155.6122,-46
6102,155.6378,-46
6103,155.6633,-56
6104,155.6888,-56
6105,155.7143,-56
6106,155.7398,-56
6107,155.7653,-56
6108,155.7908,-47
6109,155.8163,-47
6110,155.8418,-47
6111,155.8673,-55
6112,155.8929,-55
6113,155.9184,-56
6114,155.9439,-56
6115,155.9694,-51
6116,155.9949,-51
6117,156.0204,-55
6118,156.0459,-56
6119,156.0714,-56
6120,156.0969,-55
6121,156.1224,-55
6122,156.1480,-52
6123,156.1735,-52
6124,156.1990,-56
6125,156.2245,-55
6126,156.2500,-55
6127,156.2755,-56
6128,156.3010,-56
6129,156.3265,-52
6130,156.3520,-52
6131,156.3776,-55
6132,156.4031,-55
6133,156.4286,-56
6134,156.4541,-55
6135,156.4796,-55
6136,156.5051,-55
6137,156.5306,-55
6138,156.5561,-56
6139,156.5816,-56
6140,156.6071,-57
6141,156.6327,-55
6142,156.6582,-55
6143,156.6837,-55
6144,156.7092,-55
6145,156.7347,-54
6146,156.7602,-54
6147,156.7857,-58
6148,156.8112,-55
6149,156.8367,-55
6150,156.8622,-55
6151,156.8878,-55
6152,156.9133,-54
6153,156.9388,-54
6154,156.9643,-56
6155,156.9898,-55
6156,157.0153,-55
6157,157.0408,-55
6158,157.0663,-55
6159,157.0918,-46
6160,157.1173,-46
6161,157.1429,-56
6162,157.1684,-55
6163,157.1939,-55
6164,157.2194,-57
6165,157.2449,-57
6166,157.2704,-46
6167,157.2959,-46
6168,157.3214,-56
6169,157.3469,-56
6170,157.3724,-56
6171,157.3980,-55
6172,157.4235,-55
6173,157.4490,-47
6174,157.4745,-47
6175,157.5000,-57
6176,157.5255,-57
6177,157.5510,-56
6178,157.5765,-57
6179,157.6020,-57
6180,157.6276,-47
6181,157.6531,-47
6182,157.6786,-55
6183,157.7041,-55
6184,157.7296,-57
6185,157.7551,-56
6186,157.7806,-56
6187,157.8061,-52
6188,157.8316,-52
6189,157.8571,-55
6190,157.8827,-55
6191,157.9082,-55
6192,157.9337,-56
6193,157.9592,-56
6194,157.9847,-52
6195,158.0102,-52
6196,158.0357,-55
6197,158.0612,-55
6198,158.0867,-56
6199,158.1122,-55
6200,158.1378,-55
6201,158.1633,-54
6202,158.1888,-54
6203,158.2143,-57
6204,158.2398,-57
6205,158.2653,-56
6206,158.2908,-56
6207,158.3163,-55
6208,158.3418,-54
6209,158.3673,-54
6210,158.3929,-54
6211,158.4184,-54
6212,158.4439,-57
6213,158.4694,-57
6214,158.4949,-53
6215,158.5204,-53
6216,158.5459,-53
6217,158.5714,-54
6218,158.5969,-54
6219,158.6224,-55
6220,158.6480,-55
6221,158.6735,-54
6222,158.6990,-54
6223,158.7245,-54
6224,158.7500,-45
6225,158.7755,-45
6226,158.8010,-56
6227,158.8265,-56
6228,158.8520,-52
6229,158.8776,-55
6230,158.9031,-55
6231,158.9286,-44
6232,158.9541,-44
6233,158.9796,-52
6234,159.0051,-52
6235,159.0306,-50
6236,159.0561,-50
6237,159.0816,-50
6238,159.1071,-43
6239,159.1327,-43
6240,159.1582,-51
6241,159.1837,-51
6242,159.2092,-45
6243,159.2347,-45
6244,159.2602,-46
6245,159.2857,-42
6246,159.3112,-42
6247,159.3367,-49
6248,159.3622,-49
6249,159.3878,-47
6250,159.4133,-47
6251,159.4388,-47
6252,159.4643,-47
6253,159.4898,-47
6254,159.5153,-52
6255,159.5408,-52
6256,159.5663,-45
6257,159.5918,-45
6258,159.6173,-51
6259,159.6429,-50
6260,159.6684,-50
6261,159.6939,-54
6262,159.7194,-54
6263,159.7449,-50
6264,159.7704,-50
6265,159.7959,-54
6266,159.8214,-53
6267,159.8469,-53
6268,159.8724,-60
6269,159.8980,-60
6270,159.9235,-52
6271,159.9490,-52
6272,159.9745,-54
6273,160.0000,-54
6274,160.0255,-54
6275,160.0510,-59
6276,160.0765,-59
6277,160.1020,-56
6278,160.1276,-56
6279,160.1531,-53
6280,160.1786,-53
6281,160.2041,-54
6282,160.2296,-58
6283,160.2551,-58
6284,160.2806,-56
6285,160.3061,-56
6286,160.3316,-55
6287,160.3571,-55
6288,160.3827,-55
6289,160.4082,-55
6290,160.4337,-55
6291,160.4592,-58
6292,160.4847,-58
6293,160.5102,-53
6294,160.5357,-53
6295,160.5612,-57
6296,160.5867,-55
6297,160.6122,-55
6298,160.6378,-59
6299,160.6633,-59
6300,160.6888,-54
6301,160.7143,-54
6302,160.7398,-57
6303,160.7653,-55
6304,160.7908,-55
6305,160.8163,-61
6306,160.8418,-61
6307,160.8673,-54
6308,160.8929,-54
6309,160.9184,-57
6310,160.9439,-57
6311,160.9694,-54
6312,160.9949,-60
6313,161.0204,-60
6314,161.0459,-54
6315,161.0714,-54
6316,161.0969,-57
6317,161.1224,-57
6318,161.1480,-53
6319,161.1735,-58
6320,161.1990,-58
6321,161.2245,-52
6322,161.2500,-52
6323,161.2755,-57
6324,161.3010,-57
6325,161.3265,-54
6326,161.3520,-59
6327,161.3776,-59
6328,161.4031,-52
6329,161.4286,-52
6330,161.4541,-55
6331,161.4796,-55
6332,161.5051,-56
6333,161.5306,-60
6334,161.5561,-60
6335,161.5816,-54
6336,161.6071,-54
6337,161.6327,-56
6338,161.6582,-56
6339,161.6837,-55
6340,161.7092,-58
6341,161.7347,-58
6342,161.7602,-55
6343,161.7857,-55
6344,161.8112,-53
6345,161.8367,-53
6346,161.8622,-57
6347,161.8878,-57
6348,161.9133,-58
6349,161.9388,-55
6350,161.9643,-55
6351,161.9898,-53
6352,162.0153,-53
6353,162.0408,-55
6354,162.0663,-55
6355,162.0918,-55
6356,162.1173,-54
6357,162.1429,-54
6358,162.1684,-51
6359,162.1939,-51
6360,162.2194,-57
6361,162.2449,-57
6362,162.2704,-51
6363,162.2959,-54
6364,162.3214,-54
6365,162.3469,-52
6366,162.3724,-52
6367,162.3980,-58
6368,162.4235,-58
6369,162.4490,-52
6370,162.4745,-53
6371,162.5000,-53
6372,162.5255,-52
6373,162.5510,-52
6374,162.5765,-61
6375,162.6020,-61
6376,162.6276,-47
6377,162.6531,-50
6378,162.6786,-50
6379,162.7041,-52
6380,162.7296,-52
6381,162.7551,-56
6382,162.7806,-56
6383,162.8061,-44
6384,162.8316,-44
6385,162.8571,-43
6386,162.8827,-49
6387,162.9082,-49
6388,162.9337,-58
6389,162.9592,-58
6390,162.9847,-51
6391,163.0102,-51
6392,163.0357,-51
6393,163.0612,-53
6394,163.0867,-53
6395,163.1122,-56
6396,163.1378,-56
6397,163.1633,-55
6398,163.1888,-55
6399,163.2143,-57
6400,163.2398,-56
6401,163.2653,-56
6402,163.2908,-60
6403,163.3163,-60
6404,163.3418,-59
6405,163.3673,-59
6406,163.3929,-60
6407,163.4184,-64
6408,163.4439,-64
6409,163.4694,-59
6410,163.4949,-59
6411,163.5204,-52
6412,163.5459,-52
6413,163.5714,-55
6414,163.5969,-55
6415,163.6224,-59
6416,163.6480,-58
6417,163.6735,-58
6418,163.6990,-53
6419,163.7245,-53
6420,163.7500,-53
6421,163.7755,-53
6422,163.8010,-55
6423,163.8265,-57
6424,163.8520,-57
6425,163.8776,-58
6426,163.9031,-58
6427,163.9286,-55
6428,163.9541,-55
6429,163.9796,-56
6430,164.0051,-58
6431,164.0306,-58
6432,164.0561,-59
6433,164.0816,-59
6434,164.1071,-57
6435,164.1327,-57
6436,164.1582,-58
6437,164.1837,-58
6438,164.2092,-58
6439,164.2347,-60
6440,164.2602,-60
6441,164.2857,-56
6442,164.3112,-56
6443,164.3367,-58
6444,164.3622,-58
6445,164.3878,-58
6446,164.4133,-60
6447,164.4388,-60
6448,164.4643,-56
6449,164.4898,-56
6450,164.5153,-60
6451,164.5408,-60
6452,164.5663,-56
6453,164.5918,-61
6454,164.6173,-61
6455,164.6429,-56
6456,164.6684,-56
6457,164.6939,-60
6458,164.7194,-60
6459,164.7449,-57
6460,164.7704,-60
6461,164.7959,-60
6462,164.8214,-58
6463,164.8469,-58
6464,164.8724,-61
6465,164.8980,-61
6466,164.9235,-57
6467,164.9490,-60
6468,164.9745,-60
6469,165.0000,-57
6470,165.0255,-57
6471,165.0510,-59
6472,165.0765,-59
6473,165.1020,-59
6474,165.1276,-59
6475,165.1531,-59
6476,165.1786,-57
6477,165.2041,-57
6478,165.2296,-58
6479,165.2551,-58
6480,165.2806,-58
6481,165.3061,-60
6482,165.3316,-60
6483,165.3571,-57
6484,165.3827,-57
6485,165.4082,-59
6486,165.4337,-59
6487,165.4592,-57
6488,165.4847,-57
6489,165.5102,-58
6490,165.5357,-57
6491,165.5612,-57
6492,165.5867,-57
6493,165.6122,-57
6494,165.6378,-57
6495,165.6633,-57
6496,165.6888,-57
6497,165.7143,-57
6498,165.7398,-57
6499,165.7653,-58
6500,165.7908,-58
6501,165.8163,-57
6502,165.8418,-57
6503,165.8673,-57
6504,165.8929,-58
6505,165.9184,-58
6506,165.9439,-57
6507,165.9694,-57
6508,165.9949,-58
6509,166.0204,-58
6510,166.0459,-60
6511,166.0714,-59
6512,166.0969,-59
6513,166.1224,-57
6514,166.1480,-57
6515,166.1735,-60
6516,166.1990,-60
6517,166.2245,-59
6518,166.2500,-60
6519,166.2755,-60
6520,166.3010,-56
6521,166.3265,-56
6522,166.3520,-60
6523,166.3776,-60
6524,166.4031,-59
6525,166.4286,-59
6526,166.4541,-59
6527,166.4796,-57
6528,166.5051,-57
6529,166.5306,-61
6530,166.5561,-61
6531,166.5816,-59
6532,166.6071,-59
6533,166.6327,-60
6534,166.6582,-57
6535,166.6837,-57
6536,166.7092,-62
6537,166.7347,-62
6538,166.7602,-60
6539,166.7857,-60
6540,166.8112,-59
6541,166.8367,-57
6542,166.8622,-57
6543,166.8878,-62
6544,166.9133,-62
6545,166.9388,-59
6546,166.9643,-59
6547,166.9898,-60
6548,167.0153,-58
6549,167.0408,-58
6550,167.0663,-58
6551,167.0918,-58
6552,167.1173,-59
6553,167.1429,-59
6554,167.1684,-59
6555,167.1939,-59
6556,167.2194,-59
6557,167.2449,-58
6558,167.2704,-58
6559,167.2959,-58
6560,167.3214,-58
6561,167.3469,-58
6562,167.3724,-58
6563,167.3980,-58
6564,167.4235,-58
6565,167.4490,-58
6566,167.4745,-59
6567,167.5000,-59
6568,167.5255,-58
6569,167.5510,-58
6570,167.5765,-60
6571,167.6020,-57
6572,167.6276,-57
6573,167.6531,-58
6574,167.6786,-58
6575,167.7041,-78
6576,167.7296,-78
6577,167.7551,-60
6578,167.7806,-57
6579,167.8061,-57
6580,167.8316,-59
6581,167.8571,-59
6582,167.8827,-58
6583,167.9082,-58
6584,167.9337,-61
6585,167.9592,-57
6586,167.9847,-57
6587,168.0102,-59
6588,168.0357,-59
6589,168.0612,-80
6590,168.0867,-80
6591,168.1122,-60
6592,168.1378,-57
6593,168.1633,-57
6594,168.1888,-62
6595,168.2143,-62
6596,168.2398,-58
6597,168.2653,-58
6598,168.2908,-60
6599,168.3163,-60
6600,168.3418,-57
6601,168.3673,-61
6602,168.3929,-61
6603,168.4184,-59
6604,168.4439,-59
6605,168.4694,-59
6606,168.4949,-59
6607,168.5204,-57
6608,168.5459,-62
6609,168.5714,-62
6610,168.5969,-58
6611,168.6224,-58
6612,168.6480,-60
6613,168.6735,-60
6614,168.6990,-58
6615,168.7245,-58
6616,168.7500,-58
6617,168.7755,-59
6618,168.8010,-59
6619,168.8265,-59
6620,168.8520,-59
6621,168.8776,-60
6622,168.9031,-58
6623,168.9286,-58
6624,168.9541,-59
6625,168.9796,-59
6626,169.0051,-79
6627,169.0306,-79
6628,169.0561,-59
6629,169.0816,-58
6630,169.1071,-58
6631,169.1327,-59
6632,169.1582,-59
6633,169.1837,-60
6634,169.2092,-60
6635,169.2347,-59
6636,169.2602,-59
6637,169.2857,-56
6638,169.3112,-59
6639,169.3367,-59
6640,169.3622,-83
6641,169.3878,-83
6642,169.4133,-59
6643,169.4388,-59
6644,169.4643,-57
6645,169.4898,-60
6646,169.5153,-60
6647,169.5408,-86
6648,169.5663,-86
6649,169.5918,-60
6650,169.6173,-60
6651,169.6429,-56
6652,169.6684,-59
6653,169.6939,-59
6654,169.7194,-58
6655,169.7449,-58
6656,169.7704,-59
6657,169.7959,-59
6658,169.8214,-58
6659,169.8469,-62
6660,169.8724,-62
6661,169.8980,-59
6662,169.9235,-59
6663,169.9490,-59
6664,169.9745,-59
6665,170.0000,-57
6666,170.0255,-62
6667,170.0510,-62
6668,170.0765,-61
6669,170.1020,-61
6670,170.1276,-59
6671,170.1531,-59
6672,170.1786,-57
6673,170.2041,-57
6674,170.2296,-62
6675,170.2551,-59
6676,170.2806,-59
6677,170.3061,-61
6678,170.3316,-61
6679,170.3571,-58
6680,170.3827,-58
6681,170.4082,-59
6682,170.4337,-60
6683,170.4592,-60
6684,170.4847,-59
6685,170.5102,-59
6686,170.5357,-59
6687,170.5612,-59
6688,170.5867,-58
6689,170.6122,-60
6690,170.6378,-60
6691,170.6633,-60
6692,170.6888,-60
6693,170.7143,-57
6694,170.7398,-57
6695,170.7653,-59
6696,170.7908,-60
6697,170.8163,-60
6698,170.8418,-59
6699,170.8673,-59
6700,170.8929,-59
6701,170.9184,-59
6702,170.9439,-58
6703,170.9694,-59
6704,170.9949,-59
6705,171.0204,-60
6706,171.0459,-60
6707,171.0714,-60
6708,171.0969,-60
6709,171.1224,-57
6710,171.1480,-57
6711,171.1735,-60
6712,171.1990,-58
6713,171.2245,-58
6714,171.2500,-60
6715,171.2755,-60
6716,171.3010,-56
6717,171.3265,-56
6718,171.3520,-60
6719,171.3776,-59
6720,171.4031,-59
6721,171.4286,-60
6722,171.4541,-60
6723,171.4796,-58
6724,171.5051,-58
6725,171.5306,-62
6726,171.5561,-58
6727,171.5816,-58
6728,171.6071,-60
6729,171.6327,-60
6730,171.6582,-56
6731,171.6837,-56
6732,171.7092,-64
6733,171.7347,-60
6734,171.7602,-60
6735,171.7857,-59
6736,171.8112,-59
6737,171.8367,-57
6738,171.8622,-57
6739,171.8878,-65
6740,171.9133,-60
6741,171.9388,-60
6742,171.9643,-60
6743,171.9898,-60
6744,172.0153,-57
6745,172.0408,-57
6746,172.0663,-58
6747,172.0918,-58
6748,172.1173,-61
6749,172.1429,-59
6750,172.1684,-59
6751,172.1939,-58
6752,172.2194,-58
6753,172.2449,-58
6754,172.2704,-58
6755,172.2959,-60
6756,172.3214,-60
6757,172.3469,-60
6758,172.3724,-58
6759,172.3980,-58
6760,172.4235,-58
6761,172.4490,-58
6762,172.4745,-60
6763,172.5000,-59
6764,172.5255,-59
6765,172.5510,-59
6766,172.5765,-59
6767,172.6020,-57
6768,172.6276,-57
6769,172.6531,-60
6770,172.6786,-60
6771,172.7041,-60
6772,172.7296,-59
6773,172.7551,-59
6774,172.7806,-56
6775,172.8061,-56
6776,172.8316,-59
6777,172.8571,-58
6778,172.8827,-58
6779,172.9082,-60
6780,172.9337,-60
6781,172.9592,-56
6782,172.9847,-56
6783,173.0102,-60
6784,173.0357,-60
6785,173.0612,-58
6786,173.0867,-58
6787,173.1122,-58
6788,173.1378,-57
6789,173.1633,-57
6790,173.1888,-62
6791,173.2143,-62
6792,173.2398,-57
6793,173.2653,-59
6794,173.2908,-59
6795,173.3163,-56
6796,173.3418,-56
6797,173.3673,-63
6798,173.3929,-63
6799,173.4184,-59
6800,173.4439,-57
6801,173.4694,-57
6802,173.4949,-56
6803,173.5204,-56
6804,173.5459,-65
6805,173.5714,-65
6806,173.5969,-58
6807,173.6224,-58
6808,173.6480,-58
6809,173.6735,-57
6810,173.6990,-57
6811,173.7245,-57
6812,173.7500,-57
6813,173.7755,-59
6814,173.8010,-57
6815,173.8265,-57
6816,173.8520,-58
6817,173.8776,-58
6818,173.9031,-57
6819,173.9286,-57
6820,173.9541,-59
6821,173.9796,-59
6822,174.0051,-59
6823,174.0306,-58
6824,174.0561,-58
6825,174.0816,-58
6826,174.1071,-58
6827,174.1327,-60
6828,174.1582,-60
6829,174.1837,-58
6830,174.2092,-58
6831,174.2347,-58
6832,174.2602,-57
6833,174.2857,-57
6834,174.3112,-59
6835,174.3367,-59
6836,174.3622,-60
6837,174.3878,-58
6838,174.4133,-58
6839,174.4388,-57
6840,174.4643,-57
6841,174.4898,-59
6842,174.5153,-59
6843,174.5408,-58
6844,174.5663,-59
6845,174.5918,-59
6846,174.6173,-56
6847,174.6429,-56
6848,174.6684,-60
6849,174.6939,-60
6850,174.7194,-58
6851,174.7449,-59
6852,174.7704,-59
6853,174.7959,-57
6854,174.8214,-57
6855,174.8469,-62
6856,174.8724,-62
6857,174.8980,-57
6858,174.9235,-57
6859,174.9490,-59
6860,174.9745,-57
6861,175.0000,-57
6862,175.0255,-64
6863,175.0510,-64
6864,175.0765,-59
6865,175.1020,-59
6866,175.1276,-58
6867,175.1531,-57
6868,175.1786,-57
6869,175.2041,-66
6870,175.2296,-66
6871,175.2551,-59
6872,175.2806,-59
6873,175.3061,-59
6874,175.3316,-57
6875,175.3571,-57
6876,175.3827,-57
6877,175.4082,-57
6878,175.4337,-60
6879,175.4592,-60
6880,175.4847,-58
6881,175.5102,-58
6882,175.5357,-58
6883,175.5612,-57
6884,175.5867,-57
6885,175.6122,-59
6886,175.6378,-59
6887,175.6633,-59
6888,175.6888,-57
6889,175.7143,-57
6890,175.7398,-58
6891,175.7653,-58
6892,175.7908,-60
6893,175.8163,-60
6894,175.8418,-59
6895,175.8673,-59
6896,175.8929,-58
6897,175.9184,-57
6898,175.9439,-57
6899,175.9694,-59
6900,175.9949,-59
6901,176.0204,-59
6902,176.0459,-59
6903,176.0714,-59
6904,176.0969,-57
6905,176.1224,-57
6906,176.1480,-59
6907,176.1735,-59
6908,176.1990,-58
6909,176.2245,-58
6910,176.2500,-61
6911,176.2755,-56
6912,176.3010,-56
6913,176.3265,-60
6914,176.3520,-60
6915,176.3776,-58
6916,176.4031,-58
6917,176.4286,-60
6918,176.4541,-57
6919,176.4796,-57
6920,176.5051,-62
6921,176.5306,-62
6922,176.5561,-57
6923,176.5816,-57
6924,176.6071,-59
6925,176.6327,-57
6926,176.6582,-57
6927,176.6837,-64
6928,176.7092,-64
6929,176.7347,-60
6930,176.7602,-60
6931,176.7857,-58
6932,176.8112,-58
6933,176.8367,-57
6934,176.8622,-66
6935,176.8878,-66
6936,176.9133,-59
6937,176.9388,-59
6938,176.9643,-59
6939,176.9898,-59
6940,177.0153,-57
6941,177.0408,-58
6942,177.0663,-58
6943,177.0918,-60
6944,177.1173,-60
6945,177.1429,-58
6946,177.1684,-58
6947,177.1939,-58
6948,177.2194,-57
6949,177.2449,-57
6950,177.2704,-59
6951,177.2959,-59
6952,177.3214,-58
6953,177.3469,-58
6954,177.3724,-58
6955,177.3980,-58
6956,177.4235,-58
6957,177.4490,-59
6958,177.4745,-59
6959,177.5000,-59
6960,177.5255,-59
6961,177.5510,-59
6962,177.5765,-59
6963,177.6020,-57
6964,177.6276,-59
6965,177.6531,-59
6966,177.6786,-59
6967,177.7041,-59
6968,177.7296,-59
6969,177.7551,-59
6970,177.7806,-57
6971,177.8061,-59
6972,177.8316,-59
6973,177.8571,-79
6974,177.8827,-79
6975,177.9082,-60
6976,177.9337,-60
6977,177.9592,-56
6978,177.9847,-61
6979,178.0102,-61
6980,178.0357,-58
6981,178.0612,-58
6982,178.0867,-59
6983,178.1122,-59
6984,178.1378,-57
6985,178.1633,-62
6986,178.1888,-62
6987,178.2143,-57
6988,178.2398,-57
6989,178.2653,-59
6990,178.2908,-59
6991,178.3163,-56
6992,178.3418,-64
6993,178.3673,-64
6994,178.3929,-59
6995,178.4184,-59
6996,178.4439,-58
6997,178.4694,-58
6998,178.4949,-57
6999,178.5204,-57
7000,178.5459,-66
7001,178.5714,-59
7002,178.5969,-59
7003,178.6224,-59
7004,178.6480,-59
7005,178.6735,-55
7006,178.6990,-55
7007,178.7245,-57
7008,178.7500,-60
7009,178.7755,-60
7010,178.8010,-57
7011,178.8265,-57
7012,178.8520,-56
7013,178.8776,-56
7014,178.9031,-57
7015,178.9286,-60
7016,178.9541,-60
7017,178.9796,-58
7018,179.0051,-58
7019,179.0306,-56
7020,179.0561,-56
7021,179.0816,-59
7022,179.1071,-61
7023,179.1327,-61
7024,179.1582,-57
7025,179.1837,-57
7026,179.2092,-56
7027,179.2347,-56
7028,179.2602,-56
7029,179.2857,-59
7030,179.3112,-59
7031,179.3367,-57
7032,179.3622,-57
7033,179.3878,-54
7034,179.4133,-54
7035,179.4388,-55
7036,179.4643,-55
7037,179.4898,-59
7038,179.5153,-79
7039,179.5408,-79
7040,179.5663,-55
7041,179.5918,-55
7042,179.6173,-54
7043,179.6429,-54
7044,179.6684,-58
7045,179.6939,-57
7046,179.7194,-57
7047,179.7449,-55
7048,179.7704,-55
7049,179.7959,-54
7050,179.8214,-54
7051,179.8469,-59
7052,179.8724,-56
7053,179.8980,-56
7054,179.9235,-54
7055,179.9490,-54
7056,179.9745,-53
7057,180.0000,-53
7058,180.0255,-60
7059,180.0510,-59
7060,180.0765,-59
7061,180.1020,-54
7062,180.1276,-54
7063,180.1531,-53
7064,180.1786,-53
7065,180.2041,-59
7066,180.2296,-59
7067,180.2551,-59
7068,180.2806,-55
7069,180.3061,-55
7070,180.3316,-53
7071,180.3571,-53
7072,180.3827,-58
7073,180.4082,-58
7074,180.4337,-61
7075,180.4592,-55
7076,180.4847,-55
7077,180.5102,-55
7078,180.5357,-55
7079,180.5612,-57
7080,180.5867,-57
7081,180.6122,-57
7082,180.6378,-56
7083,180.6633,-56
7084,180.6888,-54
7085,180.7143,-54
7086,180.7398,-57
7087,180.7653,-57
7088,180.7908,-59
7089,180.8163,-56
7090,180.8418,-56
7091,180.8673,-54
7092,180.8929,-54
7093,180.9184,-56
7094,180.9439,-56
7095,180.9694,-58
7096,180.9949,-56
7097,181.0204,-56
7098,181.0459,-54
7099,181.0714,-54
7100,181.0969,-56
7101,181.1224,-56
7102,181.1480,-58
7103,181.1735,-58
7104,181.1990,-56
7105,181.2245,-56
7106,181.2500,-56
7107,181.2755,-55
7108,181.3010,-55
7109,181.3265,-58
7110,181.3520,-58
7111,181.3776,-56
7112,181.4031,-55
7113,181.4286,-55
7114,181.4541,-58
7115,181.4796,-58
7116,181.5051,-59
7117,181.5306,-59
7118,181.5561,-56
7119,181.5816,-57
7120,181.6071,-57
7121,181.6327,-58
7122,181.6582,-58
7123,181.6837,-59
7124,181.7092,-59
7125,181.7347,-57
7126,181.7602,-56
7127,181.7857,-56
7128,181.8112,-58
7129,181.8367,-58
7130,181.8622,-60
7131,181.8878,-60
7132,181.9133,-57
7133,181.9388,-58
7134,181.9643,-58
7135,181.9898,-59
7136,182.0153,-59
7137,182.0408,-55
7138,182.0663,-55
7139,182.0918,-59
7140,182.1173,-59
7141,182.1429,-57
7142,182.1684,-60
7143,182.1939,-60
7144,182.2194,-55
7145,182.2449,-55
7146,182.2704,-59
7147,182.2959,-59
7148,182.3214,-59
7149,182.3469,-60
7150,182.3724,-60
7151,182.3980,-57
7152,182.4235,-57
7153,182.4490,-61
7154,182.4745,-61
7155,182.5000,-80
7156,182.5255,-62
7157,182.5510,-62
7158,182.5765,-57
7159,182.6020,-57
7160,182.6276,-60
7161,182.6531,-60
7162,182.6786,-60
7163,182.7041,-62
7164,182.7296,-62
7165,182.7551,-58
7166,182.7806,-58
7167,182.8061,-60
7168,182.8316,-60
7169,182.8571,-59
7170,182.8827,-59
7171,182.9082,-63
7172,182.9337,-58
7173,182.9592,-58
7174,182.9847,-60
7175,183.0102,-60
7176,183.0357,-59
7177,183.0612,-59
7178,183.0867,-62
7179,183.1122,-60
7180,183.1378,-60
7181,183.1633,-61
7182,183.1888,-61
7183,183.2143,-59
7184,183.2398,-59
7185,183.2653,-62
7186,183.2908,-59
7187,183.3163,-59
7188,183.3418,-61
7189,183.3673,-61
7190,183.3929,-60
7191,183.4184,-60
7192,183.4439,-60
7193,183.4694,-59
7194,183.4949,-59
7195,183.5204,-61
7196,183.5459,-61
7197,183.5714,-57
7198,183.5969,-57
7199,183.6224,-60
7200,183.6480,-59
7201,183.6735,-59
7202,183.6990,-56
7203,183.7245,-56
7204,183.7500,-59
7205,183.7755,-59
7206,183.8010,-59
7207,183.8265,-59
7208,183.8520,-59
7209,183.8776,-55
7210,183.9031,-55
7211,183.9286,-59
7212,183.9541,-59
7213,183.9796,-59
7214,184.0051,-59
7215,184.0306,-57
7216,184.0561,-56
7217,184.0816,-56
7218,184.1071,-58
7219,184.1327,-58
7220,184.1582,-56
7221,184.1837,-56
7222,184.2092,-59
7223,184.2347,-56
7224,184.2602,-56
7225,184.2857,-58
7226,184.3112,-58
7227,184.3367,-58
7228,184.3622,-58
7229,184.3878,-58
7230,184.4133,-58
7231,184.4388,-58
7232,184.4643,-58
7233,184.4898,-58
7234,184.5153,-56
7235,184.5408,-56
7236,184.5663,-59
7237,184.5918,-58
7238,184.6173,-58
7239,184.6429,-57
7240,184.6684,-57
7241,184.6939,-56
7242,184.7194,-56
7243,184.7449,-57
7244,184.7704,-57
7245,184.7959,-59
7246,184.8214,-58
7247,184.8469,-58
7248,184.8724,-55
7249,184.8980,-55
7250,184.9235,-56
7251,184.9490,-56
7252,184.9745,-58
7253,185.0000,-58
7254,185.0255,-58
7255,185.0510,-56
7256,185.0765,-56
7257,185.1020,-55
7258,185.1276,-55
7259,185.1531,-58
7260,185.1786,-57
7261,185.2041,-57
7262,185.2296,-55
7263,185.2551,-55
7264,185.2806,-55
7265,185.3061,-55
7266,185.3316,-58
7267,185.3571,-54
7268,185.3827,-54
7269,185.4082,-56
7270,185.4337,-56
7271,185.4592,-76
7272,185.4847,-76
7273,185.5102,-59
7274,185.5357,-55
7275,185.5612,-55
7276,185.5867,-57
7277,185.6122,-57
7278,185.6378,-53
7279,185.6633,-53
7280,185.6888,-58
7281,185.7143,-58
7282,185.7398,-57
7283,185.7653,-58
7284,185.7908,-58
7285,185.8163,-52
7286,185.8418,-52
7287,185.8673,-57
7288,185.8929,-57
7289,185.9184,-56
7290,185.9439,-56
7291,185.9694,-56
7292,185.9949,-54
7293,186.0204,-54
7294,186.0459,-57
7295,186.0714,-57
7296,186.0969,-57
7297,186.1224,-58
7298,186.1480,-58
7299,186.1735,-54
7300,186.1990,-54
7301,186.2245,-59
7302,186.2500,-59
7303,186.2755,-57
7304,186.3010,-57
7305,186.3265,-57
7306,186.3520,-55
7307,186.3776,-55
7308,186.4031,-58
7309,186.4286,-58
7310,186.4541,-58
7311,186.4796,-58
7312,186.5051,-58
7313,186.5306,-54
7314,186.5561,-54
7315,186.5816,-58
7316,186.6071,-58
7317,186.6327,-58
7318,186.6582,-58
7319,186.6837,-57
7320,186.7092,-55
7321,186.7347,-55
7322,186.7602,-56
7323,186.7857,-56
7324,186.8112,-59
7325,186.8367,-59
7326,186.8622,-59
7327,186.8878,-55
7328,186.9133,-55
7329,186.9388,-56
7330,186.9643,-56
7331,186.9898,-57
7332,187.0153,-57
7333,187.0408,-53
7334,187.0663,-56
7335,187.0918,-56
7336,187.1173,-55
7337,187.1429,-55
7338,187.1684,-58
7339,187.1939,-58
7340,187.2194,-54
7341,187.2449,-57
7342,187.2704,-57
7343,187.2959,-55
7344,187.3214,-55
7345,187.3469,-57
7346,187.3724,-57
7347,187.3980,-54
7348,187.4235,-58
7349,187.4490,-58
7350,187.4745,-49
7351,187.5000,-49
7352,187.5255,-51
7353,187.5510,-51
7354,187.5765,-45
7355,187.6020,-45
7356,187.6276,-52
7357,187.6531,-44
7358,187.6786,-44
7359,187.7041,-42
7360,187.7296,-42
7361,187.7551,-45
7362,187.7806,-45
7363,187.8061,-51
7364,187.8316,-52
7365,187.8571,-52
7366,187.8827,-52
7367,187.9082,-52
7368,187.9337,-47
7369,187.9592,-47
7370,187.9847,-56
7371,188.0102,-56
7372,188.0357,-56
7373,188.0612,-53
7374,188.0867,-53
7375,188.1122,-52
7376,188.1378,-52
7377,188.1633,-58
7378,188.1888,-55
7379,188.2143,-55
7380,188.2398,-54
7381,188.2653,-54
7382,188.2908,-52
7383,188.3163,-52
7384,188.3418,-57
7385,188.3673,-57
7386,188.3929,-57
7387,188.4184,-54
7388,188.4439,-54
7389,188.4694,-54
7390,188.4949,-54
7391,188.5204,-56
7392,188.5459,-56
7393,188.5714,-57
7394,188.5969,-55
7395,188.6224,-55
7396,188.6480,-56
7397,188.6735,-56
7398,188.6990,-54
7399,188.7245,-54
7400,188.7500,-60
7401,188.7755,-54
7402,188.8010,-54
7403,188.8265,-56
7404,188.8520,-56
7405,188.8776,-53
7406,188.9031,-53
7407,188.9286,-57
7408,188.9541,-56
7409,188.9796,-56
7410,189.0051,-55
7411,189.0306,-55
7412,189.0561,-53
7413,189.0816,-53
7414,189.1071,-60
7415,189.1327,-55
7416,189.1582,-55
7417,189.1837,-53
7418,189.2092,-53
7419,189.2347,-50
7420,189.2602,-50
7421,189.2857,-59
7422,189.3112,-59
7423,189.3367,-44
7424,189.3622,-43
7425,189.3878,-43
7426,189.4133,-43
7427,189.4388,-43
7428,189.4643,-44
7429,189.4898,-44
7430,189.5153,-43
7431,189.5408,-52
7432,189.5663,-52
7433,189.5918,-43
7434,189.6173,-43
7435,189.6429,-53
7436,189.6684,-53
7437,189.6939,-56
7438,189.7194,-58
7439,189.7449,-58
7440,189.7704,-54
7441,189.7959,-54
7442,189.8214,-58
7443,189.8469,-58
7444,189.8724,-54
7445,189.8980,-58
7446,189.9235,-58
7447,189.9490,-57
7448,189.9745,-57
7449,190.0000,-57
7450,190.0255,-57
7451,190.0510,-52
7452,190.0765,-55
7453,190.1020,-55
7454,190.1276,-56
7455,190.1531,-56
7456,190.1786,-58
7457,190.2041,-58
7458,190.2296,-53
7459,190.2551,-53
7460,190.2806,-57
7461,190.3061,-59
7462,190.3316,-59
7463,190.3571,-57
7464,190.3827,-57
7465,190.4082,-58
7466,190.4337,-58
7467,190.4592,-58
7468,190.4847,-64
7469,190.5102,-64
7470,190.5357,-59
7471,190.5612,-59
7472,190.5867,-59
7473,190.6122,-59
7474,190.6378,-59
7475,190.6633,-66
7476,190.6888,-66
7477,190.7143,-58
7478,190.7398,-58
7479,190.7653,-60
7480,190.7908,-60
7481,190.8163,-57
7482,190.8418,-63
7483,190.8673,-63
7484,190.8929,-58
7485,190.9184,-58
7486,190.9439,-57
7487,190.9694,-57
7488,190.9949,-57
7489,191.0204,-60
7490,191.0459,-60
7491,191.0714,-57
7492,191.0969,-57
7493,191.1224,-56
7494,191.1480,-56
7495,191.1735,-54
7496,191.1990,-54
7497,191.2245,-58
7498,191.2500,-57
7499,191.2755,-57
7500,191.3010,-57
7501,191.3265,-57
7502,191.3520,-54
7503,191.3776,-54
7504,191.4031,-56
7505,191.4286,-57
7506,191.4541,-57
7507,191.4796,-59
7508,191.5051,-59
7509,191.5306,-53
7510,191.5561,-53
7511,191.5816,-56
7512,191.6071,-57
7513,191.6327,-57
7514,191.6582,-61
7515,191.6837,-61
7516,191.7092,-56
7517,191.7347,-56
7518,191.7602,-54
7519,191.7857,-57
7520,191.8112,-57
7521,191.8367,-60
7522,191.8622,-60
7523,191.8878,-54
7524,191.9133,-54
7525,191.9388,-56
7526,191.9643,-57
7527,191.9898,-57
7528,192.0153,-56
7529,192.0408,-56
7530,192.0663,-56
7531,192.0918,-56
7532,192.1173,-54
7533,192.1429,-54
7534,192.1684,-61
7535,192.1939,-55
7536,192.2194,-55
7537,192.2449,-56
7538,192.2704,-56
7539,192.2959,-54
7540,192.3214,-54
7541,192.3469,-60
7542,192.3724,-55
7543,192.3980,-55
7544,192.4235,-57
7545,192.4490,-57
7546,192.4745,-53
7547,192.5000,-53
7548,192.5255,-60
7549,192.5510,-54
7550,192.5765,-54
7551,192.6020,-56
7552,192.6276,-56
7553,192.6531,-54
7554,192.6786,-54
7555,192.7041,-58
7556,192.7296,-56
7557,192.7551,-56
7558,192.7806,-57
7559,192.8061,-57
7560,192.8316,-54
7561,192.8571,-54
7562,192.8827,-58
7563,192.9082,-57
7564,192.9337,-57
7565,192.9592,-57
7566,192.9847,-57
7567,193.0102,-55
7568,193.0357,-55
7569,193.0612,-57
7570,193.0867,-57
7571,193.1122,-59
7572,193.1378,-59
7573,193.1633,-59
7574,193.1888,-54
7575,193.2143,-54
7576,193.2398,-57
7577,193.2653,-57
7578,193.2908,-60
7579,193.3163,-58
7580,193.3418,-58
7581,193.3673,-56
7582,193.3929,-56
7583,193.4184,-56
7584,193.4439,-56
7585,193.4694,-60
7586,193.4949,-59
7587,193.5204,-59
7588,193.5459,-55
7589,193.5714,-55
7590,193.5969,-58
7591,193.6224,-58
7592,193.6480,-61
7593,193.6735,-57
7594,193.6990,-57
7595,193.7245,-56
7596,193.7500,-56
7597,193.7755,-75
7598,193.8010,-75
7599,193.8265,-63
7600,193.8520,-60
7601,193.8776,-60
7602,193.9031,-59
7603,193.9286,-59
7604,193.9541,-58
7605,193.9796,-58
7606,194.0051,-63
7607,194.0306,-63
7608,194.0561,-57
7609,194.0816,-58
7610,194.1071,-58
7611,194.1327,-57
7612,194.1582,-57
7613,194.1837,-61
7614,194.2092,-61
7615,194.2347,-56
7616,194.2602,-58
7617,194.2857,-58
7618,194.3112,-57
7619,194.3367,-57
7620,194.3622,-61
7621,194.3878,-61
7622,194.4133,-57
7623,194.4388,-60
7624,194.4643,-60
7625,194.4898,-79
7626,194.5153,-79
7627,194.5408,-62
7628,194.5663,-62
7629,194.5918,-57
7630,194.6173,-61
7631,194.6429,-61
7632,194.6684,-57
7633,194.6939,-57
7634,194.7194,-62
7635,194.7449,-62
7636,194.7704,-58
7637,194.7959,-61
7638,194.8214,-61
7639,194.8469,-54
7640,194.8724,-54
7641,194.8980,-61
7642,194.9235,-61
7643,194.9490,-57
7644,194.9745,-57
7645,195.0000,-59
7646,195.0255,-54
7647,195.0510,-54
7648,195.0765,-57
7649,195.1020,-57
7650,195.1276,-57
7651,195.1531,-57
7652,195.1786,-59
7653,195.2041,-52
7654,195.2296,-52
7655,195.2551,-58
7656,195.2806,-58
7657,195.3061,-57
7658,195.3316,-57
7659,195.3571,-52
7660,195.3827,-54
7661,195.4082,-54
7662,195.4337,-55
7663,195.4592,-55
7664,195.4847,-57
7665,195.5102,-57
7666,195.5357,-51
7667,195.5612,-52
7668,195.5867,-52
7669,195.6122,-53
7670,195.6378,-53
7671,195.6633,-56
7672,195.6888,-56
7673,195.7143,-52
7674,195.7398,-54
7675,195.7653,-54
7676,195.7908,-52
7677,195.8163,-52
7678,195.8418,-57
7679,195.8673,-57
7680,195.8929,-52
7681,195.9184,-52
7682,195.9439,-54
7683,195.9694,-52
7684,195.9949,-52
7685,196.0204,-56
7686,196.0459,-56
7687,196.0714,-52
7688,196.0969,-52
7689,196.1224,-54
7690,196.1480,-51
7691,196.1735,-51
7692,196.1990,-57
7693,196.2245,-57
7694,196.2500,-53
7695,196.2755,-53
7696,196.3010,-55
7697,196.3265,-51
7698,196.3520,-51
7699,196.3776,-55
7700,196.4031,-55
7701,196.4286,-54
7702,196.4541,-54
7703,196.4796,-57
7704,196.5051,-51
7705,196.5306,-51
7706,196.5561,-55
7707,196.5816,-55
7708,196.6071,-55
7709,196.6327,-55
7710,196.6582,-57
7711,196.6837,-53
7712,196.7092,-53
7713,196.7347,-55
7714,196.7602,-55
7715,196.7857,-57
7716,196.8112,-57
7717,196.8367,-57
7718,196.8622,-57
7719,196.8878,-52
7720,196.9133,-56
7721,196.9388,-56
7722,196.9643,-58
7723,196.9898,-58
7724,197.0153,-54
7725,197.0408,-54
7726,197.0663,-54
7727,197.0918,-56
7728,197.1173,-56
7729,197.1429,-60
7730,197.1684,-60
7731,197.1939,-55
7732,197.2194,-55
7733,197.2449,-54
7734,197.2704,-56
7735,197.2959,-56
7736,197.3214,-59
7737,197.3469,-59
7738,197.3724,-56
7739,197.3980,-56
7740,197.4235,-56
7741,197.4490,-54
7742,197.4745,-54
7743,197.5000,-59
7744,197.5255,-59
7745,197.5510,-56
7746,197.5765,-56
7747,197.6020,-55
7748,197.6276,-55
7749,197.6531,-56
7750,197.6786,-59
7751,197.7041,-59
7752,197.7296,-56
7753,197.7551,-56
7754,197.7806,-56
7755,197.8061,-56
7756,197.8316,-54
7757,197.8571,-60
7758,197.8827,-60
7759,197.9082,-57
7760,197.9337,-57
7761,197.9592,-57
7762,197.9847,-57
7763,198.0102,-55
7764,198.0357,-59
7765,198.0612,-59
7766,198.0867,-58
7767,198.1122,-58
7768,198.1378,-58
7769,198.1633,-58
7770,198.1888,-53
7771,198.2143,-60
7772,198.2398,-60
7773,198.2653,-58
7774,198.2908,-58
7775,198.3163,-57
7776,198.3418,-57
7777,198.3673,-55
7778,198.3929,-60
7779,198.4184,-60
7780,198.4439,-59
7781,198.4694,-59
7782,198.4949,-58
7783,198.5204,-58
7784,198.5459,-54
7785,198.5714,-54
7786,198.5969,-60
7787,198.6224,-58
7788,198.6480,-58
7789,198.6735,-56
7790,198.6990,-56
7791,198.7245,-55
7792,198.7500,-55
7793,198.7755,-58
7794,198.8010,-59
7795,198.8265,-59
7796,198.8520,-56
7797,198.8776,-56
7798,198.9031,-54
7799,198.9286,-54
7800,198.9541,-58
7801,198.9796,-58
7802,199.0051,-58
7803,199.0306,-57
7804,199.0561,-57
7805,199.0816,-56
7806,199.1071,-56
7807,199.1327,-56
7808,199.1582,-58
7809,199.1837,-58
7810,199.2092,-55
7811,199.2347,-55
7812,199.2602,-54
7813,199.2857,-54
7814,199.3112,-56
7815,199.3367,-57
7816,199.3622,-57
7817,199.3878,-55
7818,199.4133,-55
7819,199.4388,-55
7820,199.4643,-55
7821,199.4898,-54
7822,199.5153,-54
7823,199.5408,-57
7824,199.5663,-55
7825,199.5918,-55
7826,199.6173,-56
7827,199.6429,-56
7828,199.6684,-54
7829,199.6939,-54
7830,199.7194,-54
7831,199.7449,-56
7832,199.7704,-56
7833,199.7959,-57
7834,199.8214,-57
7835,199.8469,-50
7836,199.8724,-50
7837,199.8980,-52
7838,199.9235,-50
7839,199.9490,-50
7840,199.9745,-52
7841,200.0000,-52
7842,200.0255,-44
7843,200.0510,-44
7844,200.0765,-44
7845,200.1020,-48
7846,200.1276,-48
7847,200.1531,-54
7848,200.1786,-54
7849,200.2041,-47
7850,200.2296,-47
7851,200.2551,-52
7852,200.2806,-52
7853,200.3061,-51
7854,200.3316,-47
7855,200.3571,-47
7856,200.3827,-52
7857,200.4082,-52
7858,200.4337,-54
7859,200.4592,-54
7860,200.4847,-57
7861,200.5102,-51
7862,200.5357,-51
7863,200.5612,-57
7864,200.5867,-57
7865,200.6122,-56
7866,200.6378,-56
7867,200.6633,-57
7868,200.6888,-53
7869,200.7143,-53
7870,200.7398,-60
7871,200.7653,-60
7872,200.7908,-56
7873,200.8163,-56
7874,200.8418,-57
7875,200.8673,-52
7876,200.8929,-52
7877,200.9184,-59
7878,200.9439,-59
7879,200.9694,-57
7880,200.9949,-57
7881,201.0204,-55
7882,201.0459,-54
7883,201.0714,-54
7884,201.0969,-59
7885,201.1224,-59
7886,201.1480,-58
7887,201.1735,-58
7888,201.1990,-56
7889,201.2245,-56
7890,201.2500,-56
7891,201.2755,-58
7892,201.3010,-58
7893,201.3265,-59
7894,201.3520,-59
7895,201.3776,-55
7896,201.4031,-55
7897,201.4286,-56
7898,201.4541,-58
7899,201.4796,-58
7900,201.5051,-57
7901,201.5306,-57
7902,201.5561,-53
7903,201.5816,-53
7904,201.6071,-54
7905,201.6327,-56
7906,201.6582,-56
7907,201.6837,-56
7908,201.7092,-56
7909,201.7347,-52
7910,201.7602,-52
7911,201.7857,-52
7912,201.8112,-55
7913,201.8367,-55
7914,201.8622,-51
7915,201.8878,-51
7916,201.9133,-54
7917,201.9388,-54
7918,201.9643,-51
7919,201.9898,-49
7920,202.0153,-49
7921,202.0408,-51
7922,202.0663,-51
7923,202.0918,-54
7924,202.1173,-54
7925,202.1429,-52
7926,202.1684,-52
7927,202.1939,-48
7928,202.2194,-51
7929,202.2449,-51
7930,202.2704,-54
7931,202.2959,-54
7932,202.3214,-51
7933,202.3469,-51
7934,202.3724,-51
7935,202.3980,-53
7936,202.4235,-53
7937,202.4490,-53
7938,202.4745,-53
7939,202.5000,-52
7940,202.5255,-52
7941,202.5510,-45
7942,202.5765,-54
7943,202.6020,-54
7944,202.6276,-55
7945,202.6531,-55
7946,202.6786,-47
7947,202.7041,-47
7948,202.7296,-46
7949,202.7551,-55
7950,202.7806,-55
7951,202.8061,-54
7952,202.8316,-54
7953,202.8571,-48
7954,202.8827,-48
7955,202.9082,-51
7956,202.9337,-51
7957,202.9592,-58
7958,202.9847,-55
7959,203.0102,-55
7960,203.0357,-51
7961,203.0612,-51
7962,203.0867,-53
7963,203.1122,-53
7964,203.1378,-62
7965,203.1633,-55
7966,203.1888,-55
7967,203.2143,-51
7968,203.2398,-51
7969,203.2653,-54
7970,203.2908,-54
7971,203.3163,-59
7972,203.3418,-55
7973,203.3673,-55
7974,203.3929,-51
7975,203.4184,-51
7976,203.4439,-55
7977,203.4694,-55
7978,203.4949,-58
7979,203.5204,-54
7980,203.5459,-54
7981,203.5714,-55
7982,203.5969,-55
7983,203.6224,-57
7984,203.6480,-57
7985,203.6735,-55
7986,203.6990,-57
7987,203.7245,-57
7988,203.7500,-55
7989,203.7755,-55
7990,203.8010,-61
7991,203.8265,-61
7992,203.8520,-52
7993,203.8776,-52
7994,203.9031,-53
7995,203.9286,-52
7996,203.9541,-52
7997,203.9796,-58
7998,204.0051,-58
7999,204.0306,-52
8000,204.0561,-52
8001,204.0816,-52
8002,204.1071,-51
8003,204.1327,-51
8004,204.1582,-56
8005,204.1837,-56
8006,204.2092,-52
8007,204.2347,-52
8008,204.2602,-56
8009,204.2857,-52
8010,204.3112,-52
8011,204.3367,-53
8012,204.3622,-53
8013,204.3878,-52
8014,204.4133,-52
8015,204.4388,-57
8016,204.4643,-51
8017,204.4898,-51
8018,204.5153,-53
8019,204.5408,-53
8020,204.5663,-52
8021,204.5918,-52
8022,204.6173,-57
8023,204.6429,-57
8024,204.6684,-51
8025,204.6939,-51
8026,204.7194,-51
8027,204.7449,-55
8028,204.7704,-55
8029,204.7959,-58
8030,204.8214,-58
8031,204.8469,-50
8032,204.8724,-51
8033,204.8980,-51
8034,204.9235,-54
8035,204.9490,-54
8036,204.9745,-57
8037,205.0000,-57
8038,205.0255,-52
8039,205.0510,-51
8040,205.0765,-51
8041,205.1020,-55
8042,205.1276,-55
8043,205.1531,-57
8044,205.1786,-57
8045,205.2041,-51
8046,205.2296,-51
8047,205.2551,-51
8048,205.2806,-56
8049,205.3061,-56
8050,205.3316,-52
8051,205.3571,-52
8052,205.3827,-51
8053,205.4082,-51
8054,205.4337,-51
8055,205.4592,-59
8056,205.4847,-59
8057,205.5102,-52
8058,205.5357,-52
8059,205.5612,-51
8060,205.5867,-51
8061,205.6122,-51
8062,205.6378,-57
8063,205.6633,-57
8064,205.6888,-52
8065,205.7143,-52
8066,205.7398,-52
8067,205.7653,-52
8068,205.7908,-51
8069,205.8163,-56
8070,205.8418,-56
8071,205.8673,-50
8072,205.8929,-50
8073,205.9184,-51
8074,205.9439,-51
8075,205.9694,-52
8076,205.9949,-53
8077,206.0204,-53
8078,206.0459,-52
8079,206.0714,-52
8080,206.0969,-52
8081,206.1224,-52
8082,206.1480,-51
8083,206.1735,-51
8084,206.1990,-51
8085,206.2245,-53
8086,206.2500,-53
8087,206.2755,-54
8088,206.3010,-54
8089,206.3265,-51
8090,206.3520,-50
8091,206.3776,-50
8092,206.4031,-55
8093,206.4286,-55
8094,206.4541,-57
8095,206.4796,-57
8096,206.5051,-50
8097,206.5306,-50
8098,206.5561,-46
8099,206.5816,-55
8100,206.6071,-55
8101,206.6327,-57
8102,206.6582,-57
8103,206.6837,-51
8104,206.7092,-51
8105,206.7347,-50
8106,206.7602,-55
8107,206.7857,-55
8108,206.8112,-59
8109,206.8367,-59
8110,206.8622,-50
8111,206.8878,-50
8112,206.9133,-52
8113,206.9388,-57
8114,206.9643,-57
8115,206.9898,-55
8116,207.0153,-55
8117,207.0408,-51
8118,207.0663,-51
8119,207.0918,-53
8120,207.1173,-57
8121,207.1429,-57
8122,207.1684,-53
8123,207.1939,-53
8124,207.2194,-52
8125,207.2449,-52
8126,207.2704,-54
8127,207.2959,-56
8128,207.3214,-56
8129,207.3469,-52
8130,207.3724,-52
8131,207.3980,-55
8132,207.4235,-55
8133,207.4490,-55
8134,207.4745,-55
8135,207.5000,-56
8136,207.5255,-52
8137,207.5510,-52
8138,207.5765,-54
8139,207.6020,-54
8140,207.6276,-56
8141,207.6531,-56
8142,207.6786,-56
8143,207.7041,-52
8144,207.7296,-52
8145,207.7551,-56
8146,207.7806,-56
8147,207.8061,-57
8148,207.8316,-57
8149,207.8571,-55
8150,207.8827,-54
8151,207.9082,-54
8152,207.9337,-56
8153,207.9592,-56
8154,207.9847,-58
8155,208.0102,-58
8156,208.0357,-55
8157,208.0612,-57
8158,208.0867,-57
8159,208.1122,-57
8160,208.1378,-57
8161,208.1633,-59
8162,208.1888,-59
8163,208.2143,-56
8164,208.2398,-56
8165,208.2653,-55
8166,208.2908,-55
8167,208.3163,-55
8168,208.3418,-56
8169,208.3673,-56
8170,208.3929,-53
8171,208.4184,-53
8172,208.4439,-55
8173,208.4694,-52
8174,208.4949,-52
8175,208.5204,-53
8176,208.5459,-53
8177,208.5714,-55
8178,208.5969,-55
8179,208.6224,-56
8180,208.6480,-52
8181,208.6735,-52
8182,208.6990,-52
8183,208.7245,-52
8184,208.7500,-53
8185,208.7755,-53
8186,208.8010,-58
8187,208.8265,-51
8188,208.8520,-51
8189,208.8776,-54
8190,208.9031,-54
8191,208.9286,-55
8192,208.9541,-55
8193,208.9796,-56
8194,209.0051,-47
8195,209.0306,-47
8196,209.0561,-53
8197,209.0816,-53
8198,209.1071,-56
8199,209.1327,-56
8200,209.1582,-56
8201,209.1837,-56
8202,209.2092,-53
8203,209.2347,-55
8204,209.2602,-55
8205,209.2857,-56
8206,209.3112,-56
8207,209.3367,-52
8208,209.3622,-52
8209,209.3878,-52
8210,209.4133,-54
8211,209.4388,-54
8212,209.4643,-56
8213,209.4898,-56
8214,209.5153,-52
8215,209.5408,-52
8216,209.5663,-54
8217,209.5918,-54
8218,209.6173,-54
8219,209.6429,-57
8220,209.6684,-57
8221,209.6939,-52
8222,209.7194,-52
8223,209.7449,-55
8224,209.7704,-55
8225,209.7959,-55
8226,209.8214,-56
8227,209.8469,-56
8228,209.8724,-51
8229,209.8980,-51
8230,209.9235,-53
8231,209.9490,-53
8232,209.9745,-53
8233,210.0000,-56
8234,210.0255,-56
8235,210.0510,-51
8236,210.0765,-51
8237,210.1020,-56
8238,210.1276,-56
8239,210.1531,-54
8240,210.1786,-54
8241,210.2041,-54
8242,210.2296,-53
8243,210.2551,-53
8244,210.2806,-56
8245,210.3061,-56
8246,210.3316,-53
8247,210.3571,-55
8248,210.3827,-55
8249,210.4082,-53
8250,210.4337,-53
8251,210.4592,-59
8252,210.4847,-59
8253,210.5102,-52
8254,210.5357,-53
8255,210.5612,-53
8256,210.5867,-55
8257,210.6122,-55
8258,210.6378,-57
8259,210.6633,-57
8260,210.6888,-53
8261,210.7143,-53
8262,210.7398,-53
8263,210.7653,-54
8264,210.7908,-54
8265,210.8163,-54
8266,210.8418,-54
8267,210.8673,-51
8268,210.8929,-51
8269,210.9184,-54
8270,210.9439,-56
8271,210.9694,-56
8272,210.9949,-52
8273,211.0204,-52
8274,211.0459,-52
8275,211.0714,-52
8276,211.0969,-55
8277,211.1224,-57
8278,211.1480,-57
8279,211.1735,-54
8280,211.1990,-54
8281,211.2245,-53
8282,211.2500,-53
8283,211.2755,-56
8284,211.3010,-58
8285,211.3265,-58
8286,211.3520,-52
8287,211.3776,-52
8288,211.4031,-54
8289,211.4286,-54
8290,211.4541,-56
8291,211.4796,-57
8292,211.5051,-57
8293,211.5306,-52
8294,211.5561,-52
8295,211.5816,-55
8296,211.6071,-55
8297,211.6327,-55
8298,211.6582,-57
8299,211.6837,-57
8300,211.7092,-52
8301,211.7347,-52
8302,211.7602,-55
8303,211.7857,-55
8304,211.8112,-54
8305,211.8367,-54
8306,211.8622,-55
8307,211.8878,-54
8308,211.9133,-54
8309,211.9388,-56
8310,211.9643,-56
8311,211.9898,-53
8312,212.0153,-53
8313,212.0408,-53
8314,212.0663,-54
8315,212.0918,-54
8316,212.1173,-59
8317,212.1429,-59
8318,212.1684,-52
8319,212.1939,-52
8320,212.2194,-56
8321,212.2449,-56
8322,212.2704,-56
8323,212.2959,-57
8324,212.3214,-57
8325,212.3469,-53
8326,212.3724,-53
8327,212.3980,-58
8328,212.4235,-56
8329,212.4490,-56
8330,212.4745,-56
8331,212.5000,-56
8332,212.5255,-52
8333,212.5510,-52
8334,212.5765,-58
8335,212.6020,-58
8336,212.6276,-57
8337,212.6531,-54
8338,212.6786,-54
8339,212.7041,-54
8340,212.7296,-54
8341,212.7551,-58
8342,212.7806,-58
8343,212.8061,-57
8344,212.8316,-53
8345,212.8571,-53
8346,212.8827,-52
8347,212.9082,-52
8348,212.9337,-56
8349,212.9592,-56
8350,212.9847,-57
8351,213.0102,-52
8352,213.0357,-52
8353,213.0612,-56
8354,213.0867,-56
8355,213.1122,-57
8356,213.1378,-57
8357,213.1633,-56
8358,213.1888,-52
8359,213.2143,-52
8360,213.2398,-56
8361,213.2653,-56
8362,213.2908,-55
8363,213.3163,-55
8364,213.3418,-56
8365,213.3673,-53
8366,213.3929,-53
8367,213.4184,-57
8368,213.4439,-57
8369,213.4694,-54
8370,213.4949,-54
8371,213.5204,-56
8372,213.5459,-56
8373,213.5714,-55
8374,213.5969,-55
8375,213.6224,-55
8376,213.6480,-51
8377,213.6735,-51
8378,213.6990,-52
8379,213.7245,-52
8380,213.7500,-55
8381,213.7755,-58
8382,213.8010,-58
8383,213.8265,-51
8384,213.8520,-51
8385,213.8776,-55
8386,213.9031,-55
8387,213.9286,-55
8388,213.9541,-58
8389,213.9796,-58
8390,214.0051,-47
8391,214.0306,-47
8392,214.0561,-57
8393,214.0816,-57
8394,214.1071,-54
8395,214.1327,-57
8396,214.1582,-57
8397,214.1837,-51
8398,214.2092,-51
8399,214.2347,-60
8400,214.2602,-60
8401,214.2857,-58
8402,214.3112,-57
8403,214.3367,-57
8404,214.3622,-54
8405,214.3878,-54
8406,214.4133,-59
8407,214.4388,-59
8408,214.4643,-56
8409,214.4898,-56
8410,214.5153,-55
8411,214.5408,-57
8412,214.5663,-57
8413,214.5918,-58
8414,214.6173,-58
8415,214.6429,-56
8416,214.6684,-56
8417,214.6939,-52
8418,214.7194,-60
8419,214.7449,-60
8420,214.7704,-56
8421,214.7959,-56
8422,214.8214,-52
8423,214.8469,-52
8424,214.8724,-51
8425,214.8980,-58
8426,214.9235,-58
8427,214.9490,-53
8428,214.9745,-53
8429,215.0000,-51
8430,215.0255,-51
8431,215.0510,-50
8432,215.0765,-56
8433,215.1020,-56
8434,215.1276,-55
8435,215.1531,-55
8436,215.1786,-50
8437,215.2041,-50
8438,215.2296,-47
8439,215.2551,-56
8440,215.2806,-56
8441,215.3061,-52
8442,215.3316,-52
8443,215.3571,-54
8444,215.3827,-54
8445,215.4082,-51
8446,215.4337,-51
8447,215.4592,-58
8448,215.4847,-52
8449,215.5102,-52
8450,215.5357,-53
8451,215.5612,-53
8452,215.5867,-51
8453,215.6122,-51
8454,215.6378,-51
8455,215.6633,-55
8456,215.6888,-55
8457,215.7143,-54
8458,215.7398,-54
8459,215.7653,-51
8460,215.7908,-51
8461,215.8163,-59
8462,215.8418,-56
8463,215.8673,-56
8464,215.8929,-55
8465,215.9184,-55
8466,215.9439,-50
8467,215.9694,-50
8468,215.9949,-46
8469,216.0204,-56
8470,216.0459,-56
8471,216.0714,-54
8472,216.0969,-54
8473,216.1224,-51
8474,216.1480,-51
8475,216.1735,-56
8476,216.1990,-56
8477,216.2245,-77
8478,216.2500,-59
8479,216.2755,-59
8480,216.3010,-61
8481,216.3265,-61
8482,216.3520,-46
8483,216.3776,-46
8484,216.4031,-51
8485,216.4286,-51
8486,216.4541,-51
8487,216.4796,-50
8488,216.5051,-50
8489,216.5306,-57
8490,216.5561,-57
8491,216.5816,-45
8492,216.6071,-51
8493,216.6327,-51
8494,216.6582,-45
8495,216.6837,-45
8496,216.7092,-45
8497,216.7347,-45
8498,216.7602,-46
8499,216.7857,-55
8500,216.8112,-55
8501,216.8367,-45
8502,216.8622,-45
8503,216.8878,-55
8504,216.9133,-55
8505,216.9388,-57
8506,216.9643,-43
8507,216.9898,-43
8508,217.0153,-52
8509,217.0408,-52
8510,217.0663,-44
8511,217.0918,-44
8512,217.1173,-51
8513,217.1429,-51
8514,217.1684,-54
8515,217.1939,-55
8516,217.2194,-55
8517,217.2449,-46
8518,217.2704,-46
8519,217.2959,-58
8520,217.3214,-58
8521,217.3469,-56
8522,217.3724,-54
8523,217.3980,-54
8524,217.4235,-51
8525,217.4490,-51
8526,217.4745,-56
8527,217.5000,-56
8528,217.5255,-46
8529,217.5510,-52
8530,217.5765,-52
8531,217.6020,-52
8532,217.6276,-52
8533,217.6531,-54
8534,217.6786,-54
8535,217.7041,-47
8536,217.7296,-52
8537,217.7551,-52
8538,217.7806,-51
8539,217.8061,-51
8540,217.8316,-53
8541,217.8571,-53
8542,217.8827,-51
8543,217.9082,-50
8544,217.9337,-50
8545,217.9592,-51
8546,217.9847,-51
8547,218.0102,-51
8548,218.0357,-51
8549,218.0612,-53
8550,218.0867,-53
8551,218.1122,-51
8552,218.1378,-45
8553,218.1633,-45
8554,218.1888,-47
8555,218.2143,-47
8556,218.2398,-54
8557,218.2653,-54
8558,218.2908,-47
8559,218.3163,-47
8560,218.3418,-47
8561,218.3673,-46
8562,218.3929,-46
8563,218.4184,-54
8564,218.4439,-54
8565,218.4694,-49
8566,218.4949,-47
8567,218.5204,-47
8568,218.5459,-47
8569,218.5714,-47
8570,218.5969,-54
8571,218.6224,-54
8572,218.6480,-44
8573,218.6735,-47
8574,218.6990,-47
8575,218.7245,-50
8576,218.7500,-50
8577,218.7755,-55
8578,218.8010,-55
8579,218.8265,-44
8580,218.8520,-48
8581,218.8776,-48
8582,218.9031,-51
8583,218.9286,-51
8584,218.9541,-52
8585,218.9796,-52
8586,219.0051,-45
8587,219.0306,-45
8588,219.0561,-50
8589,219.0816,-52
8590,219.1071,-52
8591,219.1327,-51
8592,219.1582,-51
8593,219.1837,-46
8594,219.2092,-46
8595,219.2347,-49
8596,219.2602,-53
8597,219.2857,-53
8598,219.3112,-50
8599,219.3367,-50
8600,219.3622,-51
8601,219.3878,-51
8602,219.4133,-51
8603,219.4388,-52
8604,219.4643,-52
8605,219.4898,-52
8606,219.5153,-52
8607,219.5408,-51
8608,219.5663,-51
8609,219.5918,-50
8610,219.6173,-51
8611,219.6429,-51
8612,219.6684,-51
8613,219.6939,-51
8614,219.7194,-53
8615,219.7449,-53
8616,219.7704,-47
8617,219.7959,-46
8618,219.8214,-46
8619,219.8469,-51
8620,219.8724,-51
8621,219.8980,-54
8622,219.9235,-54
8623,219.9490,-46
8624,219.9745,-46
8625,220.0000,-46
8626,220.0255,-50
8627,220.0510,-50
8628,220.0765,-55
8629,220.1020,-55
8630,220.1276,-47
8631,220.1531,-47
8632,220.1786,-47
8633,220.2041,-51
8634,220.2296,-51
8635,220.2551,-55
8636,220.2806,-55
8637,220.3061,-44
8638,220.3316,-44
8639,220.3571,-45
8640,220.3827,-49
8641,220.4082,-49
8642,220.4337,-55
8643,220.4592,-55
8644,220.4847,-44
8645,220.5102,-44
8646,220.5357,-45
8647,220.5612,-52
8648,220.5867,-52
8649,220.6122,-54
8650,220.6378,-54
8651,220.6633,-46
8652,220.6888,-46
8653,220.7143,-48
8654,220.7398,-48
8655,220.7653,-55
8656,220.7908,-53
8657,220.8163,-53
8658,220.8418,-52
8659,220.8673,-52
8660,220.8929,-52
8661,220.9184,-52
8662,220.9439,-58
8663,220.9694,-53
8664,220.9949,-53
8665,221.0204,-53
8666,221.0459,-53
8667,221.0714,-52
8668,221.0969,-52
8669,221.1224,-68
8670,221.1480,-55
8671,221.1735,-55
8672,221.1990,-53
8673,221.2245,-53
8674,221.2500,-51
8675,221.2755,-51
8676,221.3010,-52
8677,221.3265,-53
8678,221.3520,-53
8679,221.3776,-54
8680,221.4031,-54
8681,221.4286,-47
8682,221.4541,-47
8683,221.4796,-49
8684,221.5051,-53
8685,221.5306,-53
8686,221.5561,-55
8687,221.5816,-55
8688,221.6071,-49
8689,221.6327,-49
8690,221.6582,-50
8691,221.6837,-50
8692,221.7092,-51
8693,221.7347,-53
8694,221.7602,-53
8695,221.7857,-47
8696,221.8112,-47
8697,221.8367,-45
8698,221.8622,-45
8699,221.8878,-47
8700,221.9133,-51
8701,221.9388,-51
8702,221.9643,-42
8703,221.9898,-42
8704,222.0153,-47
8705,222.0408,-47
8706,222.0663,-51
8707,222.0918,-57
8708,222.1173,-57
8709,222.1429,-45
8710,222.1684,-45
8711,222.1939,-51
8712,222.2194,-51
8713,222.2449,-80
8714,222.2704,-55
8715,222.2959,-55
8716,222.3214,-46
8717,222.3469,-46
8718,222.3724,-57
8719,222.3980,-57
8720,222.4235,-54
8721,222.4490,-67
8722,222.4745,-67
8723,222.5000,-51
8724,222.5255,-51
8725,222.5510,-56
8726,222.5765,-56
8727,222.6020,-56
8728,222.6276,-56
8729,222.6531,-59
8730,222.6786,-46
8731,222.7041,-46
8732,222.7296,-56
8733,222.7551,-56
8734,222.7806,-55
8735,222.8061,-55
8736,222.8316,-58
8737,222.8571,-47
8738,222.8827,-47
8739,222.9082,-62
8740,222.9337,-62
8741,222.9592,-55
8742,222.9847,-55
8743,223.0102,-56
8744,223.0357,-45
8745,223.0612,-45
8746,223.0867,-55
8747,223.1122,-55
8748,223.1378,-51
8749,223.1633,-51
8750,223.1888,-53
8751,223.2143,-46
8752,223.2398,-46
8753,223.2653,-52
8754,223.2908,-52
8755,223.3163,-46
8756,223.3418,-46
8757,223.3673,-45
8758,223.3929,-51
8759,223.4184,-51
8760,223.4439,-51
8761,223.4694,-51
8762,223.4949,-43
8763,223.5204,-43
8764,223.5459,-45
8765,223.5714,-45
8766,223.5969,-51
8767,223.6224,-41
8768,223.6480,-41
8769,223.6735,-44
8770,223.6990,-44
8771,223.7245,-43
8772,223.7500,-43
8773,223.7755,-54
8774,223.8010,-41
8775,223.8265,-41
8776,223.8520,-44
8777,223.8776,-44
8778,223.9031,-43
8779,223.9286,-43
8780,223.9541,-51
8781,223.9796,-41
8782,224.0051,-41
8783,224.0306,-45
8784,224.0561,-45
8785,224.0816,-43
8786,224.1071,-43
8787,224.1327,-51
8788,224.1582,-41
8789,224.1837,-41
8790,224.2092,-45
8791,224.2347,-45
8792,224.2602,-45
8793,224.2857,-45
8794,224.3112,-46
8795,224.3367,-41
8796,224.3622,-41
8797,224.3878,-50
8798,224.4133,-50
8799,224.4388,-45
8800,224.4643,-45
8801,224.4898,-47
8802,224.5153,-47
8803,224.5408,-42
8804,224.5663,-50
8805,224.5918,-50
8806,224.6173,-46
8807,224.6429,-46
8808,224.6684,-47
8809,224.6939,-47
8810,224.7194,-43
8811,224.7449,-51
8812,224.7704,-51
8813,224.7959,-45
8814,224.8214,-45
8815,224.8469,-47
8816,224.8724,-47
8817,224.8980,-43
8818,224.9235,-50
8819,224.9490,-50
8820,224.9745,-44
8821,225.0000,-44
8822,225.0255,-44
8823,225.0510,-44
8824,225.0765,-45
8825,225.1020,-51
8826,225.1276,-51
8827,225.1531,-43
8828,225.1786,-43
8829,225.2041,-44
8830,225.2296,-44
8831,225.2551,-46
8832,225.2806,-41
8833,225.3061,-41
8834,225.3316,-43
8835,225.3571,-43
8836,225.3827,-43
8837,225.4082,-43
8838,225.4337,-53
8839,225.4592,-53
8840,225.4847,-41
8841,225.5102,-49
8842,225.5357,-49
8843,225.5612,-45
8844,225.5867,-45
8845,225.6122,-54
8846,225.6378,-54
8847,225.6633,-42
8848,225.6888,-46
8849,225.7143,-46
8850,225.7398,-44
8851,225.7653,-44
8852,225.7908,-47
8853,225.8163,-47
8854,225.8418,-41
8855,225.8673,-50
8856,225.8929,-50
8857,225.9184,-46
8858,225.9439,-46
8859,225.9694,-51
8860,225.9949,-51
8861,226.0204,-44
8862,226.0459,-56
8863,226.0714,-56
8864,226.0969,-46
8865,226.1224,-46
8866,226.1480,-57
8867,226.1735,-57
8868,226.1990,-45
8869,226.2245,-58
8870,226.2500,-58
8871,226.2755,-52
8872,226.3010,-52
8873,226.3265,-55
8874,226.3520,-55
8875,226.3776,-47
8876,226.4031,-47
8877,226.4286,-56
8878,226.4541,-46
8879,226.4796,-46
8880,226.5051,-51
8881,226.5306,-51
8882,226.5561,-51
8883,226.5816,-51
8884,226.6071,-53
8885,226.6327,-47
8886,226.6582,-47
8887,226.6837,-46
8888,226.7092,-46
8889,226.7347,-56
8890,226.7602,-56
8891,226.7857,-54
8892,226.8112,-49
8893,226.8367,-49
8894,226.8622,-51
8895,226.8878,-51
8896,226.9133,-60
8897,226.9388,-60
8898,226.9643,-44
8899,226.9898,-50
8900,227.0153,-50
8901,227.0408,-46
8902,227.0663,-46
8903,227.0918,-60
8904,227.1173,-60
8905,227.1429,-43
8906,227.1684,-52
8907,227.1939,-52
8908,227.2194,-52
8909,227.2449,-52
8910,227.2704,-58
8911,227.2959,-58
8912,227.3214,-44
8913,227.3469,-44
8914,227.3724,-54
8915,227.3980,-59
8916,227.4235,-59
8917,227.4490,-58
8918,227.4745,-58
8919,227.5000,-43
8920,227.5255,-43
8921,227.5510,-43
8922,227.5765,-47
8923,227.6020,-47
8924,227.6276,-53
8925,227.6531,-53
8926,227.6786,-44
8927,227.7041,-44
8928,227.7296,-52
8929,227.7551,-51
8930,227.7806,-51
8931,227.8061,-56
8932,227.8316,-56
8933,227.8571,-43
8934,227.8827,-43
8935,227.9082,-56
8936,227.9337,-51
8937,227.9592,-51
8938,227.9847,-59
8939,228.0102,-59
8940,228.0357,-45
8941,228.0612,-45
8942,228.0867,-59
8943,228.1122,-59
8944,228.1378,-49
8945,228.1633,-58
8946,228.1888,-58
8947,228.2143,-46
8948,228.2398,-46
8949,228.2653,-58
8950,228.2908,-58
8951,228.3163,-49
8952,228.3418,-52
8953,228.3673,-52
8954,228.3929,-51
8955,228.4184,-51
8956,228.4439,-53
8957,228.4694,-53
8958,228.4949,-46
8959,228.5204,-50
8960,228.5459,-50
8961,228.5714,-51
8962,228.5969,-51
8963,228.6224,-43
8964,228.6480,-43
8965,228.6735,-49
8966,228.6990,-47
8967,228.7245,-47
8968,228.7500,-53
8969,228.7755,-53
8970,228.8010,-41
8971,228.8265,-41
8972,228.8520,-45
8973,228.8776,-48
8974,228.9031,-48
8975,228.9286,-52
8976,228.9541,-52
8977,228.9796,-43
8978,229.0051,-43
8979,229.0306,-46
8980,229.0561,-46
8981,229.0816,-48
8982,229.1071,-53
8983,229.1327,-53
8984,229.1582,-42
8985,229.1837,-42
8986,229.2092,-46
8987,229.2347,-46
8988,229.2602,-47
8989,229.2857,-52
8990,229.3112,-52
8991,229.3367,-42
8992,229.3622,-42
8993,229.3878,-51
8994,229.4133,-51
8995,229.4388,-45
8996,229.4643,-54
8997,229.4898,-54
8998,229.5153,-42
8999,229.5408,-42
9000,229.5663,-51
9001,229.5918,-51
9002,229.6173,-46
9003,229.6429,-53
9004,229.6684,-53
9005,229.6939,-44
9006,229.7194,-44
9007,229.7449,-52
9008,229.7704,-52
9009,229.7959,-45
9010,229.8214,-52
9011,229.8469,-52
9012,229.8724,-44
9013,229.8980,-44
9014,229.9235,-52
9015,229.9490,-52
9016,229.9745,-45
9017,230.0000,-45
9018,230.0255,-49
9019,230.0510,-46
9020,230.0765,-46
9021,230.1020,-53
9022,230.1276,-53
9023,230.1531,-44
9024,230.1786,-44
9025,230.2041,-46
9026,230.2296,-51
9027,230.2551,-51
9028,230.2806,-41
9029,230.3061,-41
9030,230.3316,-45
9031,230.3571,-45
9032,230.3827,-45
9033,230.4082,-53
9034,230.4337,-53
9035,230.4592,-42
9036,230.4847,-42
9037,230.5102,-45
9038,230.5357,-45
9039,230.5612,-45
9040,230.5867,-53
9041,230.6122,-53
9042,230.6378,-42
9043,230.6633,-42
9044,230.6888,-47
9045,230.7143,-47
9046,230.7398,-44
9047,230.7653,-53
9048,230.7908,-53
9049,230.8163,-41
9050,230.8418,-41
9051,230.8673,-46
9052,230.8929,-46
9053,230.9184,-46
9054,230.9439,-46
9055,230.9694,-53
9056,230.9949,-42
9057,231.0204,-42
9058,231.0459,-50
9059,231.0714,-50
9060,231.0969,-45
9061,231.1224,-45
9062,231.1480,-55
9063,231.1735,-42
9064,231.1990,-42
9065,231.2245,-52
9066,231.2500,-52
9067,231.2755,-46
9068,231.3010,-46
9069,231.3265,-52
9070,231.3520,-48
9071,231.3776,-48
9072,231.4031,-52
9073,231.4286,-52
9074,231.4541,-45
9075,231.4796,-45
9076,231.5051,-51
9077,231.5306,-44
9078,231.5561,-44
9079,231.5816,-52
9080,231.6071,-52
9081,231.6327,-46
9082,231.6582,-46
9083,231.6837,-46
9084,231.7092,-50
9085,231.7347,-50
9086,231.7602,-52
9087,231.7857,-52
9088,231.8112,-44
9089,231.8367,-44
9090,231.8622,-46
9091,231.8878,-46
9092,231.9133,-51
9093,231.9388,-41
9094,231.9643,-41
9095,231.9898,-45
9096,232.0153,-45
9097,232.0408,-44
9098,232.0663,-44
9099,232.0918,-44
9100,232.1173,-41
9101,232.1429,-41
9102,232.1684,-45
9103,232.1939,-45
9104,232.2194,-45
9105,232.2449,-45
9106,232.2704,-53
9107,232.2959,-42
9108,232.3214,-42
9109,232.3469,-50
9110,232.3724,-50
9111,232.3980,-45
9112,232.4235,-45
9113,232.4490,-53
9114,232.4745,-41
9115,232.5000,-41
9116,232.5255,-49
9117,232.5510,-49
9118,232.5765,-46
9119,232.6020,-46
9120,232.6276,-53
9121,232.6531,-53
9122,232.6786,-42
9123,232.7041,-51
9124,232.7296,-51
9125,232.7551,-45
9126,232.7806,-45
9127,232.8061,-55
9128,232.8316,-55
9129,232.8571,-42
9130,232.8827,-51
9131,232.9082,-51
9132,232.9337,-46
9133,232.9592,-46
9134,232.9847,-53
9135,233.0102,-53
9136,233.0357,-44
9137,233.0612,-53
9138,233.0867,-53
9139,233.1122,-45
9140,233.1378,-45
9141,233.1633,-52
9142,233.1888,-52
9143,233.2143,-45
9144,233.2398,-53
9145,233.2653,-53
9146,233.2908,-46
9147,233.3163,-46
9148,233.3418,-46
9149,233.3673,-46
9150,233.3929,-46
9151,233.4184,-53
9152,233.4439,-53
9153,233.4694,-45
9154,233.4949,-45
9155,233.5204,-45
9156,233.5459,-45
9157,233.5714,-51
9158,233.5969,-51
9159,233.6224,-41
9160,233.6480,-45
9161,233.6735,-45
9162,233.6990,-45
9163,233.7245,-45
9164,233.7500,-54
9165,233.7755,-54
9166,233.8010,-41
9167,233.8265,-46
9168,233.8520,-46
9169,233.8776,-45
9170,233.9031,-45
9171,233.9286,-54
9172,233.9541,-54
9173,233.9796,-43
9174,234.0051,-50
9175,234.0306,-50
9176,234.0561,-44
9177,234.0816,-44
9178,234.1071,-53
9179,234.1327,-53
9180,234.1582,-42
9181,234.1837,-49
9182,234.2092,-49
9183,234.2347,-45
9184,234.2602,-45
9185,234.2857,-53
9186,234.3112,-53
9187,234.3367,-42
9188,234.3622,-51
9189,234.3878,-51
9190,234.4133,-45
9191,234.4388,-45
9192,234.4643,-55
9193,234.4898,-55
9194,234.5153,-42
9195,234.5408,-42
9196,234.5663,-51
9197,234.5918,-46
9198,234.6173,-46
9199,234.6429,-53
9200,234.6684,-53
9201,234.6939,-44
9202,234.7194,-44
9203,234.7449,-53
9204,234.7704,-44
9205,234.7959,-44
9206,234.8214,-52
9207,234.8469,-52
9208,234.8724,-45
9209,234.8980,-45
9210,234.9235,-52
9211,234.9490,-46
9212,234.9745,-46
9213,235.0000,-46
9214,235.0255,-46
9215,235.0510,-46
9216,235.0765,-46
9217,235.1020,-54
9218,235.1276,-47
9219,235.1531,-47
9220,235.1786,-46
9221,235.2041,-46
9222,235.2296,-51
9223,235.2551,-51
9224,235.2806,-41
9225,235.3061,-48
9226,235.3316,-48
9227,235.3571,-44
9228,235.3827,-44
9229,235.4082,-55
9230,235.4337,-55
9231,235.4592,-41
9232,235.4847,-41
9233,235.5102,-45
9234,235.5357,-45
9235,235.5612,-45
9236,235.5867,-55
9237,235.6122,-55
9238,235.6378,-43
9239,235.6633,-43
9240,235.6888,-43
9241,235.7143,-45
9242,235.7398,-45
9243,235.7653,-56
9244,235.7908,-56
9245,235.8163,-41
9246,235.8418,-41
9247,235.8673,-51
9248,235.8929,-45
9249,235.9184,-45
9250,235.9439,-55
9251,235.9694,-55
9252,235.9949,-42
9253,236.0204,-42
9254,236.0459,-52
9255,236.0714,-46
9256,236.0969,-46
9257,236.1224,-55
9258,236.1480,-55
9259,236.1735,-43
9260,236.1990,-43
9261,236.2245,-53
9262,236.2500,-53
9263,236.2755,-49
9264,236.3010,-51
9265,236.3265,-51
9266,236.3520,-45
9267,236.3776,-45
9268,236.4031,-55
9269,236.4286,-55
9270,236.4541,-45
9271,236.4796,-47
9272,236.5051,-47
9273,236.5306,-47
9274,236.5561,-47
9275,236.5816,-55
9276,236.6071,-55
9277,236.6327,-46
9278,236.6582,-48
9279,236.6837,-48
9280,236.7092,-51
9281,236.7347,-51
9282,236.7602,-56
9283,236.7857,-56
9284,236.8112,-45
9285,236.8367,-46
9286,236.8622,-46
9287,236.8878,-55
9288,236.9133,-55
9289,236.9388,-41
9290,236.9643,-41
9291,236.9898,-46
9292,237.0153,-44
9293,237.0408,-44
9294,237.0663,-57
9295,237.0918,-57
9296,237.1173,-41
9297,237.1429,-41
9298,237.1684,-47
9299,237.1939,-47
9300,237.2194,-45
9301,237.2449,-57
9302,237.2704,-57
9303,237.2959,-43
9304,237.3214,-43
9305,237.3469,-51
9306,237.3724,-51
9307,237.3980,-51
9308,237.4235,-56
9309,237.4490,-56
9310,237.4745,-42
9311,237.5000,-42
9312,237.5255,-51
9313,237.5510,-51
9314,237.5765,-46
9315,237.6020,-55
9316,237.6276,-55
9317,237.6531,-43
9318,237.6786,-43
9319,237.7041,-53
9320,237.7296,-53
9321,237.7551,-45
9322,237.7806,-56
9323,237.8061,-56
9324,237.8316,-43
9325,237.8571,-43
9326,237.8827,-54
9327,237.9082,-54
9328,237.9337,-50
9329,237.9592,-50
9330,237.9847,-52
9331,238.0102,-45
9332,238.0357,-45
9333,238.0612,-56
9334,238.0867,-56
9335,238.1122,-45
9336,238.1378,-45
9337,238.1633,-50
9338,238.1888,-47
9339,238.2143,-47
9340,238.2398,-55
9341,238.2653,-55
9342,238.2908,-46
9343,238.3163,-46
9344,238.3418,-44
9345,238.3673,-53
9346,238.3929,-53
9347,238.4184,-56
9348,238.4439,-56
9349,238.4694,-45
9350,238.4949,-45
9351,238.5204,-46
9352,238.5459,-54
9353,238.5714,-54
9354,238.5969,-42
9355,238.6224,-42
9356,238.6480,-46
9357,238.6735,-46
9358,238.6990,-43
9359,238.7245,-57
9360,238.7500,-57
9361,238.7755,-42
9362,238.8010,-42
9363,238.8265,-49
9364,238.8520,-49
9365,238.8776,-44
9366,238.9031,-44
9367,238.9286,-57
9368,238.9541,-43
9369,238.9796,-43
9370,239.0051,-51
9371,239.0306,-51
9372,239.0561,-44
9373,239.0816,-44
9374,239.1071,-56
9375,239.1327,-42
9376,239.1582,-42
9377,239.1837,-52
9378,239.2092,-52
9379,239.2347,-46
9380,239.2602,-46
9381,239.2857,-55
9382,239.3112,-43
9383,239.3367,-43
9384,239.3622,-53
9385,239.3878,-53
9386,239.4133,-46
9387,239.4388,-46
9388,239.4643,-56
9389,239.4898,-48
9390,239.5153,-48
9391,239.5408,-55
9392,239.5663,-55
9393,239.5918,-47
9394,239.6173,-47
9395,239.6429,-52
9396,239.6684,-46
9397,239.6939,-46
9398,239.7194,-56
9399,239.7449,-56
9400,239.7704,-45
9401,239.7959,-45
9402,239.8214,-51
9403,239.8469,-51
9404,239.8724,-50
9405,239.8980,-55
9406,239.9235,-55
9407,239.9490,-46
9408,239.9745,-46
9409,240.0000,-45
9410,240.0255,-45
9411,240.0510,-45
9412,240.0765,-56
9413,240.1020,-56
9414,240.1276,-46
9415,240.1531,-46
9416,240.1786,-46
9417,240.2041,-46
9418,240.2296,-55
9419,240.2551,-42
9420,240.2806,-42
9421,240.3061,-46
9422,240.3316,-46
9423,240.3571,-45
9424,240.3827,-45
9425,240.4082,-58
9426,240.4337,-42
9427,240.4592,-42
9428,240.4847,-50
9429,240.5102,-50
9430,240.5357,-45
9431,240.5612,-45
9432,240.5867,-57
9433,240.6122,-57
9434,240.6378,-43
9435,240.6633,-52
9436,240.6888,-52
9437,240.7143,-45
9438,240.7398,-45
9439,240.7653,-57
9440,240.7908,-57
9441,240.8163,-42
9442,240.8418,-52
9443,240.8673,-52
9444,240.8929,-46
9445,240.9184,-46
9446,240.9439,-57
9447,240.9694,-57
9448,240.9949,-43
9449,241.0204,-54
9450,241.0459,-54
9451,241.0714,-46
9452,241.0969,-46
9453,241.1224,-56
9454,241.1480,-56
9455,241.1735,-45
9456,241.1990,-54
9457,241.2245,-54
9458,241.2500,-46
9459,241.2755,-46
9460,241.3010,-52
9461,241.3265,-52
9462,241.3520,-47
9463,241.3776,-56
9464,241.4031,-56
9465,241.4286,-45
9466,241.4541,-45
9467,241.4796,-50
9468,241.5051,-50
9469,241.5306,-52
9470,241.5561,-52
9471,241.5816,-55
9472,241.6071,-46
9473,241.6327,-46
9474,241.6582,-45
9475,241.6837,-45
9476,241.7092,-54
9477,241.7347,-54
9478,241.7602,-54
9479,241.7857,-46
9480,241.8112,-46
9481,241.8367,-45
9482,241.8622,-45
9483,241.8878,-56
9484,241.9133,-56
9485,241.9388,-43
9486,241.9643,-50
9487,241.9898,-50
9488,242.0153,-44
9489,242.0408,-44
9490,242.0663,-59
9491,242.0918,-59
9492,242.1173,-44
9493,242.1429,-54
9494,242.1684,-54
9495,242.1939,-45
9496,242.2194,-45
9497,242.2449,-53
9498,242.2704,-53
9499,242.2959,-53
9500,242.3214,-53
9501,242.3469,-56
9502,242.3724,-50
9503,242.3980,-50
9504,242.4235,-51
9505,242.4490,-51
9506,242.4745,-43
9507,242.5000,-43
9508,242.5255,-47
9509,242.5510,-51
9510,242.5765,-51
9511,242.6020,-46
9512,242.6276,-46
9513,242.6531,-42
9514,242.6786,-42
9515,242.7041,-49
9516,242.7296,-56
9517,242.7551,-56
9518,242.7806,-55
9519,242.8061,-55
9520,242.8316,-51
9521,242.8571,-51
9522,242.8827,-46
9523,242.9082,-54
9524,242.9337,-54
9525,242.9592,-51
9526,242.9847,-51
9527,243.0102,-55
9528,243.0357,-55
9529,243.0612,-52
9530,243.0867,-51
9531,243.1122,-51
9532,243.1378,-46
9533,243.1633,-46
9534,243.1888,-45
9535,243.2143,-45
9536,243.2398,-51
9537,243.2653,-51
9538,243.2908,-54
9539,243.3163,-46
9540,243.3418,-46
9541,243.3673,-45
9542,243.3929,-45
9543,243.4184,-52
9544,243.4439,-52
9545,243.4694,-51
9546,243.4949,-60
9547,243.5204,-60
9548,243.5459,-53
9549,243.5714,-53
9550,243.5969,-44
9551,243.6224,-44
9552,243.6480,-45
9553,243.6735,-49
9554,243.6990,-49
9555,243.7245,-51
9556,243.7500,-51
9557,243.7755,-41
9558,243.8010,-41
9559,243.8265,-45
9560,243.8520,-54
9561,243.8776,-54
9562,243.9031,-50
9563,243.9286,-50
9564,243.9541,-43
9565,243.9796,-43
9566,244.0051,-52
9567,244.0306,-51
9568,244.0561,-51
9569,244.0816,-51
9570,244.1071,-51
9571,244.1327,-46
9572,244.1582,-46
9573,244.1837,-55
9574,244.2092,-55
9575,244.2347,-53
9576,244.2602,-53
9577,244.2857,-53
9578,244.3112,-52
9579,244.3367,-52
9580,244.3622,-57
9581,244.3878,-57
9582,244.4133,-57
9583,244.4388,-55
9584,244.4643,-55
9585,244.4898,-55
9586,244.5153,-55
9587,244.5408,-61
9588,244.5663,-61
9589,244.5918,-57
9590,244.6173,-61
9591,244.6429,-61
9592,244.6684,-61
9593,244.6939,-61
9594,244.7194,-71
9595,244.7449,-71
9596,244.7704,-59
9597,244.7959,-66
9598,244.8214,-66
9599,244.8469,-61
9600,244.8724,-61
9601,244.8980,-74
9602,244.9235,-74
9603,244.9490,-60
9604,244.9745,-60
9605,245.0000,-54
9606,245.0255,-56
9607,245.0510,-56
9608,245.0765,-62
9609,245.1020,-62
9610,245.1276,-57
9611,245.1531,-57
9612,245.1786,-55
9613,245.2041,-55
9614,245.2296,-55
9615,245.2551,-54
9616,245.2806,-54
9617,245.3061,-59
9618,245.3316,-59
9619,245.3571,-55
9620,245.3827,-57
9621,245.4082,-57
9622,245.4337,-54
9623,245.4592,-54
9624,245.4847,-61
9625,245.5102,-61
9626,245.5357,-55
9627,245.5612,-56
9628,245.5867,-56
9629,245.6122,-55
9630,245.6378,-55
9631,245.6633,-63
9632,245.6888,-63
9633,245.7143,-54
9634,245.7398,-56
9635,245.7653,-56
9636,245.7908,-54
9637,245.8163,-54
9638,245.8418,-62
9639,245.8673,-62
9640,245.8929,-55
9641,245.9184,-55
9642,245.9439,-56
9643,245.9694,-54
9644,245.9949,-54
9645,246.0204,-62
9646,246.0459,-62
9647,246.0714,-54
9648,246.0969,-54
9649,246.1224,-55
9650,246.1480,-53
9651,246.1735,-53
9652,246.1990,-66
9653,246.2245,-66
9654,246.2500,-59
9655,246.2755,-59
9656,246.3010,-57
9657,246.3265,-60
9658,246.3520,-60
9659,246.3776,-63
9660,246.4031,-63
9661,246.4286,-63
9662,246.4541,-63
9663,246.4796,-58
9664,246.5051,-60
9665,246.5306,-60
9666,246.5561,-61
9667,246.5816,-61
9668,246.6071,-63
9669,246.6327,-63
9670,246.6582,-57
9671,246.6837,-58
9672,246.7092,-58
9673,246.7347,-61
9674,246.7602,-61
9675,246.7857,-63
9676,246.8112,-63
9677,246.8367,-58
9678,246.8622,-58
9679,246.8878,-59
9680,246.9133,-55
9681,246.9388,-55
9682,246.9643,-65
9683,246.9898,-65
9684,247.0153,-56
9685,247.0408,-56
9686,247.0663,-56
9687,247.0918,-55
9688,247.1173,-55
9689,247.1429,-69
9690,247.1684,-69
9691,247.1939,-57
9692,247.2194,-57
9693,247.2449,-59
9694,247.2704,-56
9695,247.2959,-56
9696,247.3214,-73
9697,247.3469,-73
9698,247.3724,-57
9699,247.3980,-57
9700,247.4235,-59
9701,247.4490,-55
9702,247.4745,-55
9703,247.5000,-69
9704,247.5255,-69
9705,247.5510,-58
9706,247.5765,-58
9707,247.6020,-58
9708,247.6276,-58
9709,247.6531,-56
9710,247.6786,-67
9711,247.7041,-67
9712,247.7296,-59
9713,247.7551,-59
9714,247.7806,-61
9715,247.8061,-61
9716,247.8316,-57
9717,247.8571,-65
9718,247.8827,-65
9719,247.9082,-62
9720,247.9337,-62
9721,247.9592,-59
9722,247.9847,-59
9723,248.0102,-58
9724,248.0357,-66
9725,248.0612,-66
9726,248.0867,-63
9727,248.1122,-63
9728,248.1378,-59
9729,248.1633,-59
9730,248.1888,-58
9731,248.2143,-63
9732,248.2398,-63
9733,248.2653,-64
9734,248.2908,-64
9735,248.3163,-58
9736,248.3418,-58
9737,248.3673,-58
9738,248.3929,-62
9739,248.4184,-62
9740,248.4439,-63
9741,248.4694,-63
9742,248.4949,-59
9743,248.5204,-59
9744,248.5459,-58
9745,248.5714,-58
9746,248.5969,-54
9747,248.6224,-65
9748,248.6480,-65
9749,248.6735,-58
9750,248.6990,-58
9751,248.7245,-60
9752,248.7500,-60
9753,248.7755,-54
9754,248.8010,-72
9755,248.8265,-72
9756,248.8520,-58
9757,248.8776,-58
9758,248.9031,-58
9759,248.9286,-58
9760,248.9541,-56
9761,248.9796,-76
9762,249.0051,-76
9763,249.0306,-57
9764,249.0561,-57
9765,249.0816,-59
9766,249.1071,-59
9767,249.1327,-55
9768,249.1582,-70
9769,249.1837,-70
9770,249.2092,-58
9771,249.2347,-58
9772,249.2602,-60
9773,249.2857,-60
9774,249.3112,-57
9775,249.3367,-68
9776,249.3622,-68
9777,249.3878,-59
9778,249.4133,-59
9779,249.4388,-62
9780,249.4643,-62
9781,249.4898,-56
9782,249.5153,-56
9783,249.5408,-64
9784,249.5663,-64
9785,249.5918,-64
9786,249.6173,-60
9787,249.6429,-60
9788,249.6684,-58
9789,249.6939,-58
9790,249.7194,-65
9791,249.7449,-64
9792,249.7704,-64
9793,249.7959,-60
9794,249.8214,-60
9795,249.8469,-58
9796,249.8724,-58
9797,249.8980,-62
9798,249.9235,-66
9799,249.9490,-66
9800,249.9745,-59
9801,250.0000,-59
9802,250.0255,-59
9803,250.0510,-59
9804,250.0765,-62
9805,250.1020,-65
9806,250.1276,-65
9807,250.1531,-59
9808,250.1786,-59
9809,250.2041,-58
9810,250.2296,-58
9811,250.2551,-55
9812,250.2806,-68
9813,250.3061,-68
9814,250.3316,-57
9815,250.3571,-57
9816,250.3827,-61
9817,250.4082,-61
9818,250.4337,-55
9819,250.4592,-55
9820,250.4847,-78
9821,250.5102,-58
9822,250.5357,-58
9823,250.5612,-59
9824,250.5867,-59
9825,250.6122,-56
9826,250.6378,-56
9827,250.6633,-76
9828,250.6888,-57
9829,250.7143,-57
9830,250.7398,-60
9831,250.7653,-60
9832,250.7908,-55
9833,250.8163,-55
9834,250.8418,-68
9835,250.8673,-58
9836,250.8929,-58
9837,250.9184,-61
9838,250.9439,-61
9839,250.9694,-56
9840,250.9949,-56
9841,251.0204,-66
9842,251.0459,-60
9843,251.0714,-60
9844,251.0969,-62
9845,251.1224,-62
9846,251.1480,-57
9847,251.1735,-57
9848,251.1990,-63
9849,251.2245,-63
9850,251.2500,-63
9851,251.2755,-61
9852,251.3010,-61
9853,251.3265,-58
9854,251.3520,-58
9855,251.3776,-64
9856,251.4031,-64
9857,251.4286,-65
9858,251.4541,-60
9859,251.4796,-60
9860,251.5051,-58
9861,251.5306,-58
9862,251.5561,-62
9863,251.5816,-62
9864,251.6071,-66
9865,251.6327,-58
9866,251.6582,-58
9867,251.6837,-60
9868,251.7092,-60
9869,251.7347,-61
9870,251.7602,-61
9871,251.7857,-65
9872,251.8112,-59
9873,251.8367,-59
9874,251.8622,-59
9875,251.8878,-59
9876,251.9133,-55
9877,251.9388,-55
9878,251.9643,-69
9879,251.9898,-57
9880,252.0153,-57
9881,252.0408,-61
9882,252.0663,-61
9883,252.0918,-54
9884,252.1173,-54
9885,252.1429,-75
9886,252.1684,-59
9887,252.1939,-59
9888,252.2194,-60
9889,252.2449,-60
9890,252.2704,-55
9891,252.2959,-55
9892,252.3214,-73
9893,252.3469,-73
9894,252.3724,-58
9895,252.3980,-61
9896,252.4235,-61
9897,252.4490,-56
9898,252.4745,-56
9899,252.5000,-67
9900,252.5255,-67
9901,252.5510,-59
9902,252.5765,-61
9903,252.6020,-61
9904,252.6276,-57
9905,252.6531,-57
9906,252.6786,-66
9907,252.7041,-66
9908,252.7296,-60
9909,252.7551,-62
9910,252.7806,-62
9911,252.8061,-56
9912,252.8316,-56
9913,252.8571,-63
9914,252.8827,-63
9915,252.9082,-63
9916,252.9337,-60
9917,252.9592,-60
9918,252.9847,-58
9919,253.0102,-58
9920,253.0357,-63
9921,253.0612,-63
9922,253.0867,-65
9923,253.1122,-60
9924,253.1378,-60
9925,253.1633,-58
9926,253.1888,-58
9927,253.2143,-61
9928,253.2398,-61
9929,253.2653,-67
9930,253.2908,-67
9931,253.3163,-59
9932,253.3418,-59
9933,253.3673,-59
9934,253.3929,-62
9935,253.4184,-62
9936,253.4439,-66
9937,253.4694,-66
9938,253.4949,-58
9939,253.5204,-60
9940,253.5459,-60
9941,253.5714,-55
9942,253.5969,-55
9943,253.6224,-70
9944,253.6480,-70
9945,253.6735,-58
9946,253.6990,-61
9947,253.7245,-61
9948,253.7500,-54
9949,253.7755,-54
9950,253.8010,-77
9951,253.8265,-77
9952,253.8520,-58
9953,253.8776,-60
9954,253.9031,-60
9955,253.9286,-56
9956,253.9541,-56
9957,253.9796,-73
9958,254.0051,-73
9959,254.0306,-58
9960,254.0561,-61
9961,254.0816,-61
9962,254.1071,-56
9963,254.1327,-56
9964,254.1582,-68
9965,254.1837,-68
9966,254.2092,-59
9967,254.2347,-59
9968,254.2602,-61
9969,254.2857,-56
9970,254.3112,-56
9971,254.3367,-66
9972,254.3622,-66
9973,254.3878,-60
9974,254.4133,-60
9975,254.4388,-60
9976,254.4643,-56
9977,254.4898,-56
9978,254.5153,-63
9979,254.5408,-63
9980,254.5663,-63
9981,254.5918,-63
9982,254.6173,-59
9983,254.6429,-58
9984,254.6684,-58
9985,254.6939,-63
9986,254.7194,-63
9987,254.7449,-64
9988,254.7704,-64
9989,254.7959,-59
9990,254.8214,-57
9991,254.8469,-57
9992,254.8724,-61
9993,254.8980,-61
9994,254.9235,-66
9995,254.9490,-66
9996,254.9745,-58
9997,255.0000,-58
9998,255.0255,-58
9999,255.0510,-61
10000,255.0765,-61
10001,255.1020,-65
10002,255.1276,-65
10003,255.1531,-59
10004,255.1786,-59
10005,255.2041,-59
10006,255.2296,-54
10007,255.2551,-54
10008,255.2806,-68
10009,255.3061,-68
10010,255.3316,-57
10011,255.3571,-57
10012,255.3827,-60
10013,255.4082,-54
10014,255.4337,-54
10015,255.4592,-80
10016,255.4847,-80
10017,255.5102,-80
10018,255.5357,-80
10019,255.5612,-59
10020,255.5867,-55
10021,255.6122,-55
10022,255.6378,-75
10023,255.6633,-75
10024,255.6888,-56
10025,255.7143,-56
10026,255.7398,-60
10027,255.7653,-55
10028,255.7908,-55
10029,255.8163,-66
10030,255.8418,-66
10031,255.8673,-58
10032,255.8929,-58
10033,255.9184,-60
10034,255.9439,-60
10035,255.9694,-56
10036,255.9949,-64
10037,256.0204,-64
10038,256.0459,-60
10039,256.0714,-60
10040,256.0969,-62
10041,256.1224,-62
10042,256.1480,-57
10043,256.1735,-62
10044,256.1990,-62
10045,256.2245,-63
10046,256.2500,-63
10047,256.2755,-59
10048,256.3010,-59
10049,256.3265,-58
10050,256.3520,-62
10051,256.3776,-62
10052,256.4031,-65
10053,256.4286,-65
10054,256.4541,-59
10055,256.4796,-59
10056,256.5051,-59
10057,256.5306,-61
10058,256.5561,-61
10059,256.5816,-68
10060,256.6071,-68
10061,256.6327,-85
10062,256.6582,-85
10063,256.6837,-59
10064,256.7092,-60
10065,256.7347,-60
10066,256.7602,-67
10067,256.7857,-67
10068,256.8112,-59
10069,256.8367,-59
10070,256.8622,-60
10071,256.8878,-60
10072,256.9133,-55
10073,256.9388,-72
10074,256.9643,-72
10075,256.9898,-57
10076,257.0153,-57
10077,257.0408,-60
10078,257.0663,-60
10079,257.0918,-55
10080,257.1173,-77
10081,257.1429,-77
10082,257.1684,-58
10083,257.1939,-58
10084,257.2194,-60
10085,257.2449,-60
10086,257.2704,-56
10087,257.2959,-70
10088,257.3214,-70
10089,257.3469,-57
10090,257.3724,-57
10091,257.3980,-61
10092,257.4235,-61
10093,257.4490,-55
10094,257.4745,-64
10095,257.5000,-64
10096,257.5255,-59
10097,257.5510,-59
10098,257.5765,-61
10099,257.6020,-61
10100,257.6276,-57
10101,257.6531,-63
10102,257.6786,-63
10103,257.7041,-63
10104,257.7296,-63
10105,257.7551,-61
10106,257.7806,-61
10107,257.8061,-57
10108,257.8316,-57
10109,257.8571,-61
10110,257.8827,-64
10111,257.9082,-64
10112,257.9337,-60
10113,257.9592,-60
10114,257.9847,-59
10115,258.0102,-59
10116,258.0357,-61
10117,258.0612,-66
10118,258.0867,-66
10119,258.1122,-59
10120,258.1378,-59
10121,258.1633,-60
10122,258.1888,-60
10123,258.2143,-60
10124,258.2398,-70
10125,258.2653,-70
10126,258.2908,-59
10127,258.3163,-59
10128,258.3418,-60
10129,258.3673,-60
10130,258.3929,-59
10131,258.4184,-70
10132,258.4439,-70
10133,258.4694,-59
10134,258.4949,-59
10135,258.5204,-61
10136,258.5459,-61
10137,258.5714,-56
10138,258.5969,-76
10139,258.6224,-76
10140,258.6480,-58
10141,258.6735,-58
10142,258.6990,-62
10143,258.7245,-62
10144,258.7500,-55
10145,258.7755,-55
10146,258.8010,-75
10147,258.8265,-58
10148,258.8520,-58
10149,258.8776,-61
10150,258.9031,-61
10151,258.9286,-56
10152,258.9541,-56
10153,258.9796,-70
10154,259.0051,-58
10155,259.0306,-58
10156,259.0561,-60
10157,259.0816,-60
10158,259.1071,-56
10159,259.1327,-56
10160,259.1582,-66
10161,259.1837,-59
10162,259.2092,-59
10163,259.2347,-61
10164,259.2602,-61
10165,259.2857,-57
10166,259.3112,-57
10167,259.3367,-64
10168,259.3622,-59
10169,259.3878,-59
10170,259.4133,-57
10171,259.4388,-57
10172,259.4643,-55
10173,259.4898,-55
10174,259.5153,-64
10175,259.5408,-55
10176,259.5663,-55
10177,259.5918,-51
10178,259.6173,-51
10179,259.6429,-46
10180,259.6684,-46
10181,259.6939,-48
10182,259.7194,-48
10183,259.7449,-51
10184,259.7704,-52
10185,259.7959,-52
10186,259.8214,-51
10187,259.8469,-51
10188,259.8724,-50
10189,259.8980,-50
10190,259.9235,-58
10191,259.9490,-51
10192,259.9745,-51
10193,260.0000,-51
10194,260.0255,-51
10195,260.0510,-63
10196,260.0765,-63
10197,260.1020,-44
10198,260.1276,-49
10199,260.1531,-49
10200,260.1786,-53
10201,260.2041,-53
10202,260.2296,-55
10203,260.2551,-55
10204,260.2806,-46
10205,260.3061,-50
10206,260.3316,-50
10207,260.3571,-67
10208,260.3827,-67
10209,260.4082,-58
10210,260.4337,-58
10211,260.4592,-61
10212,260.4847,-57
10213,260.5102,-57
10214,260.5357,-53
10215,260.5612,-53
10216,260.5867,-54
10217,260.6122,-54
10218,260.6378,-58
10219,260.6633,-58
10220,260.6888,-53
10221,260.7143,-50
10222,260.7398,-50
10223,260.7653,-54
10224,260.7908,-54
10225,260.8163,-51
10226,260.8418,-51
10227,260.8673,-52
10228,260.8929,-52
10229,260.9184,-52
10230,260.9439,-65
10231,260.9694,-65
10232,260.9949,-53
10233,261.0204,-53
10234,261.0459,-52
10235,261.0714,-58
10236,261.0969,-58
10237,261.1224,-64
10238,261.1480,-64
10239,261.1735,-54
10240,261.1990,-54
10241,261.2245,-54
10242,261.2500,-61
10243,261.2755,-61
10244,261.3010,-60
10245,261.3265,-60
10246,261.3520,-57
10247,261.3776,-57
10248,261.4031,-54
10249,261.4286,-76
10250,261.4541,-76
10251,261.4796,-55
10252,261.5051,-55
10253,261.5306,-58
10254,261.5561,-58
10255,261.5816,-56
10256,261.6071,-56
10257,261.6327,-63
10258,261.6582,-52
10259,261.6837,-52
10260,261.7092,-58
10261,261.7347,-58
10262,261.7602,-56
10263,261.7857,-56
10264,261.8112,-56
10265,261.8367,-51
10266,261.8622,-51
10267,261.8878,-54
10268,261.9133,-54
10269,261.9388,-59
10270,261.9643,-59
10271,261.9898,-59
10272,262.0153,-52
10273,262.0408,-52
10274,262.0663,-52
10275,262.0918,-52
10276,262.1173,-61
10277,262.1429,-61
10278,262.1684,-60
10279,262.1939,-51
10280,262.2194,-51
10281,262.2449,-53
10282,262.2704,-53
10283,262.2959,-63
10284,262.3214,-63
10285,262.3469,-62
10286,262.3724,-62
10287,262.3980,-55
10288,262.4235,-51
10289,262.4490,-51
10290,262.4745,-62
10291,262.5000,-62
10292,262.5255,-64
10293,262.5510,-64
10294,262.5765,-54
10295,262.6020,-52
10296,262.6276,-52
10297,262.6531,-70
10298,262.6786,-70
10299,262.7041,-64
10300,262.7296,-64
10301,262.7551,-53
10302,262.7806,-51
10303,262.8061,-51
10304,262.8316,-79
10305,262.8571,-79
10306,262.8827,-67
10307,262.9082,-67
10308,262.9337,-50
10309,262.9592,-52
10310,262.9847,-52
10311,263.0102,-73
10312,263.0357,-73
10313,263.0612,-71
10314,263.0867,-71
10315,263.1122,-51
10316,263.1378,-51
10317,263.1633,-51
10318,263.1888,-65
10319,263.2143,-65
10320,263.2398,-70
10321,263.2653,-70
10322,263.2908,-51
10323,263.3163,-51
10324,263.3418,-50
10325,263.3673,-65
10326,263.3929,-65
10327,263.4184,-63
10328,263.4439,-63
10329,263.4694,-53
10330,263.4949,-53
10331,263.5204,-51
10332,263.5459,-57
10333,263.5714,-57
10334,263.5969,-62
10335,263.6224,-62
10336,263.6480,-55
10337,263.6735,-55
10338,263.6990,-52
10339,263.7245,-55
10340,263.7500,-55
10341,263.7755,-61
10342,263.8010,-61
10343,263.8265,-55
10344,263.8520,-55
10345,263.8776,-51
10346,263.9031,-56
10347,263.9286,-56
10348,263.9541,-62
10349,263.9796,-62
10350,264.0051,-57
10351,264.0306,-57
10352,264.0561,-51
10353,264.0816,-54
10354,264.1071,-54
10355,264.1327,-64
10356,264.1582,-64
10357,264.1837,-59
10358,264.2092,-59
10359,264.2347,-50
10360,264.2602,-50
10361,264.2857,-53
10362,264.3112,-70
10363,264.3367,-70
10364,264.3622,-61
10365,264.3878,-61
10366,264.4133,-48
10367,264.4388,-48
10368,264.4643,-51
10369,264.4898,-87
10370,264.5153,-87
10371,264.5408,-62
10372,264.5663,-62
10373,264.5918,-49
10374,264.6173,-49
10375,264.6429,-51
10376,264.6684,-70
10377,264.6939,-70
10378,264.7194,-66
10379,264.7449,-66
10380,264.7704,-50
10381,264.7959,-50
10382,264.8214,-51
10383,264.8469,-63
10384,264.8724,-63
10385,264.8980,-65
10386,264.9235,-65
10387,264.9490,-50
10388,264.9745,-50
10389,265.0000,-51
10390,265.0255,-51
10391,265.0510,-62
10392,265.0765,-61
10393,265.1020,-61
10394,265.1276,-52
10395,265.1531,-52
10396,265.1786,-51
10397,265.2041,-51
10398,265.2296,-58
10399,265.2551,-61
10400,265.2806,-61
10401,265.3061,-53
10402,265.3316,-53
10403,265.3571,-52
10404,265.3827,-52
10405,265.4082,-56
10406,265.4337,-60
10407,265.4592,-60
10408,265.4847,-56
10409,265.5102,-56
10410,265.5357,-51
10411,265.5612,-51
10412,265.5867,-56
10413,265.6122,-61
10414,265.6378,-61
10415,265.6633,-58
10416,265.6888,-58
10417,265.7143,-51
10418,265.7398,-51
10419,265.7653,-53
10420,265.7908,-64
10421,265.8163,-64
10422,265.8418,-60
10423,265.8673,-60
10424,265.8929,-51
10425,265.9184,-51
10426,265.9439,-52
10427,265.9694,-52
10428,265.9949,-70
10429,266.0204,-62
10430,266.0459,-62
10431,266.0714,-51
10432,266.0969,-51
10433,266.1224,-51
10434,266.1480,-51
10435,266.1735,-74
10436,266.1990,-66
10437,266.2245,-66
10438,266.2500,-47
10439,266.2755,-47
10440,266.3010,-51
10441,266.3265,-51
10442,266.3520,-67
10443,266.3776,-67
10444,266.4031,-67
10445,266.4286,-51
10446,266.4541,-51
10447,266.4796,-51
10448,266.5051,-51
10449,266.5306,-62
10450,266.5561,-64
10451,266.5816,-64
10452,266.6071,-50
10453,266.6327,-50
10454,266.6582,-51
10455,266.6837,-51
10456,266.7092,-61
10457,266.7347,-61
10458,266.7602,-61
10459,266.7857,-53
10460,266.8112,-53
10461,266.8367,-51
10462,266.8622,-51
10463,266.8878,-57
10464,266.9133,-57
10465,266.9388,-60
10466,266.9643,-55
10467,266.9898,-55
10468,267.0153,-52
10469,267.0408,-52
10470,267.0663,-56
10471,267.0918,-56
10472,267.1173,-59
10473,267.1429,-56
10474,267.1684,-56
10475,267.1939,-51
10476,267.2194,-51
10477,267.2449,-55
10478,267.2704,-55
10479,267.2959,-61
10480,267.3214,-57
10481,267.3469,-57
10482,267.3724,-51
10483,267.3980,-51
10484,267.4235,-53
10485,267.4490,-53
10486,267.4745,-62
10487,267.5000,-62
10488,267.5255,-62
10489,267.5510,-50
10490,267.5765,-50
10491,267.6020,-53
10492,267.6276,-53
10493,267.6531,-65
10494,267.6786,-61
10495,267.7041,-61
10496,267.7296,-48
10497,267.7551,-48
10498,267.7806,-47
10499,267.8061,-47
10500,267.8316,-69
10501,267.8571,-69
10502,267.8827,-63
10503,267.9082,-47
10504,267.9337,-47
10505,267.9592,-48
10506,267.9847,-48
10507,268.0102,-66
10508,268.0357,-66
10509,268.0612,-63
10510,268.0867,-50
10511,268.1122,-50
10512,268.1378,-51
10513,268.1633,-51
10514,268.1888,-61
10515,268.2143,-61
10516,268.2398,-63
10517,268.2653,-51
10518,268.2908,-51
10519,268.3163,-51
10520,268.3418,-51
10521,268.3673,-60
10522,268.3929,-60
10523,268.4184,-59
10524,268.4439,-53
10525,268.4694,-53
10526,268.4949,-47
10527,268.5204,-47
10528,268.5459,-57
10529,268.5714,-57
10530,268.5969,-59
10531,268.6224,-54
10532,268.6480,-54
10533,268.6735,-52
10534,268.6990,-52
10535,268.7245,-56
10536,268.7500,-56
10537,268.7755,-58
10538,268.8010,-58
10539,268.8265,-55
10540,268.8520,-51
10541,268.8776,-51
10542,268.9031,-55
10543,268.9286,-55
10544,268.9541,-60
10545,268.9796,-60
10546,269.0051,-60
10547,269.0306,-51
10548,269.0561,-51
10549,269.0816,-53
10550,269.1071,-53
10551,269.1327,-62
10552,269.1582,-62
10553,269.1837,-59
10554,269.2092,-51
10555,269.2347,-51
10556,269.2602,-52
10557,269.2857,-52
10558,269.3112,-66
10559,269.3367,-66
10560,269.3622,-66
10561,269.3878,-51
10562,269.4133,-51
10563,269.4388,-51
10564,269.4643,-51
10565,269.4898,-69
10566,269.5153,-69
10567,269.5408,-65
10568,269.5663,-49
10569,269.5918,-49
10570,269.6173,-48
10571,269.6429,-48
10572,269.6684,-66
10573,269.6939,-66
10574,269.7194,-66
10575,269.7449,-66
10576,269.7704,-51
10577,269.7959,-51
10578,269.8214,-51
10579,269.8469,-61
10580,269.8724,-61
10581,269.8980,-62
10582,269.9235,-62
10583,269.9490,-51
10584,269.9745,-51
10585,270.0000,-51
10586,270.0255,-61
10587,270.0510,-61
10588,270.0765,-59
10589,270.1020,-59
10590,270.1276,-52
10591,270.1531,-50
10592,270.1786,-50
10593,270.2041,-57
10594,270.2296,-57
10595,270.2551,-59
10596,270.2806,-59
10597,270.3061,-54
10598,270.3316,-51
10599,270.3571,-51
10600,270.3827,-55
10601,270.4082,-55
10602,270.4337,-59
10603,270.4592,-59
10604,270.4847,-61
10605,270.5102,-61
10606,270.5357,-51
10607,270.5612,-55
10608,270.5867,-55
10609,270.6122,-60
10610,270.6378,-60
10611,270.6633,-57
10612,270.6888,-57
10613,270.7143,-51
10614,270.7398,-53
10615,270.7653,-53
10616,270.7908,-62
10617,270.8163,-62
10618,270.8418,-59
10619,270.8673,-59
10620,270.8929,-47
10621,270.9184,-52
10622,270.9439,-52
10623,270.9694,-66
10624,270.9949,-66
10625,271.0204,-61
10626,271.0459,-61
10627,271.0714,-51
10628,271.0969,-51
10629,271.1224,-51
10630,271.1480,-70
10631,271.1735,-70
10632,271.1990,-64
10633,271.2245,-64
10634,271.2500,-49
10635,271.2755,-52
10636,271.3010,-52
10637,271.3265,-65
10638,271.3520,-65
10639,271.3776,-64
10640,271.4031,-64
10641,271.4286,-51
10642,271.4541,-51
10643,271.4796,-51
10644,271.5051,-61
10645,271.5306,-61
10646,271.5561,-62
10647,271.5816,-62
10648,271.6071,-49
10649,271.6327,-49
10650,271.6582,-49
10651,271.6837,-61
10652,271.7092,-61
10653,271.7347,-59
10654,271.7602,-59
10655,271.7857,-52
10656,271.8112,-52
10657,271.8367,-51
10658,271.8622,-57
10659,271.8878,-57
10660,271.9133,-59
10661,271.9388,-59
10662,271.9643,-54
10663,271.9898,-54
10664,272.0153,-51
10665,272.0408,-55
10666,272.0663,-55
10667,272.0918,-58
10668,272.1173,-58
10669,272.1429,-56
10670,272.1684,-56
10671,272.1939,-51
10672,272.2194,-51
10673,272.2449,-55
10674,272.2704,-59
10675,272.2959,-59
10676,272.3214,-61
10677,272.3469,-61
10678,272.3724,-51
10679,272.3980,-51
10680,272.4235,-53
10681,272.4490,-60
10682,272.4745,-60
10683,272.5000,-59
10684,272.5255,-59
10685,272.5510,-50
10686,272.5765,-50
10687,272.6020,-51
10688,272.6276,-65
10689,272.6531,-65
10690,272.6786,-61
10691,272.7041,-61
10692,272.7296,-47
10693,272.7551,-47
10694,272.7806,-47
10695,272.8061,-68
10696,272.8316,-68
10697,272.8571,-62
10698,272.8827,-62
10699,272.9082,-46
10700,272.9337,-46
10701,272.9592,-51
10702,272.9847,-65
10703,273.0102,-65
10704,273.0357,-62
10705,273.0612,-62
10706,273.0867,-47
10707,273.1122,-47
10708,273.1378,-50
10709,273.1633,-50
10710,273.1888,-60
10711,273.2143,-60
10712,273.2398,-60
10713,273.2653,-50
10714,273.2908,-50
10715,273.3163,-51
10716,273.3418,-51
10717,273.3673,-60
10718,273.3929,-58
10719,273.4184,-58
10720,273.4439,-51
10721,273.4694,-51
10722,273.4949,-51
10723,273.5204,-51
10724,273.5459,-56
10725,273.5714,-58
10726,273.5969,-58
10727,273.6224,-54
10728,273.6480,-54
10729,273.6735,-52
10730,273.6990,-52
10731,273.7245,-56
10732,273.7500,-58
10733,273.7755,-58
10734,273.8010,-56
10735,273.8265,-56
10736,273.8520,-51
10737,273.8776,-51
10738,273.9031,-54
10739,273.9286,-59
10740,273.9541,-59
10741,273.9796,-57
10742,274.0051,-57
10743,274.0306,-51
10744,274.0561,-51
10745,274.0816,-52
10746,274.1071,-52
10747,274.1327,-61
10748,274.1582,-59
10749,274.1837,-59
10750,274.2092,-51
10751,274.2347,-51
10752,274.2602,-52
10753,274.2857,-52
10754,274.3112,-65
10755,274.3367,-63
10756,274.3622,-63
10757,274.3878,-51
10758,274.4133,-51
10759,274.4388,-51
10760,274.4643,-51
10761,274.4898,-68
10762,274.5153,-64
10763,274.5408,-64
10764,274.5663,-47
10765,274.5918,-47
10766,274.6173,-51
10767,274.6429,-51
10768,274.6684,-65
10769,274.6939,-64
10770,274.7194,-64
10771,274.7449,-50
10772,274.7704,-50
10773,274.7959,-48
10774,274.8214,-48
10775,274.8469,-60
10776,274.8724,-61
10777,274.8980,-61
10778,274.9235,-50
10779,274.9490,-50
10780,274.9745,-51
10781,275.0000,-51
10782,275.0255,-60
10783,275.0510,-60
10784,275.0765,-57
10785,275.1020,-52
10786,275.1276,-52
10787,275.1531,-47
10788,275.1786,-47
10789,275.2041,-54
10790,275.2296,-54
10791,275.2551,-57
10792,275.2806,-51
10793,275.3061,-51
10794,275.3316,-47
10795,275.3571,-47
10796,275.3827,-51
10797,275.4082,-51
10798,275.4337,-56
10799,275.4592,-59
10800,275.4847,-59
10801,275.5102,-58
10802,275.5357,-58
10803,275.5612,-56
10804,275.5867,-56
10805,275.6122,-63
10806,275.6378,-56
10807,275.6633,-56
10808,275.6888,-57
10809,275.7143,-57
10810,275.7398,-57
10811,275.7653,-57
10812,275.7908,-70
10813,275.8163,-57
10814,275.8418,-57
10815,275.8673,-51
10816,275.8929,-51
10817,275.9184,-54
10818,275.9439,-54
10819,275.9694,-59
10820,275.9949,-59
10821,276.0204,-54
10822,276.0459,-48
10823,276.0714,-48
10824,276.0969,-62
10825,276.1224,-62
10826,276.1480,-65
10827,276.1735,-65
10828,276.1990,-60
10829,276.2245,-52
10830,276.2500,-52
10831,276.2755,-60
10832,276.3010,-60
10833,276.3265,-67
10834,276.3520,-67
10835,276.3776,-52
10836,276.4031,-51
10837,276.4286,-51
10838,276.4541,-56
10839,276.4796,-56
10840,276.5051,-68
10841,276.5306,-68
10842,276.5561,-59
10843,276.5816,-64
10844,276.6071,-64
10845,276.6327,-58
10846,276.6582,-58
10847,276.6837,-57
10848,276.7092,-57
10849,276.7347,-56
10850,276.7602,-58
10851,276.7857,-58
10852,276.8112,-53
10853,276.8367,-53
10854,276.8622,-55
10855,276.8878,-55
10856,276.9133,-59
10857,276.9388,-59
10858,276.9643,-60
10859,276.9898,-59
10860,277.0153,-59
10861,277.0408,-51
10862,277.0663,-51
10863,277.0918,-46
10864,277.1173,-46
10865,277.1429,-57
10866,277.1684,-51
10867,277.1939,-51
10868,277.2194,-45
10869,277.2449,-45
10870,277.2704,-53
10871,277.2959,-53
10872,277.3214,-67
10873,277.3469,-51
10874,277.3724,-51
10875,277.3980,-46
10876,277.4235,-46
10877,277.4490,-42
10878,277.4745,-42
10879,277.5000,-58
10880,277.5255,-41
10881,277.5510,-41
10882,277.5765,-44
10883,277.6020,-44
10884,277.6276,-44
10885,277.6531,-44
10886,277.6786,-49
10887,277.7041,-43
10888,277.7296,-43
10889,277.7551,-38
10890,277.7806,-38
10891,277.8061,-44
10892,277.8316,-44
10893,277.8571,-42
10894,277.8827,-42
10895,277.9082,-42
10896,277.9337,-42
10897,277.9592,-42
10898,277.9847,-43
10899,278.0102,-43
10900,278.0357,-39
10901,278.0612,-39
10902,278.0867,-45
10903,278.1122,-39
10904,278.1378,-39
10905,278.1633,-40
10906,278.1888,-40
10907,278.2143,-40
10908,278.2398,-40
10909,278.2653,-37
10910,278.2908,-35
10911,278.3163,-35
10912,278.3418,-39
10913,278.3673,-39
10914,278.3929,-37
10915,278.4184,-37
10916,278.4439,-37
10917,278.4694,-35
10918,278.4949,-35
10919,278.5204,-37
10920,278.5459,-37
10921,278.5714,-37
10922,278.5969,-37
10923,278.6224,-36
10924,278.6480,-37
10925,278.6735,-37
10926,278.6990,-39
10927,278.7245,-39
10928,278.7500,-41
10929,278.7755,-41
10930,278.8010,-41
10931,278.8265,-41
10932,278.8520,-37
10933,278.8776,-42
10934,278.9031,-42
10935,278.9286,-42
10936,278.9541,-42
10937,278.9796,-40
10938,279.0051,-40
10939,279.0306,-40
10940,279.0561,-42
10941,279.0816,-42
10942,279.1071,-42
10943,279.1327,-42
10944,279.1582,-41
10945,279.1837,-41
10946,279.2092,-38
10947,279.2347,-41
10948,279.2602,-41
10949,279.2857,-42
10950,279.3112,-42
10951,279.3367,-42
10952,279.3622,-42
10953,279.3878,-40
10954,279.4133,-41
10955,279.4388,-41
10956,279.4643,-42
10957,279.4898,-42
10958,279.5153,-43
10959,279.5408,-43
10960,279.5663,-39
10961,279.5918,-39
10962,279.6173,-41
10963,279.6429,-43
10964,279.6684,-43
10965,279.6939,-42
10966,279.7194,-42
10967,279.7449,-39
10968,279.7704,-39
10969,279.7959,-40
10970,279.8214,-42
10971,279.8469,-42
10972,279.8724,-44
10973,279.8980,-44
10974,279.9235,-39
10975,279.9490,-39
10976,279.9745,-41
10977,280.0000,-43
10978,280.0255,-43
10979,280.0510,-42
10980,280.0765,-42
10981,280.1020,-41
10982,280.1276,-41
10983,280.1531,-40
10984,280.1786,-43
10985,280.2041,-43
10986,280.2296,-43
10987,280.2551,-43
10988,280.2806,-40
10989,280.3061,-40
10990,280.3316,-40
10991,280.3571,-43
10992,280.3827,-43
10993,280.4082,-41
10994,280.4337,-41
10995,280.4592,-41
10996,280.4847,-41
10997,280.5102,-39
10998,280.5357,-39
10999,280.5612,-43
11000,280.5867,-42
11001,280.6122,-42
11002,280.6378,-42
11003,280.6633,-42
11004,280.6888,-39
11005,280.7143,-39
11006,280.7398,-39
11007,280.7653,-42
11008,280.7908,-42
11009,280.8163,-44
11010,280.8418,-44
11011,280.8673,-39
11012,280.8929,-39
11013,280.9184,-41
11014,280.9439,-43
11015,280.9694,-43
11016,280.9949,-44
11017,281.0204,-44
11018,281.0459,-40
11019,281.0714,-40
11020,281.0969,-40
11021,281.1224,-43
11022,281.1480,-43
11023,281.1735,-46
11024,281.1990,-46
11025,281.2245,-40
11026,281.2500,-40
11027,281.2755,-41
11028,281.3010,-41
11029,281.3265,-44
11030,281.3520,-46
11031,281.3776,-46
11032,281.4031,-41
11033,281.4286,-41
11034,281.4541,-40
11035,281.4796,-40
11036,281.5051,-43
11037,281.5306,-46
11038,281.5561,-46
11039,281.5816,-40
11040,281.6071,-40
11041,281.6327,-40
11042,281.6582,-40
11043,281.6837,-44
11044,281.7092,-43
11045,281.7347,-43
11046,281.7602,-42
11047,281.7857,-42
11048,281.8112,-40
11049,281.8367,-40
11050,281.8622,-43
11051,281.8878,-42
11052,281.9133,-42
11053,281.9388,-42
11054,281.9643,-42
11055,281.9898,-40
11056,282.0153,-40
11057,282.0408,-42
11058,282.0663,-42
11059,282.0918,-42
11060,282.1173,-43
11061,282.1429,-43
11062,282.1684,-39
11063,282.1939,-39
11064,282.2194,-42
11065,282.2449,-42
11066,282.2704,-43
11067,282.2959,-41
11068,282.3214,-41
11069,282.3469,-38
11070,282.3724,-38
11071,282.3980,-41
11072,282.4235,-41
11073,282.4490,-42
11074,282.4745,-45
11075,282.5000,-45
11076,282.5255,-38
11077,282.5510,-38
11078,282.5765,-38
11079,282.6020,-38
11080,282.6276,-41
11081,282.6531,-43
11082,282.6786,-43
11083,282.7041,-41
11084,282.7296,-41
11085,282.7551,-38
11086,282.7806,-38
11087,282.8061,-39
11088,282.8316,-40
11089,282.8571,-40
11090,282.8827,-41
11091,282.9082,-41
11092,282.9337,-37
11093,282.9592,-37
11094,282.9847,-41
11095,283.0102,-38
11096,283.0357,-38
11097,283.0612,-42
11098,283.0867,-42
11099,283.1122,-41
11100,283.1378,-41
11101,283.1633,-39
11102,283.1888,-39
11103,283.2143,-40
11104,283.2398,-44
11105,283.2653,-44
11106,283.2908,-41
11107,283.3163,-41
11108,283.3418,-47
11109,283.3673,-47
11110,283.3929,-42
11111,283.4184,-47
11112,283.4439,-47
11113,283.4694,-41
11114,283.4949,-41
11115,283.5204,-38
11116,283.5459,-38
11117,283.5714,-41
11118,283.5969,-41
11119,283.6224,-41
11120,283.6480,-39
11121,283.6735,-39
11122,283.6990,-37
11123,283.7245,-37
11124,283.7500,-38
11125,283.7755,-39
11126,283.8010,-39
11127,283.8265,-35
11128,283.8520,-35
11129,283.8776,-37
11130,283.9031,-37
11131,283.9286,-36
11132,283.9541,-37
11133,283.9796,-37
11134,284.0051,-38
11135,284.0306,-38
11136,284.0561,-39
11137,284.0816,-39
11138,284.1071,-37
11139,284.1327,-37
11140,284.1582,-38
11141,284.1837,-36
11142,284.2092,-36
11143,284.2347,-38
11144,284.2602,-38
11145,284.2857,-40
11146,284.3112,-40
11147,284.3367,-40
11148,284.3622,-42
11149,284.3878,-42
11150,284.4133,-42
11151,284.4388,-42
11152,284.4643,-43
11153,284.4898,-43
11154,284.5153,-39
11155,284.5408,-39
11156,284.5663,-39
11157,284.5918,-37
11158,284.6173,-37
11159,284.6429,-38
11160,284.6684,-38
11161,284.6939,-39
11162,284.7194,-36
11163,284.7449,-36
11164,284.7704,-35
11165,284.7959,-35
11166,284.8214,-42
11167,284.8469,-42
11168,284.8724,-41
11169,284.8980,-41
11170,284.9235,-41
11171,284.9490,-40
11172,284.9745,-40
11173,285.0000,-51
11174,285.0255,-51
11175,285.0510,-42
11176,285.0765,-42
11177,285.1020,-41
11178,285.1276,-43
11179,285.1531,-43
11180,285.1786,-44
11181,285.2041,-44
11182,285.2296,-43
11183,285.2551,-43
11184,285.2806,-40
11185,285.3061,-36
11186,285.3316,-36
11187,285.3571,-38
11188,285.3827,-38
11189,285.4082,-36
11190,285.4337,-36
11191,285.4592,-40
11192,285.4847,-38
11193,285.5102,-38
11194,285.5357,-38
11195,285.5612,-38
11196,285.5867,-38
11197,285.6122,-38
11198,285.6378,-40
11199,285.6633,-38
11200,285.6888,-38
11201,285.7143,-38
11202,285.7398,-38
11203,285.7653,-43
11204,285.7908,-43
11205,285.8163,-70
11206,285.8418,-70
11207,285.8673,-63
11208,285.8929,-55
11209,285.9184,-55
11210,285.9439,-46
11211,285.9694,-46
11212,285.9949,-52
11213,286.0204,-52
11214,286.0459,-50
11215,286.0714,-44
11216,286.0969,-44
11217,286.1224,-44
11218,286.1480,-44
11219,286.1735,-45
11220,286.1990,-45
11221,286.2245,-43
11222,286.2500,-42
11223,286.2755,-42
11224,286.3010,-41
11225,286.3265,-41
11226,286.3520,-41
11227,286.3776,-41
11228,286.4031,-41
11229,286.4286,-41
11230,286.4541,-41
11231,286.4796,-42
11232,286.5051,-42
11233,286.5306,-46
11234,286.5561,-46
11235,286.5816,-52
11236,286.6071,-49
11237,286.6327,-49
11238,286.6582,-41
11239,286.6837,-41
11240,286.7092,-40
11241,286.7347,-40
11242,286.7602,-40
11243,286.7857,-40
11244,286.8112,-39
11245,286.8367,-39
11246,286.8622,-39
11247,286.8878,-39
11248,286.9133,-39
11249,286.9388,-39
11250,286.9643,-39
11251,286.9898,-41
11252,287.0153,-40
11253,287.0408,-40
11254,287.0663,-38
11255,287.0918,-38
11256,287.1173,-40
11257,287.1429,-40
11258,287.1684,-39
11259,287.1939,-38
11260,287.2194,-38
11261,287.2449,-40
11262,287.2704,-40
11263,287.2959,-42
11264,287.3214,-42
11265,287.3469,-38
11266,287.3724,-37
11267,287.3980,-37
11268,287.4235,-36
11269,287.4490,-36
11270,287.4745,-40
11271,287.5000,-40
11272,287.5255,-39
11273,287.5510,-40
11274,287.5765,-40
11275,287.6020,-38
11276,287.6276,-38
11277,287.6531,-40
11278,287.6786,-40
11279,287.7041,-41
11280,287.7296,-41
11281,287.7551,-41
11282,287.7806,-39
11283,287.8061,-39
11284,287.8316,-40
11285,287.8571,-40
11286,287.8827,-40
11287,287.9082,-40
11288,287.9337,-44
11289,287.9592,-41
11290,287.9847,-41
11291,288.0102,-40
11292,288.0357,-40
11293,288.0612,-39
11294,288.0867,-39
11295,288.1122,-39
11296,288.1378,-38
11297,288.1633,-38
11298,288.1888,-42
11299,288.2143,-42
11300,288.2398,-41
11301,288.2653,-41
11302,288.2908,-43
11303,288.3163,-40
11304,288.3418,-40
11305,288.3673,-40
11306,288.3929,-40
11307,288.4184,-42
11308,288.4439,-42
11309,288.4694,-42
11310,288.4949,-42
11311,288.5204,-42
11312,288.5459,-40
11313,288.5714,-40
11314,288.5969,-41
11315,288.6224,-41
11316,288.6480,-44
11317,288.6735,-44
11318,288.6990,-42
11319,288.7245,-40
11320,288.7500,-40
11321,288.7755,-42
11322,288.8010,-42
11323,288.8265,-42
11324,288.8520,-42
11325,288.8776,-43
11326,288.9031,-40
11327,288.9286,-40
11328,288.9541,-42
11329,288.9796,-42
11330,289.0051,-42
11331,289.0306,-42
11332,289.0561,-42
11333,289.0816,-39
11334,289.1071,-39
11335,289.1327,-42
11336,289.1582,-42
11337,289.1837,-41
11338,289.2092,-41
11339,289.2347,-43
11340,289.2602,-39
11341,289.2857,-39
11342,289.3112,-42
11343,289.3367,-42
11344,289.3622,-42
11345,289.3878,-42
11346,289.4133,-42
11347,289.4388,-39
11348,289.4643,-39
11349,289.4898,-41
11350,289.5153,-41
11351,289.5408,-40
11352,289.5663,-40
11353,289.5918,-42
11354,289.6173,-42
11355,289.6429,-40
11356,289.6684,-40
11357,289.6939,-40
11358,289.7194,-40
11359,289.7449,-40
11360,289.7704,-42
11361,289.7959,-42
11362,289.8214,-39
11363,289.8469,-41
11364,289.8724,-41
11365,289.8980,-40
11366,289.9235,-40
11367,289.9490,-42
11368,289.9745,-42
11369,290.0000,-40
11370,290.0255,-39
11371,290.0510,-39
11372,290.0765,-41
11373,290.1020,-41
11374,290.1276,-41
11375,290.1531,-41
11376,290.1786,-41
11377,290.2041,-39
11378,290.2296,-39
11379,290.2551,-40
11380,290.2806,-40
11381,290.3061,-42
11382,290.3316,-42
11383,290.3571,-41
11384,290.3827,-39
11385,290.4082,-39
11386,290.4337,-41
11387,290.4592,-41
11388,290.4847,-41
11389,290.5102,-41
11390,290.5357,-42
11391,290.5612,-42
11392,290.5867,-40
11393,290.6122,-40
11394,290.6378,-40
11395,290.6633,-41
11396,290.6888,-41
11397,290.7143,-42
11398,290.7398,-42
11399,290.7653,-39
11400,290.7908,-41
11401,290.8163,-41
11402,290.8418,-41
11403,290.8673,-41
11404,290.8929,-42
11405,290.9184,-42
11406,290.9439,-39
11407,290.9694,-41
11408,290.9949,-41
11409,291.0204,-42
11410,291.0459,-42
11411,291.0714,-42
11412,291.0969,-42
11413,291.1224,-39
11414,291.1480,-41
11415,291.1735,-41
11416,291.1990,-40
11417,291.2245,-40
11418,291.2500,-43
11419,291.2755,-43
11420,291.3010,-40
11421,291.3265,-40
11422,291.3520,-40
11423,291.3776,-41
11424,291.4031,-41
11425,291.4286,-42
11426,291.4541,-42
11427,291.4796,-39
11428,291.5051,-39
11429,291.5306,-40
11430,291.5561,-39
11431,291.5816,-39
11432,291.6071,-41
11433,291.6327,-41
11434,291.6582,-38
11435,291.6837,-38
11436,291.7092,-38
11437,291.7347,-40
11438,291.7602,-40
11439,291.7857,-40
11440,291.8112,-40
11441,291.8367,-41
11442,291.8622,-41
11443,291.8878,-38
11444,291.9133,-39
11445,291.9388,-39
11446,291.9643,-41
11447,291.9898,-41
11448,292.0153,-40
11449,292.0408,-40
11450,292.0663,-38
11451,292.0918,-40
11452,292.1173,-40
11453,292.1429,-40
11454,292.1684,-40
11455,292.1939,-41
11456,292.2194,-41
11457,292.2449,-39
11458,292.2704,-39
11459,292.2959,-40
11460,292.3214,-40
11461,292.3469,-40
11462,292.3724,-40
11463,292.3980,-40
11464,292.4235,-37
11465,292.4490,-37
11466,292.4745,-41
11467,292.5000,-40
11468,292.5255,-40
11469,292.5510,-41
11470,292.5765,-41
11471,292.6020,-38
11472,292.6276,-38
11473,292.6531,-40
11474,292.6786,-40
11475,292.7041,-40
11476,292.7296,-41
11477,292.7551,-41
11478,292.7806,-38
11479,292.8061,-38
11480,292.8316,-40
11481,292.8571,-40
11482,292.8827,-40
11483,292.9082,-42
11484,292.9337,-42
11485,292.9592,-40
11486,292.9847,-40
11487,293.0102,-39
11488,293.0357,-40
11489,293.0612,-40
11490,293.0867,-41
11491,293.1122,-41
11492,293.1378,-39
11493,293.1633,-39
11494,293.1888,-41
11495,293.2143,-41
11496,293.2398,-39
11497,293.2653,-41
11498,293.2908,-41
11499,293.3163,-38
11500,293.3418,-38
11501,293.3673,-39
11502,293.3929,-39
11503,293.4184,-40
11504,293.4439,-40
11505,293.4694,-40
11506,293.4949,-41
11507,293.5204,-41
11508,293.5459,-40
11509,293.5714,-40
11510,293.5969,-40
11511,293.6224,-41
11512,293.6480,-41
11513,293.6735,-41
11514,293.6990,-41
11515,293.7245,-39
11516,293.7500,-39
11517,293.7755,-40
11518,293.8010,-40
11519,293.8265,-40
11520,293.8520,-42
11521,293.8776,-42
11522,293.9031,-40
11523,293.9286,-40
11524,293.9541,-41
11525,293.9796,-41
11526,294.0051,-41
11527,294.0306,-41
11528,294.0561,-41
11529,294.0816,-39
11530,294.1071,-39
11531,294.1327,-42
11532,294.1582,-42
11533,294.1837,-40
11534,294.2092,-41
11535,294.2347,-41
11536,294.2602,-39
11537,294.2857,-39
11538,294.3112,-41
11539,294.3367,-41
11540,294.3622,-41
11541,294.3878,-41
11542,294.4133,-41
11543,294.4388,-39
11544,294.4643,-39
11545,294.4898,-41
11546,294.5153,-41
11547,294.5408,-40
11548,294.5663,-42
11549,294.5918,-42
11550,294.6173,-40
11551,294.6429,-40
11552,294.6684,-41
11553,294.6939,-41
11554,294.7194,-40
11555,294.7449,-41
11556,294.7704,-41
11557,294.7959,-39
11558,294.8214,-39
11559,294.8469,-42
11560,294.8724,-42
11561,294.8980,-40
11562,294.9235,-41
11563,294.9490,-41
11564,294.9745,-39
11565,295.0000,-39
11566,295.0255,-39
11567,295.0510,-39
11568,295.0765,-40
11569,295.1020,-40
11570,295.1276,-40
11571,295.1531,-41
11572,295.1786,-41
11573,295.2041,-39
11574,295.2296,-39
11575,295.2551,-39
11576,295.2806,-39
11577,295.3061,-39
11578,295.3316,-40
11579,295.3571,-40
11580,295.3827,-38
11581,295.4082,-38
11582,295.4337,-41
11583,295.4592,-41
11584,295.4847,-40
11585,295.5102,-41
11586,295.5357,-41
11587,295.5612,-39
11588,295.5867,-39
11589,295.6122,-40
11590,295.6378,-40
11591,295.6633,-40
11592,295.6888,-40
11593,295.7143,-40
11594,295.7398,-38
11595,295.7653,-38
11596,295.7908,-41
11597,295.8163,-41
11598,295.8418,-40
11599,295.8673,-40
11600,295.8929,-41
11601,295.9184,-38
11602,295.9439,-38
11603,295.9694,-40
11604,295.9949,-40
11605,296.0204,-41
11606,296.0459,-41
11607,296.0714,-41
11608,296.0969,-38
11609,296.1224,-38
11610,296.1480,-40
11611,296.1735,-40
11612,296.1990,-40
11613,296.2245,-40
11614,296.2500,-42
11615,296.2755,-39
11616,296.3010,-39
11617,296.3265,-39
11618,296.3520,-39
11619,296.3776,-40
11620,296.4031,-40
11621,296.4286,-41
11622,296.4541,-37
11623,296.4796,-37
11624,296.5051,-40
11625,296.5306,-40
11626,296.5561,-39
11627,296.5816,-39
11628,296.6071,-40
11629,296.6327,-38
11630,296.6582,-38
11631,296.6837,-38
11632,296.7092,-38
11633,296.7347,-40
11634,296.7602,-40
11635,296.7857,-40
11636,296.8112,-40
11637,296.8367,-40
11638,296.8622,-38
11639,296.8878,-38
11640,296.9133,-39
11641,296.9388,-39
11642,296.9643,-40
11643,296.9898,-40
11644,297.0153,-40
11645,297.0408,-38
11646,297.0663,-38
11647,297.0918,-39
11648,297.1173,-39
11649,297.1429,-40
11650,297.1684,-40
11651,297.1939,-42
11652,297.2194,-38
11653,297.2449,-38
11654,297.2704,-40
11655,297.2959,-40
11656,297.3214,-40
11657,297.3469,-40
11658,297.3724,-41
11659,297.3980,-38
11660,297.4235,-38
11661,297.4490,-41
11662,297.4745,-41
11663,297.5000,-40
11664,297.5255,-40
11665,297.5510,-41
11666,297.5765,-38
11667,297.6020,-38
11668,297.6276,-40
11669,297.6531,-40
11670,297.6786,-41
11671,297.7041,-41
11672,297.7296,-41
11673,297.7551,-41
11674,297.7806,-39
11675,297.8061,-40
11676,297.8316,-40
11677,297.8571,-40
11678,297.8827,-40
11679,297.9082,-42
11680,297.9337,-42
11681,297.9592,-42
11682,297.9847,-40
11683,298.0102,-40
11684,298.0357,-41
11685,298.0612,-41
11686,298.0867,-41
11687,298.1122,-41
11688,298.1378,-39
11689,298.1633,-41
11690,298.1888,-41
11691,298.2143,-39
11692,298.2398,-39
11693,298.2653,-41
11694,298.2908,-41
11695,298.3163,-39
11696,298.3418,-39
11697,298.3673,-39
11698,298.3929,-40
11699,298.4184,-40
11700,298.4439,-40
11701,298.4694,-40
11702,298.4949,-41
11703,298.5204,-41
11704,298.5459,-39
11705,298.5714,-39
11706,298.5969,-39
11707,298.6224,-41
11708,298.6480,-41
11709,298.6735,-40
11710,298.6990,-40
11711,298.7245,-38
11712,298.7500,-40
11713,298.7755,-40
11714,298.8010,-40
11715,298.8265,-40
11716,298.8520,-41
11717,298.8776,-41
11718,298.9031,-40
11719,298.9286,-39
11720,298.9541,-39
11721,298.9796,-40
11722,299.0051,-40
11723,299.0306,-40
11724,299.0561,-40
11725,299.0816,-38
11726,299.1071,-41
11727,299.1327,-41
11728,299.1582,-40
11729,299.1837,-40
11730,299.2092,-41
11731,299.2347,-41
11732,299.2602,-38
11733,299.2857,-40
11734,299.3112,-40
11735,299.3367,-41
11736,299.3622,-41
11737,299.3878,-40
11738,299.4133,-40
11739,299.4388,-38
11740,299.4643,-38
11741,299.4898,-40
11742,299.5153,-39
11743,299.5408,-39
11744,299.5663,-42
11745,299.5918,-42
11746,299.6173,-38
11747,299.6429,-38
11748,299.6684,-39
11749,299.6939,-39
11750,299.7194,-39
11751,299.7449,-40
11752,299.7704,-40
11753,299.7959,-38
11754,299.8214,-38
11755,299.8469,-40
11756,299.8724,-38
11757,299.8980,-38
11758,299.9235,-40
11759,299.9490,-40
11760,299.9745,-38
11761,300.0000,-38
11762,300.0255,-37
11763,300.0510,-39
11764,300.0765,-39
11765,300.1020,-39
11766,300.1276,-39
11767,300.1531,-41
11768,300.1786,-41
11769,300.2041,-38
11770,300.2296,-39
11771,300.2551,-39
11772,300.2806,-40
11773,300.3061,-40
11774,300.3316,-40
11775,300.3571,-40
11776,300.3827,-37
11777,300.4082,-37
11778,300.4337,-39
11779,300.4592,-39
11780,300.4847,-39
11781,300.5102,-41
11782,300.5357,-41
11783,300.5612,-37
11784,300.5867,-37
11785,300.6122,-37
11786,300.6378,-40
11787,300.6633,-40
11788,300.6888,-40
11789,300.7143,-40
11790,300.7398,-37
11791,300.7653,-37
11792,300.7908,-40
11793,300.8163,-39
11794,300.8418,-39
11795,300.8673,-41
11796,300.8929,-41
11797,300.9184,-38
11798,300.9439,-38
11799,300.9694,-39
11800,300.9949,-40
11801,301.0204,-40
11802,301.0459,-40
11803,301.0714,-40
11804,301.0969,-37
11805,301.1224,-37
11806,301.1480,-40
11807,301.1735,-40
11808,301.1990,-39
11809,301.2245,-42
11810,301.2500,-42
11811,301.2755,-39
11812,301.3010,-39
11813,301.3265,-39
11814,301.3520,-39
11815,301.3776,-40
11816,301.4031,-40
11817,301.4286,-40
11818,301.4541,-38
11819,301.4796,-38
11820,301.5051,-40
11821,301.5306,-40
11822,301.5561,-39
11823,301.5816,-40
11824,301.6071,-40
11825,301.6327,-38
11826,301.6582,-38
11827,301.6837,-38
11828,301.7092,-38
11829,301.7347,-40
11830,301.7602,-39
11831,301.7857,-39
11832,301.8112,-40
11833,301.8367,-40
11834,301.8622,-39
11835,301.8878,-39
11836,301.9133,-39
11837,301.9388,-41
11838,301.9643,-41
11839,301.9898,-40
11840,302.0153,-40
11841,302.0408,-38
11842,302.0663,-38
11843,302.0918,-40
11844,302.1173,-40
11845,302.1429,-40
11846,302.1684,-41
11847,302.1939,-41
11848,302.2194,-40
11849,302.2449,-40
11850,302.2704,-39
11851,302.2959,-39
11852,302.3214,-40
11853,302.3469,-40
11854,302.3724,-40
11855,302.3980,-38
11856,302.4235,-38
11857,302.4490,-41
11858,302.4745,-41
11859,302.5000,-40
11860,302.5255,-40
11861,302.5510,-40
11862,302.5765,-39
11863,302.6020,-39
11864,302.6276,-40
11865,302.6531,-40
11866,302.6786,-40
11867,302.7041,-40
11868,302.7296,-40
11869,302.7551,-38
11870,302.7806,-38
11871,302.8061,-40
11872,302.8316,-40
11873,302.8571,-40
11874,302.8827,-41
11875,302.9082,-41
11876,302.9337,-40
11877,302.9592,-40
11878,302.9847,-39
11879,303.0102,-39
11880,303.0357,-40
11881,303.0612,-40
11882,303.0867,-40
11883,303.1122,-38
11884,303.1378,-38
11885,303.1633,-40
11886,303.1888,-40
11887,303.2143,-38
11888,303.2398,-38
11889,303.2653,-40
11890,303.2908,-38
11891,303.3163,-38
11892,303.3418,-38
11893,303.3673,-38
11894,303.3929,-40
11895,303.4184,-40
11896,303.4439,-39
11897,303.4694,-41
11898,303.4949,-41
11899,303.5204,-38
11900,303.5459,-38
11901,303.5714,-39
11902,303.5969,-39
11903,303.6224,-40
11904,303.6480,-40
11905,303.6735,-40
11906,303.6990,-37
11907,303.7245,-37
11908,303.7500,-40
11909,303.7755,-40
11910,303.8010,-39
11911,303.8265,-41
11912,303.8520,-41
11913,303.8776,-38
11914,303.9031,-38
11915,303.9286,-39
11916,303.9541,-39
11917,303.9796,-40
11918,304.0051,-40
11919,304.0306,-39
11920,304.0561,-37
11921,304.0816,-37
11922,304.1071,-41
11923,304.1327,-41
11924,304.1582,-40
11925,304.1837,-40
11926,304.2092,-40
11927,304.2347,-39
11928,304.2602,-39
11929,304.2857,-39
11930,304.3112,-39
11931,304.3367,-41
11932,304.3622,-41
11933,304.3878,-40
11934,304.4133,-38
11935,304.4388,-38
11936,304.4643,-40
11937,304.4898,-40
11938,304.5153,-40
11939,304.5408,-40
11940,304.5663,-41
11941,304.5918,-39
11942,304.6173,-39
11943,304.6429,-39
11944,304.6684,-39
11945,304.6939,-40
11946,304.7194,-40
11947,304.7449,-40
11948,304.7704,-38
11949,304.7959,-38
11950,304.8214,-40
11951,304.8469,-40
11952,304.8724,-39
11953,304.8980,-39
11954,304.9235,-40
11955,304.9490,-40
11956,304.9745,-39
11957,305.0000,-38
11958,305.0255,-38
11959,305.0510,-40
11960,305.0765,-40
11961,305.1020,-39
11962,305.1276,-39
11963,305.1531,-39
11964,305.1786,-37
11965,305.2041,-37
11966,305.2296,-39
11967,305.2551,-39
11968,305.2806,-41
11969,305.3061,-41
11970,305.3316,-40
11971,305.3571,-38
11972,305.3827,-38
11973,305.4082,-39
11974,305.4337,-39
11975,305.4592,-40
11976,305.4847,-40
11977,305.5102,-41
11978,305.5357,-39
11979,305.5612,-39
11980,305.5867,-39
11981,305.6122,-39
11982,305.6378,-39
11983,305.6633,-39
11984,305.6888,-40
11985,305.7143,-40
11986,305.7398,-38
11987,305.7653,-40
11988,305.7908,-40
11989,305.8163,-39
11990,305.8418,-39
11991,305.8673,-40
11992,305.8929,-40
11993,305.9184,-38
11994,305.9439,-40
11995,305.9694,-40
11996,305.9949,-41
11997,306.0204,-41
11998,306.0459,-40
11999,306.0714,-40
12000,306.0969,-38
12001,306.1224,-40
12002,306.1480,-40
12003,306.1735,-40
12004,306.1990,-40
12005,306.2245,-41
12006,306.2500,-41
12007,306.2755,-39
12008,306.3010,-39
12009,306.3265,-39
12010,306.3520,-39
12011,306.3776,-39
12012,306.4031,-40
12013,306.4286,-40
12014,306.4541,-38
12015,306.4796,-40
12016,306.5051,-40
12017,306.5306,-38
12018,306.5561,-38
12019,306.5816,-40
12020,306.6071,-40
12021,306.6327,-37
12022,306.6582,-37
12023,306.6837,-38
12024,306.7092,-39
12025,306.7347,-39
12026,306.7602,-39
12027,306.7857,-39
12028,306.8112,-40
12029,306.8367,-40
12030,306.8622,-40
12031,306.8878,-38
12032,306.9133,-38
12033,306.9388,-40
12034,306.9643,-40
12035,306.9898,-39
12036,307.0153,-39
12037,307.0408,-37
12038,307.0663,-38
12039,307.0918,-38
12040,307.1173,-39
12041,307.1429,-39
12042,307.1684,-40
12043,307.1939,-40
12044,307.2194,-38
12045,307.2449,-39
12046,307.2704,-39
12047,307.2959,-39
12048,307.3214,-39
12049,307.3469,-39
12050,307.3724,-39
12051,307.3980,-37
12052,307.4235,-37
12053,307.4490,-39
12054,307.4745,-39
12055,307.5000,-39
12056,307.5255,-40
12057,307.5510,-40
12058,307.5765,-37
12059,307.6020,-37
12060,307.6276,-39
12061,307.6531,-40
12062,307.6786,-40
12063,307.7041,-40
12064,307.7296,-40
12065,307.7551,-37
12066,307.7806,-37
12067,307.8061,-40
12068,307.8316,-39
12069,307.8571,-39
12070,307.8827,-41
12071,307.9082,-41
12072,307.9337,-38
12073,307.9592,-38
12074,307.9847,-38
12075,308.0102,-39
12076,308.0357,-39
12077,308.0612,-40
12078,308.0867,-40
12079,308.1122,-37
12080,308.1378,-37
12081,308.1633,-40
12082,308.1888,-38
12083,308.2143,-38
12084,308.2398,-40
12085,308.2653,-40
12086,308.2908,-38
12087,308.3163,-38
12088,308.3418,-37
12089,308.3673,-37
12090,308.3929,-39
12091,308.4184,-39
12092,308.4439,-39
12093,308.4694,-40
12094,308.4949,-40
12095,308.5204,-38
12096,308.5459,-38
12097,308.5714,-38
12098,308.5969,-40
12099,308.6224,-40
12100,308.6480,-40
12101,308.6735,-40
12102,308.6990,-38
12103,308.7245,-38
12104,308.7500,-40
12105,308.7755,-40
12106,308.8010,-40
12107,308.8265,-41
12108,308.8520,-41
12109,308.8776,-40
12110,308.9031,-40
12111,308.9286,-40
12112,308.9541,-41
12113,308.9796,-41
12114,309.0051,-41
12115,309.0306,-41
12116,309.0561,-39
12117,309.0816,-39
12118,309.1071,-42
12119,309.1327,-42
12120,309.1582,-40
12121,309.1837,-41
12122,309.2092,-41
12123,309.2347,-40
12124,309.2602,-40
12125,309.2857,-41
12126,309.3112,-41
12127,309.3367,-42
12128,309.3622,-41
12129,309.3878,-41
12130,309.4133,-39
12131,309.4388,-39
12132,309.4643,-41
12133,309.4898,-41
12134,309.5153,-40
12135,309.5408,-42
12136,309.5663,-42
12137,309.5918,-40
12138,309.6173,-40
12139,309.6429,-40
12140,309.6684,-40
12141,309.6939,-40
12142,309.7194,-40
12143,309.7449,-40
12144,309.7704,-38
12145,309.7959,-38
12146,309.8214,-41
12147,309.8469,-41
12148,309.8724,-39
12149,309.8980,-40
12150,309.9235,-40
12151,309.9490,-38
12152,309.9745,-38
12153,310.0000,-39
12154,310.0255,-39
12155,310.0510,-40
12156,310.0765,-40
12157,310.1020,-39
12158,310.1276,-41
12159,310.1531,-41
12160,310.1786,-39
12161,310.2041,-39
12162,310.2296,-39
12163,310.2551,-39
12164,310.2806,-40
12165,310.3061,-40
12166,310.3316,-40
12167,310.3571,-38
12168,310.3827,-38
12169,310.4082,-39
12170,310.4337,-39
12171,310.4592,-40
12172,310.4847,-40
12173,310.5102,-40
12174,310.5357,-38
12175,310.5612,-38
12176,310.5867,-39
12177,310.6122,-39
12178,310.6378,-39
12179,310.6633,-39
12180,310.6888,-39
12181,310.7143,-37
12182,310.7398,-37
12183,310.7653,-41
12184,310.7908,-41
12185,310.8163,-40
12186,310.8418,-41
12187,310.8673,-41
12188,310.8929,-43
12189,310.9184,-43
12190,310.9439,-50
12191,310.9694,-50
12192,310.9949,-52
12193,311.0204,-52
12194,311.0459,-51
12195,311.0714,-43
12196,311.0969,-43
12197,311.1224,-51
12198,311.1480,-51
12199,311.1735,-50
12200,311.1990,-50
12201,311.2245,-52
12202,311.2500,-44
12203,311.2755,-44
12204,311.3010,-49
12205,311.3265,-49
12206,311.3520,-52
12207,311.3776,-52
12208,311.4031,-53
12209,311.4286,-43
12210,311.4541,-43
12211,311.4796,-51
12212,311.5051,-51
12213,311.5306,-51
12214,311.5561,-51
12215,311.5816,-54
12216,311.6071,-43
12217,311.6327,-43
12218,311.6582,-48
12219,311.6837,-48
12220,311.7092,-52
12221,311.7347,-52
12222,311.7602,-53
12223,311.7857,-57
12224,311.8112,-57
12225,311.8367,-46
12226,311.8622,-46
12227,311.8878,-70
12228,311.9133,-70
12229,311.9388,-53
12230,311.9643,-53
12231,311.9898,-54
12232,312.0153,-45
12233,312.0408,-45
12234,312.0663,-45
12235,312.0918,-45
12236,312.1173,-52
12237,312.1429,-52
12238,312.1684,-53
12239,312.1939,-46
12240,312.2194,-46
12241,312.2449,-52
12242,312.2704,-52
12243,312.2959,-52
12244,312.3214,-52
12245,312.3469,-51
12246,312.3724,-47
12247,312.3980,-47
12248,312.4235,-51
12249,312.4490,-51
12250,312.4745,-51
12251,312.5000,-51
12252,312.5255,-46
12253,312.5510,-44
12254,312.5765,-44
12255,312.6020,-50
12256,312.6276,-50
12257,312.6531,-51
12258,312.6786,-51
12259,312.7041,-46
12260,312.7296,-43
12261,312.7551,-43
12262,312.7806,-47
12263,312.8061,-47
12264,312.8316,-50
12265,312.8571,-50
12266,312.8827,-46
12267,312.9082,-46
12268,312.9337,-44
12269,312.9592,-45
12270,312.9847,-45
12271,313.0102,-47
12272,313.0357,-47
12273,313.0612,-46
12274,313.0867,-46
12275,313.1122,-43
12276,313.1378,-47
12277,313.1633,-47
12278,313.1888,-47
12279,313.2143,-47
12280,313.2398,-47
12281,313.2653,-47
12282,313.2908,-43
12283,313.3163,-45
12284,313.3418,-45
12285,313.3673,-51
12286,313.3929,-51
12287,313.4184,-47
12288,313.4439,-47
12289,313.4694,-47
12290,313.4949,-48
12291,313.5204,-48
12292,313.5459,-49
12293,313.5714,-49
12294,313.5969,-52
12295,313.6224,-52
12296,313.6480,-47
12297,313.6735,-45
12298,313.6990,-45
12299,313.7245,-50
12300,313.7500,-50
12301,313.7755,-52
12302,313.8010,-52
12303,313.8265,-48
12304,313.8520,-48
12305,313.8776,-48
12306,313.9031,-51
12307,313.9286,-51
12308,313.9541,-52
12309,313.9796,-52
12310,314.0051,-51
12311,314.0306,-51
12312,314.0561,-44
12313,314.0816,-51
12314,314.1071,-51
12315,314.1327,-52
12316,314.1582,-52
12317,314.1837,-52
12318,314.2092,-52
12319,314.2347,-43
12320,314.2602,-50
12321,314.2857,-50
12322,314.3112,-52
12323,314.3367,-52
12324,314.3622,-52
12325,314.3878,-52
12326,314.4133,-43
12327,314.4388,-50
12328,314.4643,-50
12329,314.4898,-52
12330,314.5153,-52
12331,314.5408,-53
12332,314.5663,-53
12333,314.5918,-44
12334,314.6173,-46
12335,314.6429,-46
12336,314.6684,-52
12337,314.6939,-52
12338,314.7194,-53
12339,314.7449,-53
12340,314.7704,-43
12341,314.7959,-43
12342,314.8214,-50
12343,314.8469,-51
12344,314.8724,-51
12345,314.8980,-53
12346,314.9235,-53
12347,314.9490,-43
12348,314.9745,-43
12349,315.0000,-43
12350,315.0255,-52
12351,315.0510,-52
12352,315.0765,-52
12353,315.1020,-52
12354,315.1276,-55
12355,315.1531,-55
12356,315.1786,-45
12357,315.2041,-50
12358,315.2296,-50
12359,315.2551,-54
12360,315.2806,-54
12361,315.3061,-54
12362,315.3316,-54
12363,315.3571,-44
12364,315.3827,-51
12365,315.4082,-51
12366,315.4337,-53
12367,315.4592,-53
12368,315.4847,-53
12369,315.5102,-53
12370,315.5357,-45
12371,315.5612,-45
12372,315.5867,-51
12373,315.6122,-52
12374,315.6378,-52
12375,315.6633,-52
12376,315.6888,-52
12377,315.7143,-44
12378,315.7398,-44
12379,315.7653,-52
12380,315.7908,-51
12381,315.8163,-51
12382,315.8418,-52
12383,315.8673,-52
12384,315.8929,-45
12385,315.9184,-45
12386,315.9439,-50
12387,315.9694,-52
12388,315.9949,-52
12389,316.0204,-51
12390,316.0459,-51
12391,316.0714,-43
12392,316.0969,-43
12393,316.1224,-50
12394,316.1480,-51
12395,316.1735,-51
12396,316.1990,-52
12397,316.2245,-52
12398,316.2500,-44
12399,316.2755,-44
12400,316.3010,-46
12401,316.3265,-51
12402,316.3520,-51
12403,316.3776,-47
12404,316.4031,-47
12405,316.4286,-43
12406,316.4541,-43
12407,316.4796,-47
12408,316.5051,-47
12409,316.5306,-50
12410,316.5561,-47
12411,316.5816,-47
12412,316.6071,-43
12413,316.6327,-43
12414,316.6582,-46
12415,316.6837,-46
12416,316.7092,-46
12417,316.7347,-50
12418,316.7602,-50
12419,316.7857,-47
12420,316.8112,-47
12421,316.8367,-45
12422,316.8622,-45
12423,316.8878,-50
12424,316.9133,-52
12425,316.9388,-52
12426,316.9643,-49
12427,316.9898,-49
12428,317.0153,-45
12429,317.0408,-45
12430,317.0663,-48
12431,317.0918,-51
12432,317.1173,-51
12433,317.1429,-47
12434,317.1684,-47
12435,317.1939,-46
12436,317.2194,-46
12437,317.2449,-50
12438,317.2704,-50
12439,317.2959,-52
12440,317.3214,-46
12441,317.3469,-46
12442,317.3724,-43
12443,317.3980,-43
12444,317.4235,-51
12445,317.4490,-51
12446,317.4745,-51
12447,317.5000,-47
12448,317.5255,-47
12449,317.5510,-44
12450,317.5765,-44
12451,317.6020,-50
12452,317.6276,-50
12453,317.6531,-52
12454,317.6786,-50
12455,317.7041,-50
12456,317.7296,-43
12457,317.7551,-43
12458,317.7806,-50
12459,317.8061,-50
12460,317.8316,-51
12461,317.8571,-52
12462,317.8827,-52
12463,317.9082,-44
12464,317.9337,-44
12465,317.9592,-46
12466,317.9847,-46
12467,318.0102,-52
12468,318.0357,-51
12469,318.0612,-51
12470,318.0867,-43
12471,318.1122,-43
12472,318.1378,-47
12473,318.1633,-47
12474,318.1888,-51
12475,318.2143,-51
12476,318.2398,-52
12477,318.2653,-43
12478,318.2908,-43
12479,318.3163,-45
12480,318.3418,-45
12481,318.3673,-52
12482,318.3929,-52
12483,318.4184,-52
12484,318.4439,-55
12485,318.4694,-55
12486,318.4949,-46
12487,318.5204,-46
12488,318.5459,-51
12489,318.5714,-51
12490,318.5969,-53
12491,318.6224,-53
12492,318.6480,-53
12493,318.6735,-44
12494,318.6990,-44
12495,318.7245,-51
12496,318.7500,-51
12497,318.7755,-52
12498,318.8010,-53
12499,318.8265,-53
12500,318.8520,-44
12501,318.8776,-44
12502,318.9031,-51
12503,318.9286,-51
12504,318.9541,-53
12505,318.9796,-53
12506,319.0051,-53
12507,319.0306,-43
12508,319.0561,-43
12509,319.0816,-51
12510,319.1071,-51
12511,319.1327,-52
12512,319.1582,-52
12513,319.1837,-52
12514,319.2092,-43
12515,319.2347,-43
12516,319.2602,-50
12517,319.2857,-50
12518,319.3112,-53
12519,319.3367,-53
12520,319.3622,-53
12521,319.3878,-43
12522,319.4133,-43
12523,319.4388,-50
12524,319.4643,-50
12525,319.4898,-52
12526,319.5153,-52
12527,319.5408,-53
12528,319.5663,-44
12529,319.5918,-44
12530,319.6173,-46
12531,319.6429,-46
12532,319.6684,-51
12533,319.6939,-51
12534,319.7194,-51
12535,319.7449,-42
12536,319.7704,-42
12537,319.7959,-46
12538,319.8214,-46
12539,319.8469,-50
12540,319.8724,-50
12541,319.8980,-51
12542,319.9235,-51
12543,319.9490,-43
12544,319.9745,-45
12545,320.0000,-45
12546,320.0255,-48
12547,320.0510,-48
12548,320.0765,-50
12549,320.1020,-50
12550,320.1276,-51
12551,320.1531,-45
12552,320.1786,-45
12553,320.2041,-49
12554,320.2296,-49
12555,320.2551,-52
12556,320.2806,-52
12557,320.3061,-45
12558,320.3316,-47
12559,320.3571,-47
12560,320.3827,-47
12561,320.4082,-47
12562,320.4337,-50
12563,320.4592,-50
12564,320.4847,-46
12565,320.5102,-45
12566,320.5357,-45
12567,320.5612,-47
12568,320.5867,-47
12569,320.6122,-50
12570,320.6378,-50
12571,320.6633,-45
12572,320.6888,-44
12573,320.7143,-44
12574,320.7398,-48
12575,320.7653,-48
12576,320.7908,-50
12577,320.8163,-50
12578,320.8418,-45
12579,320.8673,-45
12580,320.8929,-43
12581,320.9184,-46
12582,320.9439,-46
12583,320.9694,-47
12584,320.9949,-47
12585,321.0204,-46
12586,321.0459,-46
12587,321.0714,-46
12588,321.0969,-46
12589,321.1224,-46
12590,321.1480,-50
12591,321.1735,-50
12592,321.1990,-47
12593,321.2245,-47
12594,321.2500,-44
12595,321.2755,-45
12596,321.3010,-45
12597,321.3265,-51
12598,321.3520,-51
12599,321.3776,-50
12600,321.4031,-50
12601,321.4286,-42
12602,321.4541,-47
12603,321.4796,-47
12604,321.5051,-50
12605,321.5306,-50
12606,321.5561,-50
12607,321.5816,-50
12608,321.6071,-43
12609,321.6327,-43
12610,321.6582,-47
12611,321.6837,-50
12612,321.7092,-50
12613,321.7347,-51
12614,321.7602,-51
12615,321.7857,-52
12616,321.8112,-52
12617,321.8367,-45
12618,321.8622,-49
12619,321.8878,-49
12620,321.9133,-52
12621,321.9388,-52
12622,321.9643,-51
12623,321.9898,-51
12624,322.0153,-44
12625,322.0408,-50
12626,322.0663,-50
12627,322.0918,-52
12628,322.1173,-52
12629,322.1429,-53
12630,322.1684,-53
12631,322.1939,-45
12632,322.2194,-50
12633,322.2449,-50
12634,322.2704,-52
12635,322.2959,-52
12636,322.3214,-51
12637,322.3469,-51
12638,322.3724,-43
12639,322.3980,-51
12640,322.4235,-51
12641,322.4490,-51
12642,322.4745,-51
12643,322.5000,-52
12644,322.5255,-52
12645,322.5510,-43
12646,322.5765,-43
12647,322.6020,-47
12648,322.6276,-52
12649,322.6531,-52
12650,322.6786,-52
12651,322.7041,-52
12652,322.7296,-43
12653,322.7551,-43
12654,322.7806,-43
12655,322.8061,-51
12656,322.8316,-51
12657,322.8571,-53
12658,322.8827,-53
12659,322.9082,-43
12660,322.9337,-43
12661,322.9592,-45
12662,322.9847,-51
12663,323.0102,-51
12664,323.0357,-52
12665,323.0612,-52
12666,323.0867,-42
12667,323.1122,-42
12668,323.1378,-46
12669,323.1633,-51
12670,323.1888,-51
12671,323.2143,-52
12672,323.2398,-52
12673,323.2653,-42
12674,323.2908,-42
12675,323.3163,-45
12676,323.3418,-45
12677,323.3673,-51
12678,323.3929,-51
12679,323.4184,-51
12680,323.4439,-53
12681,323.4694,-53
12682,323.4949,-46
12683,323.5204,-46
12684,323.5459,-50
12685,323.5714,-53
12686,323.5969,-53
12687,323.6224,-52
12688,323.6480,-52
12689,323.6735,-44
12690,323.6990,-44
12691,323.7245,-47
12692,323.7500,-51
12693,323.7755,-51
12694,323.8010,-48
12695,323.8265,-48
12696,323.8520,-45
12697,323.8776,-45
12698,323.9031,-47
12699,323.9286,-51
12700,323.9541,-51
12701,323.9796,-46
12702,324.0051,-46
12703,324.0306,-44
12704,324.0561,-44
12705,324.0816,-50
12706,324.1071,-50
12707,324.1327,-50
12708,324.1582,-46
12709,324.1837,-46
12710,324.2092,-43
12711,324.2347,-43
12712,324.2602,-46
12713,324.2857,-46
12714,324.3112,-47
12715,324.3367,-45
12716,324.3622,-45
12717,324.3878,-43
12718,324.4133,-43
12719,324.4388,-46
12720,324.4643,-46
12721,324.4898,-46
12722,324.5153,-46
12723,324.5408,-46
12724,324.5663,-44
12725,324.5918,-44
12726,324.6173,-45
12727,324.6429,-45
12728,324.6684,-50
12729,324.6939,-49
12730,324.7194,-49
12731,324.7449,-42
12732,324.7704,-42
12733,324.7959,-46
12734,324.8214,-46
12735,324.8469,-49
12736,324.8724,-47
12737,324.8980,-47
12738,324.9235,-42
12739,324.9490,-42
12740,324.9745,-45
12741,325.0000,-45
12742,325.0255,-51
12743,325.0510,-51
12744,325.0765,-50
12745,325.1020,-52
12746,325.1276,-52
12747,325.1531,-45
12748,325.1786,-45
12749,325.2041,-49
12750,325.2296,-49
12751,325.2551,-52
12752,325.2806,-46
12753,325.3061,-46
12754,325.3316,-44
12755,325.3571,-44
12756,325.3827,-50
12757,325.4082,-50
12758,325.4337,-51
12759,325.4592,-51
12760,325.4847,-51
12761,325.5102,-45
12762,325.5357,-45
12763,325.5612,-49
12764,325.5867,-49
12765,325.6122,-51
12766,325.6378,-50
12767,325.6633,-50
12768,325.6888,-43
12769,325.7143,-43
12770,325.7398,-50
12771,325.7653,-50
12772,325.7908,-51
12773,325.8163,-51
12774,325.8418,-51
12775,325.8673,-43
12776,325.8929,-43
12777,325.9184,-49
12778,325.9439,-49
12779,325.9694,-52
12780,325.9949,-52
12781,326.0204,-51
12782,326.0459,-42
12783,326.0714,-42
12784,326.0969,-49
12785,326.1224,-49
12786,326.1480,-51
12787,326.1735,-51
12788,326.1990,-52
12789,326.2245,-43
12790,326.2500,-43
12791,326.2755,-46
12792,326.3010,-46
12793,326.3265,-51
12794,326.3520,-51
12795,326.3776,-52
12796,326.4031,-42
12797,326.4286,-42
12798,326.4541,-47
12799,326.4796,-47
12800,326.5051,-50
12801,326.5306,-50
12802,326.5561,-52
12803,326.5816,-43
12804,326.6071,-43
12805,326.6327,-45
12806,326.6582,-45
12807,326.6837,-51
12808,326.7092,-51
12809,326.7347,-52
12810,326.7602,-54
12811,326.7857,-54
12812,326.8112,-45
12813,326.8367,-45
12814,326.8622,-49
12815,326.8878,-49
12816,326.9133,-52
12817,326.9388,-52
12818,326.9643,-50
12819,326.9898,-44
12820,327.0153,-44
12821,327.0408,-50
12822,327.0663,-50
12823,327.0918,-51
12824,327.1173,-51
12825,327.1429,-51
12826,327.1684,-44
12827,327.1939,-44
12828,327.2194,-47
12829,327.2449,-47
12830,327.2704,-51
12831,327.2959,-51
12832,327.3214,-45
12833,327.3469,-43
12834,327.3724,-43
12835,327.3980,-47
12836,327.4235,-47
12837,327.4490,-50
12838,327.4745,-50
12839,327.5000,-47
12840,327.5255,-43
12841,327.5510,-43
12842,327.5765,-49
12843,327.6020,-49
12844,327.6276,-52
12845,327.6531,-52
12846,327.6786,-51
12847,327.7041,-51
12848,327.7296,-43
12849,327.7551,-47
12850,327.7806,-47
12851,327.8061,-51
12852,327.8316,-51
12853,327.8571,-52
12854,327.8827,-52
12855,327.9082,-43
12856,327.9337,-45
12857,327.9592,-45
12858,327.9847,-51
12859,328.0102,-51
12860,328.0357,-52
12861,328.0612,-52
12862,328.0867,-42
12863,328.1122,-49
12864,328.1378,-49
12865,328.1633,-50
12866,328.1888,-50
12867,328.2143,-52
12868,328.2398,-52
12869,328.2653,-43
12870,328.2908,-46
12871,328.3163,-46
12872,328.3418,-51
12873,328.3673,-51
12874,328.3929,-51
12875,328.4184,-51
12876,328.4439,-51
12877,328.4694,-48
12878,328.4949,-48
12879,328.5204,-47
12880,328.5459,-47
12881,328.5714,-52
12882,328.5969,-52
12883,328.6224,-46
12884,328.6480,-46
12885,328.6735,-47
12886,328.6990,-49
12887,328.7245,-49
12888,328.7500,-51
12889,328.7755,-51
12890,328.8010,-47
12891,328.8265,-47
12892,328.8520,-47
12893,328.8776,-49
12894,328.9031,-49
12895,328.9286,-52
12896,328.9541,-52
12897,328.9796,-50
12898,329.0051,-50
12899,329.0306,-43
12900,329.0561,-48
12901,329.0816,-48
12902,329.1071,-50
12903,329.1327,-50
12904,329.1582,-51
12905,329.1837,-51
12906,329.2092,-44
12907,329.2347,-49
12908,329.2602,-49
12909,329.2857,-52
12910,329.3112,-52
12911,329.3367,-51
12912,329.3622,-51
12913,329.3878,-43
12914,329.4133,-43
12915,329.4388,-47
12916,329.4643,-51
12917,329.4898,-51
12918,329.5153,-52
12919,329.5408,-52
12920,329.5663,-43
12921,329.5918,-43
12922,329.6173,-45
12923,329.6429,-51
12924,329.6684,-51
12925,329.6939,-51
12926,329.7194,-51
12927,329.7449,-43
12928,329.7704,-43
12929,329.7959,-48
12930,329.8214,-49
12931,329.8469,-49
12932,329.8724,-51
12933,329.8980,-51
12934,329.9235,-43
12935,329.9490,-43
12936,329.9745,-45
12937,330.0000,-50
12938,330.0255,-50
12939,330.0510,-50
12940,330.0765,-50
12941,330.1020,-47
12942,330.1276,-47
12943,330.1531,-45
12944,330.1786,-47
12945,330.2041,-47
12946,330.2296,-51
12947,330.2551,-51
12948,330.2806,-46
12949,330.3061,-46
12950,330.3316,-44
12951,330.3571,-44
12952,330.3827,-46
12953,330.4082,-51
12954,330.4337,-51
12955,330.4592,-47
12956,330.4847,-47
12957,330.5102,-44
12958,330.5357,-44
12959,330.5612,-46
12960,330.5867,-51
12961,330.6122,-51
12962,330.6378,-50
12963,330.6633,-50
12964,330.6888,-44
12965,330.7143,-44
12966,330.7398,-48
12967,330.7653,-50
12968,330.7908,-50
12969,330.8163,-52
12970,330.8418,-52
12971,330.8673,-43
12972,330.8929,-43
12973,330.9184,-49
12974,330.9439,-52
12975,330.9694,-52
12976,330.9949,-51
12977,331.0204,-51
12978,331.0459,-43
12979,331.0714,-43
12980,331.0969,-47
12981,331.1224,-51
12982,331.1480,-51
12983,331.1735,-53
12984,331.1990,-53
12985,331.2245,-44
12986,331.2500,-44
12987,331.2755,-46
12988,331.3010,-46
12989,331.3265,-51
12990,331.3520,-51
12991,331.3776,-51
12992,331.4031,-43
12993,331.4286,-43
12994,331.4541,-47
12995,331.4796,-47
12996,331.5051,-47
12997,331.5306,-47
12998,331.5561,-47
12999,331.5816,-43
13000,331.6071,-43
13001,331.6327,-45
13002,331.6582,-45
13003,331.6837,-50
13004,331.7092,-50
13005,331.7347,-50
13006,331.7602,-47
13007,331.7857,-47
13008,331.8112,-45
13009,331.8367,-45
13010,331.8622,-49
13011,331.8878,-51
13012,331.9133,-51
13013,331.9388,-46
13014,331.9643,-46
13015,331.9898,-44
13016,332.0153,-44
13017,332.0408,-47
13018,332.0663,-47
13019,332.0918,-51
13020,332.1173,-51
13021,332.1429,-51
13022,332.1684,-46
13023,332.1939,-46
13024,332.2194,-49
13025,332.2449,-49
13026,332.2704,-52
13027,332.2959,-51
13028,332.3214,-51
13029,332.3469,-43
13030,332.3724,-43
13031,332.3980,-50
13032,332.4235,-50
13033,332.4490,-50
13034,332.4745,-51
13035,332.5000,-51
13036,332.5255,-43
13037,332.5510,-43
13038,332.5765,-46
13039,332.6020,-46
13040,332.6276,-50
13041,332.6531,-50
13042,332.6786,-50
13043,332.7041,-42
13044,332.7296,-42
13045,332.7551,-46
13046,332.7806,-46
13047,332.8061,-47
13048,332.8316,-52
13049,332.8571,-52
13050,332.8827,-46
13051,332.9082,-46
13052,332.9337,-53
13053,332.9592,-53
13054,332.9847,-51
13055,333.0102,-51
13056,333.0357,-54
13057,333.0612,-43
13058,333.0867,-43
13059,333.1122,-46
13060,333.1378,-46
13061,333.1633,-44
13062,333.1888,-44
13063,333.2143,-44
13064,333.2398,-45
13065,333.2653,-45
13066,333.2908,-45
13067,333.3163,-45
13068,333.3418,-51
13069,333.3673,-51
13070,333.3929,-52
13071,333.4184,-56
13072,333.4439,-56
13073,333.4694,-47
13074,333.4949,-47
13075,333.5204,-52
13076,333.5459,-52
13077,333.5714,-57
13078,333.5969,-56
13079,333.6224,-56
13080,333.6480,-50
13081,333.6735,-50
13082,333.6990,-52
13083,333.7245,-52
13084,333.7500,-57
13085,333.7755,-57
13086,333.8010,-57
13087,333.8265,-52
13088,333.8520,-52
13089,333.8776,-72
13090,333.9031,-72
13091,333.9286,-59
13092,333.9541,-59
13093,333.9796,-57
13094,334.0051,-51
13095,334.0306,-51
13096,334.0561,-54
13097,334.0816,-54
13098,334.1071,-58
13099,334.1327,-58
13100,334.1582,-58
13101,334.1837,-52
13102,334.2092,-52
13103,334.2347,-53
13104,334.2602,-53
13105,334.2857,-59
13106,334.3112,-59
13107,334.3367,-58
13108,334.3622,-52
13109,334.3878,-52
13110,334.4133,-53
13111,334.4388,-53
13112,334.4643,-57
13113,334.4898,-57
13114,334.5153,-59
13115,334.5408,-55
13116,334.5663,-55
13117,334.5918,-52
13118,334.6173,-52
13119,334.6429,-52
13120,334.6684,-52
13121,334.6939,-58
13122,334.7194,-58
13123,334.7449,-55
13124,334.7704,-53
13125,334.7959,-53
13126,334.8214,-74
13127,334.8469,-74
13128,334.8724,-57
13129,334.8980,-57
13130,334.9235,-55
13131,334.9490,-51
13132,334.9745,-51
13133,335.0000,-54
13134,335.0255,-54
13135,335.0510,-55
13136,335.0765,-55
13137,335.1020,-58
13138,335.1276,-51
13139,335.1531,-51
13140,335.1786,-52
13141,335.2041,-52
13142,335.2296,-57
13143,335.2551,-57
13144,335.2806,-58
13145,335.3061,-50
13146,335.3316,-50
13147,335.3571,-53
13148,335.3827,-53
13149,335.4082,-56
13150,335.4337,-56
13151,335.4592,-58
13152,335.4847,-51
13153,335.5102,-51
13154,335.5357,-54
13155,335.5612,-54
13156,335.5867,-58
13157,335.6122,-58
13158,335.6378,-56
13159,335.6633,-56
13160,335.6888,-51
13161,335.7143,-55
13162,335.7398,-55
13163,335.7653,-57
13164,335.7908,-57
13165,335.8163,-58
13166,335.8418,-58
13167,335.8673,-52
13168,335.8929,-54
13169,335.9184,-54
13170,335.9439,-59
13171,335.9694,-59
13172,335.9949,-57
13173,336.0204,-57
13174,336.0459,-53
13175,336.0714,-54
13176,336.0969,-54
13177,336.1224,-57
13178,336.1480,-57
13179,336.1735,-58
13180,336.1990,-58
13181,336.2245,-55
13182,336.2500,-53
13183,336.2755,-53
13184,336.3010,-56
13185,336.3265,-56
13186,336.3520,-56
13187,336.3776,-56
13188,336.4031,-55
13189,336.4286,-54
13190,336.4541,-54
13191,336.4796,-54
13192,336.5051,-54
13193,336.5306,-55
13194,336.5561,-55
13195,336.5816,-56
13196,336.6071,-56
13197,336.6327,-51
13198,336.6582,-53
13199,336.6837,-53
13200,336.7092,-55
13201,336.7347,-55
13202,336.7602,-58
13203,336.7857,-58
13204,336.8112,-51
13205,336.8367,-52
13206,336.8622,-52
13207,336.8878,-57
13208,336.9133,-57
13209,336.9388,-57
13210,336.9643,-57
13211,336.9898,-51
13212,337.0153,-54
13213,337.0408,-54
13214,337.0663,-57
13215,337.0918,-57
13216,337.1173,-58
13217,337.1429,-58
13218,337.1684,-52
13219,337.1939,-54
13220,337.2194,-54
13221,337.2449,-58
13222,337.2704,-58
13223,337.2959,-57
13224,337.3214,-57
13225,337.3469,-51
13226,337.3724,-55
13227,337.3980,-55
13228,337.4235,-58
13229,337.4490,-58
13230,337.4745,-58
13231,337.5000,-58
13232,337.5255,-52
13233,337.5510,-52
13234,337.5765,-54
13235,337.6020,-59
13236,337.6276,-59
13237,337.6531,-59
13238,337.6786,-59
13239,337.7041,-52
13240,337.7296,-52
13241,337.7551,-55
13242,337.7806,-58
13243,337.8061,-58
13244,337.8316,-59
13245,337.8571,-59
13246,337.8827,-55
13247,337.9082,-55
13248,337.9337,-53
13249,337.9592,-58
13250,337.9847,-58
13251,338.0102,-57
13252,338.0357,-57
13253,338.0612,-55
13254,338.0867,-55
13255,338.1122,-53
13256,338.1378,-54
13257,338.1633,-54
13258,338.1888,-57
13259,338.2143,-57
13260,338.2398,-55
13261,338.2653,-55
13262,338.2908,-52
13263,338.3163,-54
13264,338.3418,-54
13265,338.3673,-55
13266,338.3929,-55
13267,338.4184,-58
13268,338.4439,-58
13269,338.4694,-51
13270,338.4949,-51
13271,338.5204,-52
13272,338.5459,-56
13273,338.5714,-56
13274,338.5969,-57
13275,338.6224,-57
13276,338.6480,-50
13277,338.6735,-50
13278,338.6990,-52
13279,338.7245,-55
13280,338.7500,-55
13281,338.7755,-54
13282,338.8010,-54
13283,338.8265,-45
13284,338.8520,-45
13285,338.8776,-44
13286,338.9031,-44
13287,338.9286,-44
13288,338.9541,-43
13289,338.9796,-43
13290,339.0051,-42
13291,339.0306,-42
13292,339.0561,-43
13293,339.0816,-49
13294,339.1071,-49
13295,339.1327,-46
13296,339.1582,-46
13297,339.1837,-46
13298,339.2092,-46
13299,339.2347,-43
13300,339.2602,-49
13301,339.2857,-49
13302,339.3112,-44
13303,339.3367,-44
13304,339.3622,-47
13305,339.3878,-47
13306,339.4133,-43
13307,339.4388,-43
13308,339.4643,-41
13309,339.4898,-44
13310,339.5153,-44
13311,339.5408,-45
13312,339.5663,-45
13313,339.5918,-44
13314,339.6173,-44
13315,339.6429,-44
13316,339.6684,-42
13317,339.6939,-42
13318,339.7194,-41
13319,339.7449,-41
13320,339.7704,-45
13321,339.7959,-45
13322,339.8214,-42
13323,339.8469,-42
13324,339.8724,-42
13325,339.8980,-45
13326,339.9235,-45
13327,339.9490,-44
13328,339.9745,-44
13329,340.0000,-45
13330,340.0255,-44
13331,340.0510,-44
13332,340.0765,-42
13333,340.1020,-42
13334,340.1276,-42
13335,340.1531,-42
13336,340.1786,-42
13337,340.2041,-42
13338,340.2296,-45
13339,340.2551,-43
13340,340.2806,-43
13341,340.3061,-43
13342,340.3316,-43
13343,340.3571,-43
13344,340.3827,-43
13345,340.4082,-47
13346,340.4337,-53
13347,340.4592,-53
13348,340.4847,-53
13349,340.5102,-53
13350,340.5357,-51
13351,340.5612,-51
13352,340.5867,-44
13353,340.6122,-49
13354,340.6378,-49
13355,340.6633,-42
13356,340.6888,-42
13357,340.7143,-46
13358,340.7398,-46
13359,340.7653,-42
13360,340.7908,-47
13361,340.8163,-47
13362,340.8418,-42
13363,340.8673,-42
13364,340.8929,-46
13365,340.9184,-46
13366,340.9439,-42
13367,340.9694,-42
13368,340.9949,-42
13369,341.0204,-41
13370,341.0459,-41
13371,341.0714,-45
13372,341.0969,-45
13373,341.1224,-41
13374,341.1480,-41
13375,341.1735,-43
13376,341.1990,-41
13377,341.2245,-41
13378,341.2500,-43
13379,341.2755,-43
13380,341.3010,-42
13381,341.3265,-42
13382,341.3520,-42
13383,341.3776,-40
13384,341.4031,-40
13385,341.4286,-44
13386,341.4541,-44
13387,341.4796,-42
13388,341.5051,-42
13389,341.5306,-41
13390,341.5561,-39
13391,341.5816,-39
13392,341.6071,-41
13393,341.6327,-41
13394,341.6582,-43
13395,341.6837,-43
13396,341.7092,-40
13397,341.7347,-44
13398,341.7602,-44
13399,341.7857,-42
13400,341.8112,-42
13401,341.8367,-43
13402,341.8622,-43
13403,341.8878,-42
13404,341.9133,-42
13405,341.9388,-43
13406,341.9643,-41
13407,341.9898,-41
13408,342.0153,-43
13409,342.0408,-43
13410,342.0663,-41
13411,342.0918,-41
13412,342.1173,-44
13413,342.1429,-41
13414,342.1684,-41
13415,342.1939,-43
13416,342.2194,-43
13417,342.2449,-42
13418,342.2704,-42
13419,342.2959,-42
13420,342.3214,-40
13421,342.3469,-40
13422,342.3724,-45
13423,342.3980,-45
13424,342.4235,-41
13425,342.4490,-41
13426,342.4745,-43
13427,342.5000,-41
13428,342.5255,-41
13429,342.5510,-45
13430,342.5765,-45
13431,342.6020,-43
13432,342.6276,-43
13433,342.6531,-42
13434,342.6786,-40
13435,342.7041,-40
13436,342.7296,-45
13437,342.7551,-45
13438,342.7806,-42
13439,342.8061,-42
13440,342.8316,-43
13441,342.8571,-43
13442,342.8827,-41
13443,342.9082,-44
13444,342.9337,-44
13445,342.9592,-43
13446,342.9847,-43
13447,343.0102,-41
13448,343.0357,-41
13449,343.0612,-41
13450,343.0867,-46
13451,343.1122,-46
13452,343.1378,-45
13453,343.1633,-45
13454,343.1888,-46
13455,343.2143,-46
13456,343.2398,-46
13457,343.2653,-52
13458,343.2908,-52
13459,343.3163,-52
13460,343.3418,-52
13461,343.3673,-47
13462,343.3929,-47
13463,343.4184,-46
13464,343.4439,-50
13465,343.4694,-50
13466,343.4949,-45
13467,343.5204,-45
13468,343.5459,-46
13469,343.5714,-46
13470,343.5969,-45
13471,343.6224,-45
13472,343.6480,-48
13473,343.6735,-46
13474,343.6990,-46
13475,343.7245,-44
13476,343.7500,-44
13477,343.7755,-46
13478,343.8010,-46
13479,343.8265,-49
13480,343.8520,-45
13481,343.8776,-45
13482,343.9031,-44
13483,343.9286,-44
13484,343.9541,-45
13485,343.9796,-45
13486,344.0051,-45
13487,344.0306,-46
13488,344.0561,-46
13489,344.0816,-44
13490,344.1071,-44
13491,344.1327,-45
13492,344.1582,-45
13493,344.1837,-46
13494,344.2092,-47
13495,344.2347,-47
13496,344.2602,-45
13497,344.2857,-45
13498,344.3112,-45
13499,344.3367,-45
13500,344.3622,-44
13501,344.3878,-49
13502,344.4133,-49
13503,344.4388,-44
13504,344.4643,-44
13505,344.4898,-46
13506,344.5153,-46
13507,344.5408,-45
13508,344.5663,-45
13509,344.5918,-47
13510,344.6173,-44
13511,344.6429,-44
13512,344.6684,-45
13513,344.6939,-45
13514,344.7194,-42
13515,344.7449,-42
13516,344.7704,-42
13517,344.7959,-44
13518,344.8214,-44
13519,344.8469,-44
13520,344.8724,-44
13521,344.8980,-44
13522,344.9235,-44
13523,344.9490,-46
13524,344.9745,-45
13525,345.0000,-45
13526,345.0255,-44
13527,345.0510,-44
13528,345.0765,-45
13529,345.1020,-45
13530,345.1276,-46
13531,345.1531,-44
13532,345.1786,-44
13533,345.2041,-44
13534,345.2296,-44
13535,345.2551,-45
13536,345.2806,-45
13537,345.3061,-45
13538,345.3316,-45
13539,345.3571,-45
13540,345.3827,-43
13541,345.4082,-43
13542,345.4337,-46
13543,345.4592,-46
13544,345.4847,-46
13545,345.5102,-46
13546,345.5357,-44
13547,345.5612,-43
13548,345.5867,-43
13549,345.6122,-45
13550,345.6378,-45
13551,345.6633,-44
13552,345.6888,-44
13553,345.7143,-46
13554,345.7398,-43
13555,345.7653,-43
13556,345.7908,-45
13557,345.8163,-45
13558,345.8418,-44
13559,345.8673,-44
13560,345.8929,-46
13561,345.9184,-44
13562,345.9439,-44
13563,345.9694,-45
13564,345.9949,-45
13565,346.0204,-43
13566,346.0459,-43
13567,346.0714,-50
13568,346.0969,-44
13569,346.1224,-44
13570,346.1480,-46
13571,346.1735,-46
13572,346.1990,-44
13573,346.2245,-44
13574,346.2500,-48
13575,346.2755,-48
13576,346.3010,-44
13577,346.3265,-44
13578,346.3520,-44
13579,346.3776,-42
13580,346.4031,-42
13581,346.4286,-50
13582,346.4541,-50
13583,346.4796,-43
13584,346.5051,-43
13585,346.5306,-43
13586,346.5561,-42
13587,346.5816,-42
13588,346.6071,-44
13589,346.6327,-44
13590,346.6582,-44
13591,346.6837,-50
13592,346.7092,-50
13593,346.7347,-46
13594,346.7602,-46
13595,346.7857,-42
13596,346.8112,-42
13597,346.8367,-40
13598,346.8622,-42
13599,346.8878,-42
13600,346.9133,-43
13601,346.9388,-43
13602,346.9643,-40
13603,346.9898,-40
13604,347.0153,-38
13605,347.0408,-37
13606,347.0663,-37
13607,347.0918,-40
13608,347.1173,-40
13609,347.1429,-41
13610,347.1684,-41
13611,347.1939,-45
13612,347.2194,-45
13613,347.2449,-53
13614,347.2704,-40
13615,347.2959,-40
13616,347.3214,-44
13617,347.3469,-44
13618,347.3724,-45
13619,347.3980,-45
13620,347.4235,-45
13621,347.4490,-43
13622,347.4745,-43
13623,347.5000,-45
13624,347.5255,-45
13625,347.5510,-44
13626,347.5765,-44
13627,347.6020,-46
13628,347.6276,-40
13629,347.6531,-40
13630,347.6786,-39
13631,347.7041,-39
13632,347.7296,-37
13633,347.7551,-37
13634,347.7806,-40
13635,347.8061,-38
13636,347.8316,-38
13637,347.8571,-41
13638,347.8827,-41
13639,347.9082,-39
13640,347.9337,-39
13641,347.9592,-37
13642,347.9847,-37
13643,348.0102,-39
13644,348.0357,-41
13645,348.0612,-41
13646,348.0867,-43
13647,348.1122,-43
13648,348.1378,-52
13649,348.1633,-52
13650,348.1888,-51
13651,348.2143,-51
13652,348.2398,-51
13653,348.2653,-45
13654,348.2908,-45
13655,348.3163,-55
13656,348.3418,-55
13657,348.3673,-68
13658,348.3929,-55
13659,348.4184,-55
13660,348.4439,-50
13661,348.4694,-50
13662,348.4949,-52
13663,348.5204,-52
13664,348.5459,-58
13665,348.5714,-69
13666,348.5969,-69
13667,348.6224,-61
13668,348.6480,-61
13669,348.6735,-60
13670,348.6990,-60
13671,348.7245,-60
13672,348.7500,-64
13673,348.7755,-64
13674,348.8010,-60
13675,348.8265,-60
13676,348.8520,-62
13677,348.8776,-62
13678,348.9031,-64
13679,348.9286,-64
13680,348.9541,-59
13681,348.9796,-51
13682,349.0051,-51
13683,349.0306,-52
13684,349.0561,-52
13685,349.0816,-59
13686,349.1071,-59
13687,349.1327,-63
13688,349.1582,-56
13689,349.1837,-56
13690,349.2092,-53
13691,349.2347,-53
13692,349.2602,-63
13693,349.2857,-63
13694,349.3112,-64
13695,349.3367,-60
13696,349.3622,-60
13697,349.3878,-55
13698,349.4133,-55
13699,349.4388,-59
13700,349.4643,-59
13701,349.4898,-59
13702,349.5153,-61
13703,349.5408,-61
13704,349.5663,-55
13705,349.5918,-55
13706,349.6173,-60
13707,349.6429,-60
13708,349.6684,-58
13709,349.6939,-59
13710,349.7194,-59
13711,349.7449,-58
13712,349.7704,-58
13713,349.7959,-61
13714,349.8214,-61
13715,349.8469,-59
13716,349.8724,-59
13717,349.8980,-54
13718,349.9235,-52
13719,349.9490,-52
13720,349.9745,-60
13721,350.0000,-60
13722,350.0255,-60
13723,350.0510,-60
13724,350.0765,-60
13725,350.1020,-50
13726,350.1276,-50
13727,350.1531,-59
13728,350.1786,-59
13729,350.2041,-58
13730,350.2296,-58
13731,350.2551,-57
13732,350.2806,-51
13733,350.3061,-51
13734,350.3316,-58
13735,350.3571,-58
13736,350.3827,-58
13737,350.4082,-58
13738,350.4337,-59
13739,350.4592,-54
13740,350.4847,-54
13741,350.5102,-56
13742,350.5357,-56
13743,350.5612,-60
13744,350.5867,-60
13745,350.6122,-58
13746,350.6378,-55
13747,350.6633,-55
13748,350.6888,-68
13749,350.7143,-68
13750,350.7398,-56
13751,350.7653,-56
13752,350.7908,-56
13753,350.8163,-56
13754,350.8418,-52
13755,350.8673,-52
13756,350.8929,-52
13757,350.9184,-55
13758,350.9439,-55
13759,350.9694,-56
13760,350.9949,-56
13761,351.0204,-58
13762,351.0459,-57
13763,351.0714,-57
13764,351.0969,-53
13765,351.1224,-53
13766,351.1480,-56
13767,351.1735,-56
13768,351.1990,-58
13769,351.2245,-53
13770,351.2500,-53
13771,351.2755,-55
13772,351.3010,-55
13773,351.3265,-56
13774,351.3520,-56
13775,351.3776,-55
13776,351.4031,-53
13777,351.4286,-53
13778,351.4541,-53
13779,351.4796,-53
13780,351.5051,-56
13781,351.5306,-56
13782,351.5561,-55
13783,351.5816,-51
13784,351.6071,-51
13785,351.6327,-58
13786,351.6582,-58
13787,351.6837,-60
13788,351.7092,-60
13789,351.7347,-62
13790,351.7602,-62
13791,351.7857,-54
13792,351.8112,-59
13793,351.8367,-59
13794,351.8622,-58
13795,351.8878,-58
13796,351.9133,-59
13797,351.9388,-59
13798,351.9643,-56
13799,351.9898,-59
13800,352.0153,-59
13801,352.0408,-59
13802,352.0663,-59
13803,352.0918,-61
13804,352.1173,-61
13805,352.1429,-55
13806,352.1684,-57
13807,352.1939,-57
13808,352.2194,-61
13809,352.2449,-61
13810,352.2704,-57
13811,352.2959,-57
13812,352.3214,-58
13813,352.3469,-58
13814,352.3724,-58
13815,352.3980,-60
13816,352.4235,-60
13817,352.4490,-58
13818,352.4745,-58
13819,352.5000,-57
13820,352.5255,-54
13821,352.5510,-54
13822,352.5765,-56
13823,352.6020,-56
13824,352.6276,-55
13825,352.6531,-55
13826,352.6786,-54
13827,352.7041,-54
13828,352.7296,-55
13829,352.7551,-55
13830,352.7806,-55
13831,352.8061,-55
13832,352.8316,-55
13833,352.8571,-56
13834,352.8827,-56
13835,352.9082,-50
13836,352.9337,-54
13837,352.9592,-54
13838,352.9847,-55
13839,353.0102,-55
13840,353.0357,-54
13841,353.0612,-54
13842,353.0867,-51
13843,353.1122,-55
13844,353.1378,-55
13845,353.1633,-57
13846,353.1888,-57
13847,353.2143,-52
13848,353.2398,-52
13849,353.2653,-50
13850,353.2908,-56
13851,353.3163,-56
13852,353.3418,-57
13853,353.3673,-57
13854,353.3929,-62
13855,353.4184,-62
13856,353.4439,-54
13857,353.4694,-55
13858,353.4949,-55
13859,353.5204,-57
13860,353.5459,-57
13861,353.5714,-58
13862,353.5969,-58
13863,353.6224,-55
13864,353.6480,-55
13865,353.6735,-57
13866,353.6990,-58
13867,353.7245,-58
13868,353.7500,-59
13869,353.7755,-59
13870,353.8010,-55
13871,353.8265,-55
13872,353.8520,-55
13873,353.8776,-56
13874,353.9031,-56
13875,353.9286,-53
13876,353.9541,-53
13877,353.9796,-55
13878,354.0051,-55
13879,354.0306,-55
13880,354.0561,-56
13881,354.0816,-56
13882,354.1071,-56
13883,354.1327,-56
13884,354.1582,-54
13885,354.1837,-54
13886,354.2092,-51
13887,354.2347,-57
13888,354.2602,-57
13889,354.2857,-56
13890,354.3112,-56
13891,354.3367,-54
13892,354.3622,-54
13893,354.3878,-54
13894,354.4133,-57
13895,354.4388,-57
13896,354.4643,-60
13897,354.4898,-60
13898,354.5153,-56
13899,354.5408,-56
13900,354.5663,-52
13901,354.5918,-52
13902,354.6173,-56
13903,354.6429,-63
13904,354.6684,-63
13905,354.6939,-54
13906,354.7194,-54
13907,354.7449,-55
13908,354.7704,-55
13909,354.7959,-56
13910,354.8214,-61
13911,354.8469,-61
13912,354.8724,-57
13913,354.8980,-57
13914,354.9235,-56
13915,354.9490,-56
13916,354.9745,-61
13917,355.0000,-59
13918,355.0255,-59
13919,355.0510,-68
13920,355.0765,-68
13921,355.1020,-65
13922,355.1276,-65
13923,355.1531,-62
13924,355.1786,-56
13925,355.2041,-56
13926,355.2296,-65
13927,355.2551,-65
13928,355.2806,-65
13929,355.3061,-65
13930,355.3316,-56
13931,355.3571,-53
13932,355.3827,-53
13933,355.4082,-69
13934,355.4337,-69
13935,355.4592,-59
13936,355.4847,-59
13937,355.5102,-48
13938,355.5357,-48
13939,355.5612,-52
13940,355.5867,-52
13941,355.6122,-52
13942,355.6378,-47
13943,355.6633,-47
13944,355.6888,-52
13945,355.7143,-52
13946,355.7398,-52
13947,355.7653,-54
13948,355.7908,-54
13949,355.8163,-51
13950,355.8418,-51
13951,355.8673,-54
13952,355.8929,-54
13953,355.9184,-50
13954,355.9439,-54
13955,355.9694,-54
13956,355.9949,-51
13957,356.0204,-51
13958,356.0459,-54
13959,356.0714,-54
13960,356.0969,-51
13961,356.1224,-58
13962,356.1480,-58
13963,356.1735,-62
13964,356.1990,-62
13965,356.2245,-54
13966,356.2500,-54
13967,356.2755,-57
13968,356.3010,-57
13969,356.3265,-61
13970,356.3520,-60
13971,356.3776,-60
13972,356.4031,-63
13973,356.4286,-63
13974,356.4541,-64
13975,356.4796,-64
13976,356.5051,-58
13977,356.5306,-58
13978,356.5561,-58
13979,356.5816,-77
13980,356.6071,-77
13981,356.6327,-73
13982,356.6582,-73
13983,356.6837,-55
13984,356.7092,-62
13985,356.7347,-62
13986,356.7602,-57
13987,356.7857,-57
13988,356.8112,-57
13989,356.8367,-57
13990,356.8622,-64
13991,356.8878,-59
13992,356.9133,-59
13993,356.9388,-58
13994,356.9643,-58
13995,356.9898,-62
13996,357.0153,-62
13997,357.0408,-64
13998,357.0663,-55
13999,357.0918,-55
14000,357.1173,-58
14001,357.1429,-58
14002,357.1684,-59
14003,357.1939,-59
14004,357.2194,-56
14005,357.2449,-56
14006,357.2704,-51
14007,357.2959,-55
14008,357.3214,-55
14009,357.3469,-62
14010,357.3724,-62
14011,357.3980,-55
14012,357.4235,-55
14013,357.4490,-51
14014,357.4745,-54
14015,357.5000,-54
14016,357.5255,-67
14017,357.5510,-67
14018,357.5765,-52
14019,357.6020,-52
14020,357.6276,-45
14021,357.6531,-51
14022,357.6786,-51
14023,357.7041,-65
14024,357.7296,-65
14025,357.7551,-47
14026,357.7806,-47
14027,357.8061,-44
14028,357.8316,-48
14029,357.8571,-48
14030,357.8827,-56
14031,357.9082,-56
14032,357.9337,-46
14033,357.9592,-46
14034,357.9847,-43
14035,358.0102,-48
14036,358.0357,-48
14037,358.0612,-53
14038,358.0867,-53
14039,358.1122,-46
14040,358.1378,-46
14041,358.1633,-43
14042,358.1888,-43
14043,358.2143,-48
14044,358.2398,-50
14045,358.2653,-50
14046,358.2908,-52
14047,358.3163,-52
14048,358.3418,-43
14049,358.3673,-43
14050,358.3929,-43
14051,358.4184,-46
14052,358.4439,-46
14053,358.4694,-52
14054,358.4949,-52
14055,358.5204,-44
14056,358.5459,-44
14057,358.5714,-43
14058,358.5969,-49
14059,358.6224,-49
14060,358.6480,-57
14061,358.6735,-57
14062,358.6990,-45
14063,358.7245,-45
14064,358.7500,-44
14065,358.7755,-52
14066,358.8010,-52
14067,358.8265,-62
14068,358.8520,-62
14069,358.8776,-46
14070,358.9031,-46
14071,358.9286,-44
14072,358.9541,-44
14073,358.9796,-51
14074,359.0051,-62
14075,359.0306,-62
14076,359.0561,-51
14077,359.0816,-51
14078,359.1071,-44
14079,359.1327,-44
14080,359.1582,-47
14081,359.1837,-52
14082,359.2092,-52
14083,359.2347,-46
14084,359.2602,-46
14085,359.2857,-44
14086,359.3112,-44
14087,359.3367,-51
14088,359.3622,-55
14089,359.3878,-55
14090,359.4133,-47
14091,359.4388,-47
14092,359.4643,-45
14093,359.4898,-45
14094,359.5153,-52
14095,359.5408,-54
14096,359.5663,-54
14097,359.5918,-50
14098,359.6173,-50
14099,359.6429,-44
14100,359.6684,-44
14101,359.6939,-50
14102,359.7194,-52
14103,359.7449,-52
14104,359.7704,-52
14105,359.7959,-52
14106,359.8214,-45
14107,359.8469,-45
14108,359.8724,-51
14109,359.8980,-51
14110,359.9235,-51
14111,359.9490,-54
14112,359.9745,-54
14113,360.0000,-45
14114,360.0255,-45
14115,360.0510,-46
14116,360.0765,-46
14117,360.1020,-46
14118,360.1276,-56
14119,360.1531,-56
14120,360.1786,-45
14121,360.2041,-45
14122,360.2296,-46
14123,360.2551,-46
14124,360.2806,-52
14125,360.3061,-59
14126,360.3316,-59
14127,360.3571,-45
14128,360.3827,-45
14129,360.4082,-46
14130,360.4337,-46
14131,360.4592,-53
14132,360.4847,-59
14133,360.5102,-59
14134,360.5357,-46
14135,360.5612,-46
14136,360.5867,-45
14137,360.6122,-45
14138,360.6378,-52
14139,360.6633,-52
14140,360.6888,-60
14141,360.7143,-45
14142,360.7398,-45
14143,360.7653,-45
14144,360.7908,-45
14145,360.8163,-52
14146,360.8418,-52
14147,360.8673,-56
14148,360.8929,-47
14149,360.9184,-47
14150,360.9439,-44
14151,360.9694,-44
14152,360.9949,-52
14153,361.0204,-52
14154,361.0459,-56
14155,361.0714,-49
14156,361.0969,-49
14157,361.1224,-45
14158,361.1480,-45
14159,361.1735,-52
14160,361.1990,-52
14161,361.2245,-54
14162,361.2500,-50
14163,361.2755,-50
14164,361.3010,-45
14165,361.3265,-45
14166,361.3520,-51
14167,361.3776,-51
14168,361.4031,-53
14169,361.4286,-50
14170,361.4541,-50
14171,361.4796,-46
14172,361.5051,-46
14173,361.5306,-51
14174,361.5561,-51
14175,361.5816,-51
14176,361.6071,-51
14177,361.6327,-54
14178,361.6582,-45
14179,361.6837,-45
14180,361.7092,-46
14181,361.7347,-46
14182,361.7602,-88
14183,361.7857,-88
14184,361.8112,-88
14185,361.8367,-46
14186,361.8622,-46
14187,361.8878,-45
14188,361.9133,-45
14189,361.9388,-51
14190,361.9643,-51
14191,361.9898,-58
14192,362.0153,-49
14193,362.0408,-49
14194,362.0663,-46
14195,362.0918,-46
14196,362.1173,-53
14197,362.1429,-53
14198,362.1684,-59
14199,362.1939,-45
14200,362.2194,-45
14201,362.2449,-44
14202,362.2704,-44
14203,362.2959,-52
14204,362.3214,-52
14205,362.3469,-60
14206,362.3724,-60
14207,362.3980,-49
14208,362.4235,-45
14209,362.4490,-45
14210,362.4745,-52
14211,362.5000,-52
14212,362.5255,-56
14213,362.5510,-56
14214,362.5765,-45
14215,362.6020,-44
14216,362.6276,-44
14217,362.6531,-52
14218,362.6786,-52
14219,362.7041,-56
14220,362.7296,-56
14221,362.7551,-45
14222,362.7806,-45
14223,362.8061,-45
14224,362.8316,-52
14225,362.8571,-52
14226,362.8827,-54
14227,362.9082,-54
14228,362.9337,-47
14229,362.9592,-49
14230,362.9847,-49
14231,363.0102,-51
14232,363.0357,-51
14233,363.0612,-52
14234,363.0867,-52
14235,363.1122,-52
14236,363.1378,-49
14237,363.1633,-49
14238,363.1888,-51
14239,363.2143,-51
14240,363.2398,-51
14241,363.2653,-51
14242,363.2908,-56
14243,363.3163,-56
14244,363.3418,-49
14245,363.3673,-46
14246,363.3929,-46
14247,363.4184,-52
14248,363.4439,-52
14249,363.4694,-60
14250,363.4949,-60
14251,363.5204,-50
14252,363.5459,-45
14253,363.5714,-45
14254,363.5969,-52
14255,363.6224,-52
14256,363.6480,-62
14257,363.6735,-62
14258,363.6990,-45
14259,363.7245,-51
14260,363.7500,-51
14261,363.7755,-54
14262,363.8010,-54
14263,363.8265,-60
14264,363.8520,-60
14265,363.8776,-46
14266,363.9031,-49
14267,363.9286,-49
14268,363.9541,-53
14269,363.9796,-53
14270,364.0051,-59
14271,364.0306,-59
14272,364.0561,-49
14273,364.0816,-45
14274,364.1071,-45
14275,364.1327,-52
14276,364.1582,-52
14277,364.1837,-57
14278,364.2092,-57
14279,364.2347,-46
14280,364.2602,-46
14281,364.2857,-49
14282,364.3112,-50
14283,364.3367,-50
14284,364.3622,-55
14285,364.3878,-55
14286,364.4133,-46
14287,364.4388,-46
14288,364.4643,-49
14289,364.4898,-51
14290,364.5153,-51
14291,364.5408,-54
14292,364.5663,-54
14293,364.5918,-50
14294,364.6173,-50
14295,364.6429,-45
14296,364.6684,-50
14297,364.6939,-50
14298,364.7194,-52
14299,364.7449,-52
14300,364.7704,-51
14301,364.7959,-51
14302,364.8214,-45
14303,364.8469,-50
14304,364.8724,-50
14305,364.8980,-51
14306,364.9235,-51
14307,364.9490,-55
14308,364.9745,-55
14309,365.0000,-44
14310,365.0255,-50
14311,365.0510,-50
14312,365.0765,-51
14313,365.1020,-51
14314,365.1276,-56
14315,365.1531,-56
14316,365.1786,-46
14317,365.2041,-46
14318,365.2296,-49
14319,365.2551,-51
14320,365.2806,-51
14321,365.3061,-58
14322,365.3316,-58
14323,365.3571,-45
14324,365.3827,-45
14325,365.4082,-50
14326,365.4337,-52
14327,365.4592,-52
14328,365.4847,-58
14329,365.5102,-58
14330,365.5357,-45
14331,365.5612,-45
14332,365.5867,-44
14333,365.6122,-51
14334,365.6378,-51
14335,365.6633,-58
14336,365.6888,-58
14337,365.7143,-45
14338,365.7398,-45
14339,365.7653,-45
14340,365.7908,-52
14341,365.8163,-52
14342,365.8418,-55
14343,365.8673,-55
14344,365.8929,-47
14345,365.9184,-47
14346,365.9439,-44
14347,365.9694,-51
14348,365.9949,-51
14349,366.0204,-54
14350,366.0459,-54
14351,366.0714,-46
14352,366.0969,-46
14353,366.1224,-46
14354,366.1480,-46
14355,366.1735,-52
14356,366.1990,-53
14357,366.2245,-53
14358,366.2500,-51
14359,366.2755,-51
14360,366.3010,-45
14361,366.3265,-45
14362,366.3520,-51
14363,366.3776,-54
14364,366.4031,-54
14365,366.4286,-53
14366,366.4541,-53
14367,366.4796,-45
14368,366.5051,-45
14369,366.5306,-51
14370,366.5561,-51
14371,366.5816,-51
14372,366.6071,-57
14373,366.6327,-57
14374,366.6582,-45
14375,366.6837,-45
14376,366.7092,-45
14377,366.7347,-49
14378,366.7602,-49
14379,366.7857,-58
14380,366.8112,-58
14381,366.8367,-46
14382,366.8622,-46
14383,366.8878,-44
14384,366.9133,-51
14385,366.9388,-51
14386,366.9643,-58
14387,366.9898,-58
14388,367.0153,-45
14389,367.0408,-45
14390,367.0663,-45
14391,367.0918,-45
14392,367.1173,-52
14393,367.1429,-56
14394,367.1684,-56
14395,367.1939,-46
14396,367.2194,-46
14397,367.2449,-44
14398,367.2704,-44
14399,367.2959,-51
14400,367.3214,-57
14401,367.3469,-57
14402,367.3724,-46
14403,367.3980,-46
14404,367.4235,-44
14405,367.4490,-44
14406,367.4745,-51
14407,367.5000,-54
14408,367.5255,-54
14409,367.5510,-47
14410,367.5765,-47
14411,367.6020,-43
14412,367.6276,-43
14413,367.6531,-51
14414,367.6786,-55
14415,367.7041,-55
14416,367.7296,-46
14417,367.7551,-46
14418,367.7806,-45
14419,367.8061,-45
14420,367.8316,-51
14421,367.8571,-53
14422,367.8827,-53
14423,367.9082,-50
14424,367.9337,-50
14425,367.9592,-44
14426,367.9847,-44
14427,368.0102,-51
14428,368.0357,-51
14429,368.0612,-52
14430,368.0867,-52
14431,368.1122,-52
14432,368.1378,-45
14433,368.1633,-45
14434,368.1888,-51
14435,368.2143,-51
14436,368.2398,-51
14437,368.2653,-53
14438,368.2908,-53
14439,368.3163,-44
14440,368.3418,-44
14441,368.3673,-45
14442,368.3929,-45
14443,368.4184,-50
14444,368.4439,-54
14445,368.4694,-54
14446,368.4949,-45
14447,368.5204,-45
14448,368.5459,-43
14449,368.5714,-43
14450,368.5969,-50
14451,368.6224,-59
14452,368.6480,-59
14453,368.6735,-45
14454,368.6990,-45
14455,368.7245,-45
14456,368.7500,-45
14457,368.7755,-51
14458,368.8010,-56
14459,368.8265,-56
14460,368.8520,-45
14461,368.8776,-45
14462,368.9031,-43
14463,368.9286,-43
14464,368.9541,-50
14465,368.9796,-50
14466,369.0051,-55
14467,369.0306,-44
14468,369.0561,-44
14469,369.0816,-43
14470,369.1071,-43
14471,369.1327,-51
14472,369.1582,-51
14473,369.1837,-53
14474,369.2092,-46
14475,369.2347,-46
14476,369.2602,-43
14477,369.2857,-43
14478,369.3112,-50
14479,369.3367,-50
14480,369.3622,-52
14481,369.3878,-49
14482,369.4133,-49
14483,369.4388,-44
14484,369.4643,-44
14485,369.4898,-52
14486,369.5153,-52
14487,369.5408,-55
14488,369.5663,-54
14489,369.5918,-54
14490,369.6173,-51
14491,369.6429,-51
14492,369.6684,-52
14493,369.6939,-52
14494,369.7194,-52
14495,369.7449,-51
14496,369.7704,-51
14497,369.7959,-44
14498,369.8214,-44
14499,369.8469,-50
14500,369.8724,-50
14501,369.8980,-50
14502,369.9235,-50
14503,369.9490,-56
14504,369.9745,-45
14505,370.0000,-45
14506,370.0255,-45
14507,370.0510,-45
14508,370.0765,-51
14509,370.1020,-51
14510,370.1276,-59
14511,370.1531,-47
14512,370.1786,-47
14513,370.2041,-45
14514,370.2296,-45
14515,370.2551,-51
14516,370.2806,-51
14517,370.3061,-58
14518,370.3316,-49
14519,370.3571,-49
14520,370.3827,-45
14521,370.4082,-45
14522,370.4337,-52
14523,370.4592,-52
14524,370.4847,-57
14525,370.5102,-45
14526,370.5357,-45
14527,370.5612,-44
14528,370.5867,-44
14529,370.6122,-51
14530,370.6378,-51
14531,370.6633,-57
14532,370.6888,-45
14533,370.7143,-45
14534,370.7398,-44
14535,370.7653,-44
14536,370.7908,-51
14537,370.8163,-51
14538,370.8418,-55
14539,370.8673,-55
14540,370.8929,-46
14541,370.9184,-44
14542,370.9439,-44
14543,370.9694,-50
14544,370.9949,-50
14545,371.0204,-53
14546,371.0459,-53
14547,371.0714,-45
14548,371.0969,-46
14549,371.1224,-46
14550,371.1480,-51
14551,371.1735,-51
14552,371.1990,-52
14553,371.2245,-52
14554,371.2500,-47
14555,371.2755,-49
14556,371.3010,-49
14557,371.3265,-50
14558,371.3520,-50
14559,371.3776,-52
14560,371.4031,-52
14561,371.4286,-52
14562,371.4541,-49
14563,371.4796,-49
14564,371.5051,-51
14565,371.5306,-51
14566,371.5561,-50
14567,371.5816,-50
14568,371.6071,-57
14569,371.6327,-46
14570,371.6582,-46
14571,371.6837,-46
14572,371.7092,-46
14573,371.7347,-52
14574,371.7602,-52
14575,371.7857,-58
14576,371.8112,-58
14577,371.8367,-50
14578,371.8622,-45
14579,371.8878,-45
14580,371.9133,-51
14581,371.9388,-51
14582,371.9643,-59
14583,371.9898,-59
14584,372.0153,-49
14585,372.0408,-46
14586,372.0663,-46
14587,372.0918,-52
14588,372.1173,-52
14589,372.1429,-57
14590,372.1684,-57
14591,372.1939,-50
14592,372.2194,-44
14593,372.2449,-44
14594,372.2704,-51
14595,372.2959,-51
14596,372.3214,-58
14597,372.3469,-58
14598,372.3724,-46
14599,372.3980,-49
14600,372.4235,-49
14601,372.4490,-52
14602,372.4745,-52
14603,372.5000,-55
14604,372.5255,-55
14605,372.5510,-47
14606,372.5765,-49
14607,372.6020,-49
14608,372.6276,-50
14609,372.6531,-50
14610,372.6786,-55
14611,372.7041,-55
14612,372.7296,-46
14613,372.7551,-46
14614,372.7806,-50
14615,372.8061,-51
14616,372.8316,-51
14617,372.8571,-54
14618,372.8827,-54
14619,372.9082,-52
14620,372.9337,-52
14621,372.9592,-49
14622,372.9847,-50
14623,373.0102,-50
14624,373.0357,-52
14625,373.0612,-52
14626,373.0867,-52
14627,373.1122,-52
14628,373.1378,-45
14629,373.1633,-51
14630,373.1888,-51
14631,373.2143,-50
14632,373.2398,-50
14633,373.2653,-54
14634,373.2908,-54
14635,373.3163,-45
14636,373.3418,-50
14637,373.3673,-50
14638,373.3929,-51
14639,373.4184,-51
14640,373.4439,-59
14641,373.4694,-59
14642,373.4949,-46
14643,373.5204,-49
14644,373.5459,-49
14645,373.5714,-51
14646,373.5969,-51
14647,373.6224,-58
14648,373.6480,-58
14649,373.6735,-46
14650,373.6990,-46
14651,373.7245,-45
14652,373.7500,-52
14653,373.7755,-52
14654,373.8010,-57
14655,373.8265,-57
14656,373.8520,-46
14657,373.8776,-46
14658,373.9031,-44
14659,373.9286,-51
14660,373.9541,-51
14661,373.9796,-56
14662,374.0051,-56
14663,374.0306,-46
14664,374.0561,-46
14665,374.0816,-44
14666,374.1071,-50
14667,374.1327,-50
14668,374.1582,-55
14669,374.1837,-55
14670,374.2092,-47
14671,374.2347,-47
14672,374.2602,-44
14673,374.2857,-51
14674,374.3112,-51
14675,374.3367,-56
14676,374.3622,-56
14677,374.3878,-50
14678,374.4133,-50
14679,374.4388,-46
14680,374.4643,-52
14681,374.4898,-52
14682,374.5153,-52
14683,374.5408,-52
14684,374.5663,-52
14685,374.5918,-52
14686,374.6173,-45
14687,374.6429,-45
14688,374.6684,-51
14689,374.6939,-53
14690,374.7194,-53
14691,374.7449,-54
14692,374.7704,-54
14693,374.7959,-46
14694,374.8214,-46
14695,374.8469,-51
14696,374.8724,-51
14697,374.8980,-51
14698,374.9235,-58
14699,374.9490,-58
14700,374.9745,-45
14701,375.0000,-45
14702,375.0255,-46
14703,375.0510,-52
14704,375.0765,-52
14705,375.1020,-61
14706,375.1276,-61
14707,375.1531,-47
14708,375.1786,-47
14709,375.2041,-45
14710,375.2296,-51
14711,375.2551,-51
14712,375.2806,-60
14713,375.3061,-60
14714,375.3316,-45
14715,375.3571,-45
14716,375.3827,-45
14717,375.4082,-52
14718,375.4337,-52
14719,375.4592,-57
14720,375.4847,-57
14721,375.5102,-46
14722,375.5357,-46
14723,375.5612,-43
14724,375.5867,-43
14725,375.6122,-51
14726,375.6378,-58
14727,375.6633,-58
14728,375.6888,-50
14729,375.7143,-50
14730,375.7398,-45
14731,375.7653,-45
14732,375.7908,-52
14733,375.8163,-55
14734,375.8418,-55
14735,375.8673,-47
14736,375.8929,-47
14737,375.9184,-44
14738,375.9439,-44
14739,375.9694,-51
14740,375.9949,-56
14741,376.0204,-56
14742,376.0459,-50
14743,376.0714,-50
14744,376.0969,-46
14745,376.1224,-46
14746,376.1480,-52
14747,376.1735,-53
14748,376.1990,-53
14749,376.2245,-50
14750,376.2500,-50
14751,376.2755,-45
14752,376.3010,-45
14753,376.3265,-51
14754,376.3520,-53
14755,376.3776,-53
14756,376.4031,-52
14757,376.4286,-52
14758,376.4541,-46
14759,376.4796,-46
14760,376.5051,-52
14761,376.5306,-52
14762,376.5561,-51
14763,376.5816,-57
14764,376.6071,-57
14765,376.6327,-46
14766,376.6582,-46
14767,376.6837,-46
14768,376.7092,-46
14769,376.7347,-46
14770,376.7602,-59
14771,376.7857,-59
14772,376.8112,-46
14773,376.8367,-46
14774,376.8622,-44
14775,376.8878,-44
14776,376.9133,-52
14777,376.9388,-60
14778,376.9643,-60
14779,376.9898,-45
14780,377.0153,-45
14781,377.0408,-46
14782,377.0663,-46
14783,377.0918,-53
14784,377.1173,-59
14785,377.1429,-59
14786,377.1684,-46
14787,377.1939,-46
14788,377.2194,-44
14789,377.2449,-44
14790,377.2704,-52
14791,377.2959,-52
14792,377.3214,-58
14793,377.3469,-46
14794,377.3724,-46
14795,377.3980,-44
14796,377.4235,-44
14797,377.4490,-51
14798,377.4745,-51
14799,377.5000,-56
14800,377.5255,-47
14801,377.5510,-47
14802,377.5765,-44
14803,377.6020,-44
14804,377.6276,-51
14805,377.6531,-51
14806,377.6786,-56
14807,377.7041,-50
14808,377.7296,-50
14809,377.7551,-46
14810,377.7806,-46
14811,377.8061,-53
14812,377.8316,-53
14813,377.8571,-56
14814,377.8827,-51
14815,377.9082,-51
14816,377.9337,-45
14817,377.9592,-45
14818,377.9847,-51
14819,378.0102,-51
14820,378.0357,-53
14821,378.0612,-54
14822,378.0867,-54
14823,378.1122,-46
14824,378.1378,-46
14825,378.1633,-52
14826,378.1888,-52
14827,378.2143,-51
14828,378.2398,-51
14829,378.2653,-59
14830,378.2908,-50
14831,378.3163,-50
14832,378.3418,-51
14833,378.3673,-51
14834,378.3929,-53
14835,378.4184,-53
14836,378.4439,-53
14837,378.4694,-46
14838,378.4949,-46
14839,378.5204,-45
14840,378.5459,-45
14841,378.5714,-52
14842,378.5969,-52
14843,378.6224,-58
14844,378.6480,-49
14845,378.6735,-49
14846,378.6990,-46
14847,378.7245,-46
14848,378.7500,-51
14849,378.7755,-51
14850,378.8010,-58
14851,378.8265,-47
14852,378.8520,-47
14853,378.8776,-45
14854,378.9031,-45
14855,378.9286,-52
14856,378.9541,-52
14857,378.9796,-58
14858,379.0051,-58
14859,379.0306,-50
14860,379.0561,-46
14861,379.0816,-46
14862,379.1071,-53
14863,379.1327,-53
14864,379.1582,-56
14865,379.1837,-56
14866,379.2092,-51
14867,379.2347,-45
14868,379.2602,-45
14869,379.2857,-52
14870,379.3112,-52
14871,379.3367,-55
14872,379.3622,-55
14873,379.3878,-46
14874,379.4133,-51
14875,379.4388,-51
14876,379.4643,-52
14877,379.4898,-52
14878,379.5153,-53
14879,379.5408,-53
14880,379.5663,-51
14881,379.5918,-50
14882,379.6173,-50
14883,379.6429,-51
14884,379.6684,-51
14885,379.6939,-53
14886,379.7194,-53
14887,379.7449,-54
14888,379.7704,-50
14889,379.7959,-50
14890,379.8214,-51
14891,379.8469,-51
14892,379.8724,-51
14893,379.8980,-51
14894,379.9235,-58
14895,379.9490,-58
14896,379.9745,-49
14897,380.0000,-46
14898,380.0255,-46
14899,380.0510,-52
14900,380.0765,-52
14901,380.1020,-61
14902,380.1276,-61
14903,380.1531,-50
14904,380.1786,-45
14905,380.2041,-45
14906,380.2296,-51
14907,380.2551,-51
14908,380.2806,-61
14909,380.3061,-61
14910,380.3316,-46
14911,380.3571,-51
14912,380.3827,-51
14913,380.4082,-53
14914,380.4337,-53
14915,380.4592,-59
14916,380.4847,-59
14917,380.5102,-46
14918,380.5357,-49
14919,380.5612,-49
14920,380.5867,-54
14921,380.6122,-54
14922,380.6378,-59
14923,380.6633,-59
14924,380.6888,-51
14925,380.7143,-49
14926,380.7398,-49
14927,380.7653,-53
14928,380.7908,-53
14929,380.8163,-57
14930,380.8418,-57
14931,380.8673,-52
14932,380.8929,-52
14933,380.9184,-49
14934,380.9439,-52
14935,380.9694,-52
14936,380.9949,-56
14937,381.0204,-56
14938,381.0459,-51
14939,381.0714,-51
14940,381.0969,-51
14941,381.1224,-53
14942,381.1480,-53
14943,381.1735,-54
14944,381.1990,-54
14945,381.2245,-52
14946,381.2500,-52
14947,381.2755,-46
14948,381.3010,-52
14949,381.3265,-52
14950,381.3520,-55
14951,381.3776,-55
14952,381.4031,-56
14953,381.4286,-56
14954,381.4541,-47
14955,381.4796,-52
14956,381.5051,-52
14957,381.5306,-51
14958,381.5561,-51
14959,381.5816,-60
14960,381.6071,-60
14961,381.6327,-46
14962,381.6582,-46
14963,381.6837,-50
14964,381.7092,-52
14965,381.7347,-52
14966,381.7602,-59
14967,381.7857,-59
14968,381.8112,-47
14969,381.8367,-47
14970,381.8622,-50
14971,381.8878,-52
14972,381.9133,-52
14973,381.9388,-61
14974,381.9643,-61
14975,381.9898,-46
14976,382.0153,-46
14977,382.0408,-46
14978,382.0663,-52
14979,382.0918,-52
14980,382.1173,-59
14981,382.1429,-59
14982,382.1684,-46
14983,382.1939,-46
14984,382.2194,-44
14985,382.2449,-51
14986,382.2704,-51
14987,382.2959,-59
14988,382.3214,-59
14989,382.3469,-46
14990,382.3724,-46
14991,382.3980,-45
14992,382.4235,-51
14993,382.4490,-51
14994,382.4745,-56
14995,382.5000,-56
14996,382.5255,-47
14997,382.5510,-47
14998,382.5765,-45
14999,382.6020,-45
15000,382.6276,-51
15001,382.6531,-56
15002,382.6786,-56
15003,382.7041,-46
15004,382.7296,-46
15005,382.7551,-46
15006,382.7806,-46
15007,382.8061,-52
15008,382.8316,-54
15009,382.8571,-54
15010,382.8827,-47
15011,382.9082,-47
15012,382.9337,-45
15013,382.9592,-45
15014,382.9847,-51
15015,383.0102,-53
15016,383.0357,-53
15017,383.0612,-52
15018,383.0867,-52
15019,383.1122,-45
15020,383.1378,-45
15021,383.1633,-52
15022,383.1888,-51
15023,383.2143,-51
15024,383.2398,-56
15025,383.2653,-56
15026,383.2908,-45
15027,383.3163,-45
15028,383.3418,-46
15029,383.3673,-50
15030,383.3929,-50
15031,383.4184,-60
15032,383.4439,-60
15033,383.4694,-46
15034,383.4949,-46
15035,383.5204,-46
15036,383.5459,-46
15037,383.5714,-53
15038,383.5969,-63
15039,383.6224,-63
15040,383.6480,-46
15041,383.6735,-46
15042,383.6990,-46
15043,383.7245,-46
15044,383.7500,-52
15045,383.7755,-59
15046,383.8010,-59
15047,383.8265,-46
15048,383.8520,-46
15049,383.8776,-44
15050,383.9031,-44
15051,383.9286,-51
15052,383.9541,-58
15053,383.9796,-58
15054,384.0051,-46
15055,384.0306,-46
15056,384.0561,-44
15057,384.0816,-44
15058,384.1071,-51
15059,384.1327,-56
15060,384.1582,-56
15061,384.1837,-46
15062,384.2092,-46
15063,384.2347,-45
15064,384.2602,-45
15065,384.2857,-51
15066,384.3112,-55
15067,384.3367,-55
15068,384.3622,-46
15069,384.3878,-46
15070,384.4133,-46
15071,384.4388,-46
15072,384.4643,-52
15073,384.4898,-52
15074,384.5153,-54
15075,384.5408,-51
15076,384.5663,-51
15077,384.5918,-45
15078,384.6173,-45
15079,384.6429,-52
15080,384.6684,-52
15081,384.6939,-54
15082,384.7194,-53
15083,384.7449,-53
15084,384.7704,-47
15085,384.7959,-47
15086,384.8214,-53
15087,384.8469,-53
15088,384.8724,-51
15089,384.8980,-56
15090,384.9235,-56
15091,384.9490,-46
15092,384.9745,-46
15093,385.0000,-51
15094,385.0255,-51
15095,385.0510,-51
15096,385.0765,-58
15097,385.1020,-58
15098,385.1276,-46
15099,385.1531,-46
15100,385.1786,-45
15101,385.2041,-45
15102,385.2296,-52
15103,385.2551,-61
15104,385.2806,-61
15105,385.3061,-46
15106,385.3316,-46
15107,385.3571,-46
15108,385.3827,-46
15109,385.4082,-52
15110,385.4337,-52
15111,385.4592,-58
15112,385.4847,-46
15113,385.5102,-46
15114,385.5357,-44
15115,385.5612,-44
15116,385.5867,-51
15117,385.6122,-51
15118,385.6378,-51
15119,385.6633,-50
15120,385.6888,-50
15121,385.7143,-44
15122,385.7398,-44
15123,385.7653,-52
15124,385.7908,-52
15125,385.8163,-57
15126,385.8418,-50
15127,385.8673,-50
15128,385.8929,-45
15129,385.9184,-45
15130,385.9439,-51
15131,385.9694,-51
15132,385.9949,-57
15133,386.0204,-50
15134,386.0459,-50
15135,386.0714,-47
15136,386.0969,-47
15137,386.1224,-52
15138,386.1480,-52
15139,386.1735,-53
15140,386.1990,-53
15141,386.2245,-52
15142,386.2500,-46
15143,386.2755,-46
15144,386.3010,-51
15145,386.3265,-51
15146,386.3520,-53
15147,386.3776,-53
15148,386.4031,-54
15149,386.4286,-46
15150,386.4541,-46
15151,386.4796,-51
15152,386.5051,-51
15153,386.5306,-51
15154,386.5561,-51
15155,386.5816,-58
15156,386.6071,-49
15157,386.6327,-49
15158,386.6582,-45
15159,386.6837,-45
15160,386.7092,-51
15161,386.7347,-51
15162,386.7602,-59
15163,386.7857,-50
15164,386.8112,-50
15165,386.8367,-45
15166,386.8622,-45
15167,386.8878,-51
15168,386.9133,-51
15169,386.9388,-60
15170,386.9643,-49
15171,386.9898,-49
15172,387.0153,-46
15173,387.0408,-46
15174,387.0663,-52
15175,387.0918,-52
15176,387.1173,-58
15177,387.1429,-58
15178,387.1684,-46
15179,387.1939,-45
15180,387.2194,-45
15181,387.2449,-51
15182,387.2704,-51
15183,387.2959,-57
15184,387.3214,-57
15185,387.3469,-57
15186,387.3724,-45
15187,387.3980,-45
15188,387.4235,-51
15189,387.4490,-51
15190,387.4745,-55
15191,387.5000,-55
15192,387.5255,-46
15193,387.5510,-49
15194,387.5765,-49
15195,387.6020,-50
15196,387.6276,-50
15197,387.6531,-55
15198,387.6786,-55
15199,387.7041,-46
15200,387.7296,-50
15201,387.7551,-50
15202,387.7806,-51
15203,387.8061,-51
15204,387.8316,-52
15205,387.8571,-52
15206,387.8827,-51
15207,387.9082,-51
15208,387.9337,-50
15209,387.9592,-49
15210,387.9847,-49
15211,388.0102,-52
15212,388.0357,-52
15213,388.0612,-53
15214,388.0867,-53
15215,388.1122,-46
15216,388.1378,-50
15217,388.1633,-50
15218,388.1888,-50
15219,388.2143,-50
15220,388.2398,-58
15221,388.2653,-58
15222,388.2908,-46
15223,388.3163,-51
15224,388.3418,-51
15225,388.3673,-52
15226,388.3929,-52
15227,388.4184,-62
15228,388.4439,-62
15229,388.4694,-46
15230,388.4949,-49
15231,388.5204,-49
15232,388.5459,-51
15233,388.5714,-51
15234,388.5969,-62
15235,388.6224,-62
15236,388.6480,-46
15237,388.6735,-45
15238,388.6990,-45
15239,388.7245,-52
15240,388.7500,-52
15241,388.7755,-57
15242,388.8010,-57
15243,388.8265,-45
15244,388.8520,-45
15245,388.8776,-48
15246,388.9031,-52
15247,388.9286,-52
15248,388.9541,-56
15249,388.9796,-56
15250,389.0051,-46
15251,389.0306,-46
15252,389.0561,-46
15253,389.0816,-52
15254,389.1071,-52
15255,389.1327,-57
15256,389.1582,-57
15257,389.1837,-52
15258,389.2092,-52
15259,389.2347,-44
15260,389.2602,-51
15261,389.2857,-51
15262,389.3112,-55
15263,389.3367,-55
15264,389.3622,-50
15265,389.3878,-50
15266,389.4133,-46
15267,389.4388,-51
15268,389.4643,-51
15269,389.4898,-52
15270,389.5153,-52
15271,389.5408,-53
15272,389.5663,-53
15273,389.5918,-46
15274,389.6173,-46
15275,389.6429,-51
15276,389.6684,-53
15277,389.6939,-53
15278,389.7194,-53
15279,389.7449,-53
15280,389.7704,-46
15281,389.7959,-46
15282,389.8214,-51
15283,389.8469,-51
15284,389.8724,-51
15285,389.8980,-58
15286,389.9235,-58
15287,389.9490,-46
15288,389.9745,-46
15289,390.0000,-47
15290,390.0255,-52
15291,390.0510,-52
15292,390.0765,-61
15293,390.1020,-61
15294,390.1276,-47
15295,390.1531,-47
15296,390.1786,-45
15297,390.2041,-53
15298,390.2296,-53
15299,390.2551,-61
15300,390.2806,-61
15301,390.3061,-46
15302,390.3316,-46
15303,390.3571,-46
15304,390.3827,-55
15305,390.4082,-55
15306,390.4337,-59
15307,390.4592,-59
15308,390.4847,-50
15309,390.5102,-50
15310,390.5357,-45
15311,390.5612,-45
15312,390.5867,-54
15313,390.6122,-59
15314,390.6378,-59
15315,390.6633,-46
15316,390.6888,-46
15317,390.7143,-45
15318,390.7398,-45
15319,390.7653,-45
15320,390.7908,-45
15321,390.8163,-45
15322,390.8418,-48
15323,390.8673,-48
15324,390.8929,-45
15325,390.9184,-45
15326,390.9439,-51
15327,390.9694,-55
15328,390.9949,-55
15329,391.0204,-46
15330,391.0459,-46
15331,391.0714,-47
15332,391.0969,-47
15333,391.1224,-53
15334,391.1480,-54
15335,391.1735,-54
15336,391.1990,-51
15337,391.2245,-51
15338,391.2500,-46
15339,391.2755,-46
15340,391.3010,-52
15341,391.3265,-52
15342,391.3520,-54
15343,391.3776,-53
15344,391.4031,-53
15345,391.4286,-47
15346,391.4541,-47
15347,391.4796,-52
15348,391.5051,-52
15349,391.5306,-51
15350,391.5561,-56
15351,391.5816,-56
15352,391.6071,-46
15353,391.6327,-46
15354,391.6582,-51
15355,391.6837,-51
15356,391.7092,-52
15357,391.7347,-58
15358,391.7602,-58
15359,391.7857,-47
15360,391.8112,-47
15361,391.8367,-46
15362,391.8622,-46
15363,391.8878,-52
15364,391.9133,-59
15365,391.9388,-59
15366,391.9643,-46
15367,391.9898,-46
15368,392.0153,-46
15369,392.0408,-46
15370,392.0663,-54
15371,392.0918,-58
15372,392.1173,-58
15373,392.1429,-47
15374,392.1684,-47
15375,392.1939,-44
15376,392.2194,-44
15377,392.2449,-54
15378,392.2704,-54
15379,392.2959,-58
15380,392.3214,-46
15381,392.3469,-46
15382,392.3724,-44
15383,392.3980,-44
15384,392.4235,-53
15385,392.4490,-53
15386,392.4745,-55
15387,392.5000,-46
15388,392.5255,-46
15389,392.5510,-44
15390,392.5765,-44
15391,392.6020,-52
15392,392.6276,-52
15393,392.6531,-55
15394,392.6786,-46
15395,392.7041,-46
15396,392.7296,-46
15397,392.7551,-46
15398,392.7806,-52
15399,392.8061,-52
15400,392.8316,-54
15401,392.8571,-51
15402,392.8827,-51
15403,392.9082,-46
15404,392.9337,-46
15405,392.9592,-51
15406,392.9847,-51
15407,393.0102,-53
15408,393.0357,-51
15409,393.0612,-51
15410,393.0867,-46
15411,393.1122,-46
15412,393.1378,-52
15413,393.1633,-52
15414,393.1888,-51
15415,393.2143,-51
15416,393.2398,-56
15417,393.2653,-45
15418,393.2908,-45
15419,393.3163,-46
15420,393.3418,-46
15421,393.3673,-46
15422,393.3929,-46
15423,393.4184,-58
15424,393.4439,-50
15425,393.4694,-50
15426,393.4949,-45
15427,393.5204,-45
15428,393.5459,-54
15429,393.5714,-54
15430,393.5969,-60
15431,393.6224,-50
15432,393.6480,-50
15433,393.6735,-46
15434,393.6990,-46
15435,393.7245,-55
15436,393.7500,-55
15437,393.7755,-80
15438,393.8010,-51
15439,393.8265,-51
15440,393.8520,-45
15441,393.8776,-45
15442,393.9031,-54
15443,393.9286,-54
15444,393.9541,-58
15445,393.9796,-50
15446,394.0051,-50
15447,394.0306,-45
15448,394.0561,-45
15449,394.0816,-53
15450,394.1071,-53
15451,394.1327,-55
15452,394.1582,-55
15453,394.1837,-51
15454,394.2092,-45
15455,394.2347,-45
15456,394.2602,-51
15457,394.2857,-51
15458,394.3112,-55
15459,394.3367,-55
15460,394.3622,-50
15461,394.3878,-46
15462,394.4133,-46
15463,394.4388,-52
15464,394.4643,-52
15465,394.4898,-54
15466,394.5153,-54
15467,394.5408,-51
15468,394.5663,-50
15469,394.5918,-50
15470,394.6173,-52
15471,394.6429,-52
15472,394.6684,-53
15473,394.6939,-53
15474,394.7194,-52
15475,394.7449,-50
15476,394.7704,-50
15477,394.7959,-51
15478,394.8214,-51
15479,394.8469,-51
15480,394.8724,-51
15481,394.8980,-55
15482,394.9235,-49
15483,394.9490,-49
15484,394.9745,-46
15485,395.0000,-46
15486,395.0255,-46
15487,395.0510,-46
15488,395.0765,-58
15489,395.1020,-58
15490,395.1276,-46
15491,395.1531,-46
15492,395.1786,-46
15493,395.2041,-52
15494,395.2296,-52
15495,395.2551,-59
15496,395.2806,-59
15497,395.3061,-49
15498,395.3316,-47
15499,395.3571,-47
15500,395.3827,-53
15501,395.4082,-53
15502,395.4337,-57
15503,395.4592,-57
15504,395.4847,-47
15505,395.5102,-49
15506,395.5357,-49
15507,395.5612,-54
15508,395.5867,-54
15509,395.6122,-59
15510,395.6378,-59
15511,395.6633,-50
15512,395.6888,-49
15513,395.7143,-49
15514,395.7398,-52
15515,395.7653,-52
15516,395.7908,-54
15517,395.8163,-54
15518,395.8418,-52
15519,395.8673,-49
15520,395.8929,-49
15521,395.9184,-52
15522,395.9439,-52
15523,395.9694,-55
15524,395.9949,-55
15525,396.0204,-50
15526,396.0459,-50
15527,396.0714,-50
15528,396.0969,-52
15529,396.1224,-52
15530,396.1480,-53
15531,396.1735,-53
15532,396.1990,-52
15533,396.2245,-52
15534,396.2500,-50
15535,396.2755,-51
15536,396.3010,-51
15537,396.3265,-53
15538,396.3520,-53
15539,396.3776,-53
15540,396.4031,-53
15541,396.4286,-46
15542,396.4541,-52
15543,396.4796,-52
15544,396.5051,-51
15545,396.5306,-51
15546,396.5561,-56
15547,396.5816,-56
15548,396.6071,-46
15549,396.6327,-51
15550,396.6582,-51
15551,396.6837,-51
15552,396.7092,-51
15553,396.7347,-71
15554,396.7602,-71
15555,396.7857,-47
15556,396.8112,-49
15557,396.8367,-49
15558,396.8622,-52
15559,396.8878,-52
15560,396.9133,-66
15561,396.9388,-66
15562,396.9643,-46
15563,396.9898,-46
15564,397.0153,-50
15565,397.0408,-54
15566,397.0663,-54
15567,397.0918,-59
15568,397.1173,-59
15569,397.1429,-48
15570,397.1684,-48
15571,397.1939,-49
15572,397.2194,-55
15573,397.2449,-55
15574,397.2704,-59
15575,397.2959,-59
15576,397.3214,-50
15577,397.3469,-50
15578,397.3724,-45
15579,397.3980,-55
15580,397.4235,-55
15581,397.4490,-57
15582,397.4745,-57
15583,397.5000,-47
15584,397.5255,-47
15585,397.5510,-45
15586,397.5765,-57
15587,397.6020,-57
15588,397.6276,-62
15589,397.6531,-62
15590,397.6786,-56
15591,397.7041,-56
15592,397.7296,-52
15593,397.7551,-60
15594,397.7806,-60
15595,397.8061,-62
15596,397.8316,-62
15597,397.8571,-57
15598,397.8827,-57
15599,397.9082,-52
15600,397.9337,-52
15601,397.9592,-59
15602,397.9847,-60
15603,398.0102,-60
15604,398.0357,-58
15605,398.0612,-58
15606,398.0867,-53
15607,398.1122,-53
15608,398.1378,-59
15609,398.1633,-57
15610,398.1888,-57
15611,398.2143,-61
15612,398.2398,-61
15613,398.2653,-53
15614,398.2908,-53
15615,398.3163,-55
15616,398.3418,-58
15617,398.3673,-58
15618,398.3929,-64
15619,398.4184,-64
15620,398.4439,-54
15621,398.4694,-54
15622,398.4949,-54
15623,398.5204,-56
15624,398.5459,-56
15625,398.5714,-66
15626,398.5969,-66
15627,398.6224,-52
15628,398.6480,-52
15629,398.6735,-54
15630,398.6990,-59
15631,398.7245,-59
15632,398.7500,-68
15633,398.7755,-68
15634,398.8010,-55
15635,398.8265,-55
15636,398.8520,-53
15637,398.8776,-53
15638,398.9031,-58
15639,398.9286,-65
15640,398.9541,-65
15641,398.9796,-55
15642,399.0051,-55
15643,399.0306,-53
15644,399.0561,-53
15645,399.0816,-58
15646,399.1071,-66
15647,399.1327,-66
15648,399.1582,-58
15649,399.1837,-58
15650,399.2092,-53
15651,399.2347,-53
15652,399.2602,-57
15653,399.2857,-61
15654,399.3112,-61
15655,399.3367,-58
15656,399.3622,-58
15657,399.3878,-55
15658,399.4133,-55
15659,399.4388,-60
15660,399.4643,-63
15661,399.4898,-63
15662,399.5153,-57
15663,399.5408,-57
15664,399.5663,-52
15665,399.5918,-52
15666,399.6173,-59
15667,399.6429,-60
15668,399.6684,-60
15669,399.6939,-58
15670,399.7194,-58
15671,399.7449,-53
15672,399.7704,-53
15673,399.7959,-61
15674,399.8214,-61
15675,399.8469,-58
15676,399.8724,-60
15677,399.8980,-60
15678,399.9235,-52
15679,399.9490,-52
15680,399.9745,-55
15681,400.0000,-55
15682,400.0255,-55
15683,400.0510,-63
15684,400.0765,-63
15685,400.1020,-53
15686,400.1276,-53
15687,400.1531,-55
15688,400.1786,-55
15689,400.2041,-58
15690,400.2296,-67
15691,400.2551,-67
15692,400.2806,-53
15693,400.3061,-53
15694,400.3316,-53
15695,400.3571,-53
15696,400.3827,-59
15697,400.4082,-70
15698,400.4337,-70
15699,400.4592,-55
15700,400.4847,-55
15701,400.5102,-52
15702,400.5357,-52
15703,400.5612,-59
15704,400.5867,-59
15705,400.6122,-68
15706,400.6378,-54
15707,400.6633,-54
15708,400.6888,-52
15709,400.7143,-52
15710,400.7398,-59
15711,400.7653,-59
15712,400.7908,-64
15713,400.8163,-56
15714,400.8418,-56
15715,400.8673,-51
15716,400.8929,-51
15717,400.9184,-58
15718,400.9439,-58
15719,400.9694,-64
15720,400.9949,-55
15721,401.0204,-55
15722,401.0459,-53
15723,401.0714,-53
15724,401.0969,-60
15725,401.1224,-60
15726,401.1480,-62
15727,401.1735,-56
15728,401.1990,-56
15729,401.2245,-52
15730,401.2500,-52
15731,401.2755,-60
15732,401.3010,-60
15733,401.3265,-61
15734,401.3520,-57
15735,401.3776,-57
15736,401.4031,-51
15737,401.4286,-51
15738,401.4541,-61
15739,401.4796,-61
15740,401.5051,-58
15741,401.5306,-58
15742,401.5561,-60
15743,401.5816,-52
15744,401.6071,-52
15745,401.6327,-54
15746,401.6582,-54
15747,401.6837,-58
15748,401.7092,-58
15749,401.7347,-65
15750,401.7602,-52
15751,401.7857,-52
15752,401.8112,-53
15753,401.8367,-53
15754,401.8622,-59
15755,401.8878,-59
15756,401.9133,-69
15757,401.9388,-52
15758,401.9643,-52
15759,401.9898,-55
15760,402.0153,-55
15761,402.0408,-60
15762,402.0663,-60
15763,402.0918,-70
15764,402.1173,-53
15765,402.1429,-53
15766,402.1684,-52
15767,402.1939,-52
15768,402.2194,-59
15769,402.2449,-59
15770,402.2704,-71
15771,402.2959,-55
15772,402.3214,-55
15773,402.3469,-51
15774,402.3724,-51
15775,402.3980,-60
15776,402.4235,-60
15777,402.4490,-66
15778,402.4745,-66
15779,402.5000,-56
15780,402.5255,-52
15781,402.5510,-52
15782,402.5765,-59
15783,402.6020,-59
15784,402.6276,-65
15785,402.6531,-65
15786,402.6786,-55
15787,402.7041,-53
15788,402.7296,-53
15789,402.7551,-60
15790,402.7806,-60
15791,402.8061,-62
15792,402.8316,-62
15793,402.8571,-56
15794,402.8827,-53
15795,402.9082,-53
15796,402.9337,-61
15797,402.9592,-61
15798,402.9847,-61
15799,403.0102,-61
15800,403.0357,-57
15801,403.0612,-53
15802,403.0867,-53
15803,403.1122,-59
15804,403.1378,-59
15805,403.1633,-58
15806,403.1888,-58
15807,403.2143,-61
15808,403.2398,-53
15809,403.2653,-53
15810,403.2908,-55
15811,403.3163,-55
15812,403.3418,-55
15813,403.3673,-55
15814,403.3929,-65
15815,403.4184,-65
15816,403.4439,-54
15817,403.4694,-54
15818,403.4949,-54
15819,403.5204,-58
15820,403.5459,-58
15821,403.5714,-66
15822,403.5969,-66
15823,403.6224,-53
15824,403.6480,-54
15825,403.6735,-54
15826,403.6990,-59
15827,403.7245,-59
15828,403.7500,-64
15829,403.7755,-64
15830,403.8010,-55
15831,403.8265,-51
15832,403.8520,-51
15833,403.8776,-58
15834,403.9031,-58
15835,403.9286,-61
15836,403.9541,-61
15837,403.9796,-56
15838,404.0051,-51
15839,404.0306,-51
15840,404.0561,-58
15841,404.0816,-58
15842,404.1071,-60
15843,404.1327,-60
15844,404.1582,-58
15845,404.1837,-51
15846,404.2092,-51
15847,404.2347,-57
15848,404.2602,-57
15849,404.2857,-59
15850,404.3112,-59
15851,404.3367,-58
15852,404.3622,-58
15853,404.3878,-52
15854,404.4133,-58
15855,404.4388,-58
15856,404.4643,-59
15857,404.4898,-59
15858,404.5153,-58
15859,404.5408,-58
15860,404.5663,-51
15861,404.5918,-57
15862,404.6173,-57
15863,404.6429,-58
15864,404.6684,-58
15865,404.6939,-61
15866,404.7194,-61
15867,404.7449,-52
15868,404.7704,-58
15869,404.7959,-58
15870,404.8214,-56
15871,404.8469,-56
15872,404.8724,-64
15873,404.8980,-64
15874,404.9235,-51
15875,404.9490,-54
15876,404.9745,-54
15877,405.0000,-54
15878,405.0255,-54
15879,405.0510,-72
15880,405.0765,-72
15881,405.1020,-53
15882,405.1276,-53
15883,405.1531,-53
15884,405.1786,-57
15885,405.2041,-57
15886,405.2296,-71
15887,405.2551,-71
15888,405.2806,-53
15889,405.3061,-53
15890,405.3316,-54
15891,405.3571,-58
15892,405.3827,-58
15893,405.4082,-65
15894,405.4337,-65
15895,405.4592,-54
15896,405.4847,-54
15897,405.5102,-51
15898,405.5357,-57
15899,405.5612,-57
15900,405.5867,-62
15901,405.6122,-62
15902,405.6378,-55
15903,405.6633,-55
15904,405.6888,-52
15905,405.7143,-56
15906,405.7398,-56
15907,405.7653,-59
15908,405.7908,-59
15909,405.8163,-57
15910,405.8418,-57
15911,405.8673,-51
15912,405.8929,-56
15913,405.9184,-56
15914,405.9439,-60
15915,405.9694,-60
15916,405.9949,-57
15917,406.0204,-57
15918,406.0459,-53
15919,406.0714,-57
15920,406.0969,-57
15921,406.1224,-59
15922,406.1480,-59
15923,406.1735,-58
15924,406.1990,-58
15925,406.2245,-52
15926,406.2500,-52
15927,406.2755,-57
15928,406.3010,-58
15929,406.3265,-58
15930,406.3520,-59
15931,406.3776,-59
15932,406.4031,-52
15933,406.4286,-52
15934,406.4541,-57
15935,406.4796,-56
15936,406.5051,-56
15937,406.5306,-65
15938,406.5561,-65
15939,406.5816,-52
15940,406.6071,-52
15941,406.6327,-54
15942,406.6582,-56
15943,406.6837,-56
15944,406.7092,-68
15945,406.7347,-68
15946,406.7602,-53
15947,406.7857,-53
15948,406.8112,-53
15949,406.8367,-55
15950,406.8622,-55
15951,406.8878,-64
15952,406.9133,-64
15953,406.9388,-53
15954,406.9643,-53
15955,406.9898,-53
15956,407.0153,-57
15957,407.0408,-57
15958,407.0663,-61
15959,407.0918,-61
15960,407.1173,-55
15961,407.1429,-55
15962,407.1684,-51
15963,407.1939,-51
15964,407.2194,-56
15965,407.2449,-60
15966,407.2704,-60
15967,407.2959,-57
15968,407.3214,-57
15969,407.3469,-51
15970,407.3724,-51
15971,407.3980,-57
15972,407.4235,-57
15973,407.4490,-57
15974,407.4745,-59
15975,407.5000,-59
15976,407.5255,-51
15977,407.5510,-51
15978,407.5765,-56
15979,407.6020,-57
15980,407.6276,-57
15981,407.6531,-58
15982,407.6786,-58
15983,407.7041,-53
15984,407.7296,-53
15985,407.7551,-57
15986,407.7806,-56
15987,407.8061,-56
15988,407.8316,-60
15989,407.8571,-60
15990,407.8827,-52
15991,407.9082,-52
15992,407.9337,-56
15993,407.9592,-56
15994,407.9847,-56
15995,408.0102,-62
15996,408.0357,-62
15997,408.0612,-53
15998,408.0867,-53
15999,408.1122,-57
16000,408.1378,-57
16001,408.1633,-54
16002,408.1888,-66
16003,408.2143,-66
16004,408.2398,-52
16005,408.2653,-52
16006,408.2908,-54
16007,408.3163,-54
16008,408.3418,-55
16009,408.3673,-63
16010,408.3929,-63
16011,408.4184,-53
16012,408.4439,-53
16013,408.4694,-52
16014,408.4949,-52
16015,408.5204,-55
16016,408.5459,-61
16017,408.5714,-61
16018,408.5969,-54
16019,408.6224,-54
16020,408.6480,-53
16021,408.6735,-53
16022,408.6990,-57
16023,408.7245,-60
16024,408.7500,-60
16025,408.7755,-56
16026,408.8010,-56
16027,408.8265,-52
16028,408.8520,-52
16029,408.8776,-57
16030,408.9031,-62
16031,408.9286,-62
16032,408.9541,-57
16033,408.9796,-57
16034,409.0051,-54
16035,409.0306,-54
16036,409.0561,-57
16037,409.0816,-57
16038,409.1071,-62
16039,409.1327,-57
16040,409.1582,-57
16041,409.1837,-52
16042,409.2092,-52
16043,409.2347,-58
16044,409.2602,-58
16045,409.2857,-64
16046,409.3112,-56
16047,409.3367,-56
16048,409.3622,-54
16049,409.3878,-54
16050,409.4133,-59
16051,409.4388,-59
16052,409.4643,-60
16053,409.4898,-57
16054,409.5153,-57
16055,409.5408,-51
16056,409.5663,-51
16057,409.5918,-59
16058,409.6173,-59
16059,409.6429,-58
16060,409.6684,-58
16061,409.6939,-58
16062,409.7194,-51
16063,409.7449,-51
16064,409.7704,-58
16065,409.7959,-58
16066,409.8214,-54
16067,409.8469,-63
16068,409.8724,-63
16069,409.8980,-51
16070,409.9235,-51
16071,409.9490,-53
16072,409.9745,-53
16073,410.0000,-53
16074,410.0255,-53
16075,410.0510,-76
16076,410.0765,-51
16077,410.1020,-51
16078,410.1276,-51
16079,410.1531,-51
16080,410.1786,-52
16081,410.2041,-52
16082,410.2296,-71
16083,410.2551,-51
16084,410.2806,-51
16085,410.3061,-47
16086,410.3316,-47
16087,410.3571,-53
16088,410.3827,-53
16089,410.4082,-60
16090,410.4337,-54
16091,410.4592,-54
16092,410.4847,-46
16093,410.5102,-46
16094,410.5357,-54
16095,410.5612,-54
16096,410.5867,-59
16097,410.6122,-54
16098,410.6378,-54
16099,410.6633,-46
16100,410.6888,-46
16101,410.7143,-57
16102,410.7398,-57
16103,410.7653,-59
16104,410.7908,-57
16105,410.8163,-57
16106,410.8418,-51
16107,410.8673,-51
16108,410.8929,-56
16109,410.9184,-56
16110,410.9439,-55
16111,410.9694,-55
16112,410.9949,-55
16113,411.0204,-53
16114,411.0459,-53
16115,411.0714,-57
16116,411.0969,-57
16117,411.1224,-55
16118,411.1480,-55
16119,411.1735,-60
16120,411.1990,-54
16121,411.2245,-54
16122,411.2500,-57
16123,411.2755,-57
16124,411.3010,-53
16125,411.3265,-53
16126,411.3520,-59
16127,411.3776,-52
16128,411.4031,-52
16129,411.4286,-57
16130,411.4541,-57
16131,411.4796,-54
16132,411.5051,-54
16133,411.5306,-64
16134,411.5561,-52
16135,411.5816,-52
16136,411.6071,-53
16137,411.6327,-53
16138,411.6582,-53
16139,411.6837,-53
16140,411.7092,-68
16141,411.7347,-55
16142,411.7602,-55
16143,411.7857,-53
16144,411.8112,-53
16145,411.8367,-57
16146,411.8622,-57
16147,411.8878,-71
16148,411.9133,-71
16149,411.9388,-54
16150,411.9643,-52
16151,411.9898,-52
16152,412.0153,-58
16153,412.0408,-58
16154,412.0663,-62
16155,412.0918,-62
16156,412.1173,-62
16157,412.1429,-51
16158,412.1684,-51
16159,412.1939,-58
16160,412.2194,-58
16161,412.2449,-60
16162,412.2704,-60
16163,412.2959,-57
16164,412.3214,-51
16165,412.3469,-51
16166,412.3724,-57
16167,412.3980,-57
16168,412.4235,-58
16169,412.4490,-58
16170,412.4745,-58
16171,412.5000,-51
16172,412.5255,-51
16173,412.5510,-57
16174,412.5765,-57
16175,412.6020,-58
16176,412.6276,-58
16177,412.6531,-58
16178,412.6786,-58
16179,412.7041,-51
16180,412.7296,-57
16181,412.7551,-57
16182,412.7806,-57
16183,412.8061,-57
16184,412.8316,-59
16185,412.8571,-59
16186,412.8827,-52
16187,412.9082,-56
16188,412.9337,-56
16189,412.9592,-55
16190,412.9847,-55
16191,413.0102,-62
16192,413.0357,-62
16193,413.0612,-52
16194,413.0867,-58
16195,413.1122,-58
16196,413.1378,-54
16197,413.1633,-54
16198,413.1888,-68
16199,413.2143,-68
16200,413.2398,-51
16201,413.2653,-52
16202,413.2908,-52
16203,413.3163,-52
16204,413.3418,-52
16205,413.3673,-68
16206,413.3929,-68
16207,413.4184,-53
16208,413.4439,-51
16209,413.4694,-51
16210,413.4949,-53
16211,413.5204,-53
16212,413.5459,-64
16213,413.5714,-64
16214,413.5969,-52
16215,413.6224,-52
16216,413.6480,-51
16217,413.6735,-55
16218,413.6990,-55
16219,413.7245,-59
16220,413.7500,-59
16221,413.7755,-55
16222,413.8010,-55
16223,413.8265,-50
16224,413.8520,-55
16225,413.8776,-55
16226,413.9031,-69
16227,413.9286,-69
16228,413.9541,-56
16229,413.9796,-56
16230,414.0051,-46
16231,414.0306,-56
16232,414.0561,-56
16233,414.0816,-55
16234,414.1071,-55
16235,414.1327,-57
16236,414.1582,-57
16237,414.1837,-46
16238,414.2092,-55
16239,414.2347,-55
16240,414.2602,-56
16241,414.2857,-56
16242,414.3112,-57
16243,414.3367,-57
16244,414.3622,-47
16245,414.3878,-57
16246,414.4133,-57
16247,414.4388,-55
16248,414.4643,-55
16249,414.4898,-59
16250,414.5153,-59
16251,414.5408,-51
16252,414.5663,-51
16253,414.5918,-56
16254,414.6173,-53
16255,414.6429,-53
16256,414.6684,-63
16257,414.6939,-63
16258,414.7194,-52
16259,414.7449,-52
16260,414.7704,-57
16261,414.7959,-52
16262,414.8214,-52
16263,414.8469,-71
16264,414.8724,-71
16265,414.8980,-51
16266,414.9235,-51
16267,414.9490,-47
16268,414.9745,-52
16269,415.0000,-52
16270,415.0255,-69
16271,415.0510,-69
16272,415.0765,-52
16273,415.1020,-52
16274,415.1276,-47
16275,415.1531,-53
16276,415.1786,-53
16277,415.2041,-65
16278,415.2296,-65
16279,415.2551,-52
16280,415.2806,-52
16281,415.3061,-47
16282,415.3316,-55
16283,415.3571,-55
16284,415.3827,-60
16285,415.4082,-60
16286,415.4337,-53
16287,415.4592,-53
16288,415.4847,-46
16289,415.5102,-46
16290,415.5357,-56
16291,415.5612,-58
16292,415.5867,-58
16293,415.6122,-56
16294,415.6378,-56
16295,415.6633,-45
16296,415.6888,-45
16297,415.7143,-57
16298,415.7398,-56
16299,415.7653,-56
16300,415.7908,-57
16301,415.8163,-57
16302,415.8418,-46
16303,415.8673,-46
16304,415.8929,-56
16305,415.9184,-57
16306,415.9439,-57
16307,415.9694,-57
16308,415.9949,-57
16309,416.0204,-52
16310,416.0459,-52
16311,416.0714,-58
16312,416.0969,-55
16313,416.1224,-55
16314,416.1480,-59
16315,416.1735,-59
16316,416.1990,-51
16317,416.2245,-51
16318,416.2500,-57
16319,416.2755,-56
16320,416.3010,-56
16321,416.3265,-62
16322,416.3520,-62
16323,416.3776,-51
16324,416.4031,-51
16325,416.4286,-58
16326,416.4541,-58
16327,416.4796,-54
16328,416.5051,-69
16329,416.5306,-69
16330,416.5561,-51
16331,416.5816,-51
16332,416.6071,-52
16333,416.6327,-52
16334,416.6582,-53
16335,416.6837,-71
16336,416.7092,-71
16337,416.7347,-52
16338,416.7602,-52
16339,416.7857,-51
16340,416.8112,-51
16341,416.8367,-54
16342,416.8622,-65
16343,416.8878,-65
16344,416.9133,-51
16345,416.9388,-51
16346,416.9643,-47
16347,416.9898,-47
16348,417.0153,-58
16349,417.0408,-55
16350,417.0663,-55
16351,417.0918,-55
16352,417.1173,-55
16353,417.1429,-51
16354,417.1684,-51
16355,417.1939,-54
16356,417.2194,-58
16357,417.2449,-58
16358,417.2704,-56
16359,417.2959,-56
16360,417.3214,-46
16361,417.3469,-46
16362,417.3724,-58
16363,417.3980,-58
16364,417.4235,-57
16365,417.4490,-55
16366,417.4745,-55
16367,417.5000,-47
16368,417.5255,-47
16369,417.5510,-57
16370,417.5765,-57
16371,417.6020,-57
16372,417.6276,-57
16373,417.6531,-57
16374,417.6786,-53
16375,417.7041,-53
16376,417.7296,-55
16377,417.7551,-55
16378,417.7806,-56
16379,417.8061,-59
16380,417.8316,-59
16381,417.8571,-54
16382,417.8827,-54
16383,417.9082,-55
16384,417.9337,-55
16385,417.9592,-57
16386,417.9847,-59
16387,418.0102,-59
16388,418.0357,-51
16389,418.0612,-51
16390,418.0867,-57
16391,418.1122,-57
16392,418.1378,-55
16393,418.1633,-55
16394,418.1888,-60
16395,418.2143,-46
16396,418.2398,-46
16397,418.2653,-55
16398,418.2908,-55
16399,418.3163,-55
16400,418.3418,-55
16401,418.3673,-70
16402,418.3929,-52
16403,418.4184,-52
16404,418.4439,-53
16405,418.4694,-53
16406,418.4949,-57
16407,418.5204,-57
16408,418.5459,-67
16409,418.5714,-51
16410,418.5969,-51
16411,418.6224,-55
16412,418.6480,-55
16413,418.6735,-58
16414,418.6990,-58
16415,418.7245,-63
16416,418.7500,-53
16417,418.7755,-53
16418,418.8010,-52
16419,418.8265,-52
16420,418.8520,-57
16421,418.8776,-57
16422,418.9031,-65
16423,418.9286,-54
16424,418.9541,-54
16425,418.9796,-51
16426,419.0051,-51
16427,419.0306,-56
16428,419.0561,-56
16429,419.0816,-58
16430,419.1071,-58
16431,419.1327,-55
16432,419.1582,-51
16433,419.1837,-51
16434,419.2092,-55
16435,419.2347,-55
16436,419.2602,-58
16437,419.2857,-58
16438,419.3112,-54
16439,419.3367,-54
16440,419.3622,-54
16441,419.3878,-58
16442,419.4133,-58
16443,419.4388,-58
16444,419.4643,-58
16445,419.4898,-55
16446,419.5153,-51
16447,419.5408,-51
16448,419.5663,-56
16449,419.5918,-56
16450,419.6173,-56
16451,419.6429,-56
16452,419.6684,-56
16453,419.6939,-51
16454,419.7194,-51
16455,419.7449,-57
16456,419.7704,-57
16457,419.7959,-55
16458,419.8214,-55
16459,419.8469,-61
16460,419.8724,-50
16461,419.8980,-50
16462,419.9235,-53
16463,419.9490,-53
16464,419.9745,-53
16465,420.0000,-53
16466,420.0255,-72
16467,420.0510,-72
16468,420.0765,-51
16469,420.1020,-54
16470,420.1276,-54
16471,420.1531,-55
16472,420.1786,-55
16473,420.2041,-62
16474,420.2296,-62
16475,420.2551,-51
16476,420.2806,-55
16477,420.3061,-55
16478,420.3316,-59
16479,420.3571,-59
16480,420.3827,-65
16481,420.4082,-65
16482,420.4337,-51
16483,420.4592,-50
16484,420.4847,-50
16485,420.5102,-55
16486,420.5357,-55
16487,420.5612,-60
16488,420.5867,-60
16489,420.6122,-52
16490,420.6378,-52
16491,420.6633,-52
16492,420.6888,-55
16493,420.7143,-55
16494,420.7398,-58
16495,420.7653,-58
16496,420.7908,-56
16497,420.8163,-53
16498,420.8418,-53
16499,420.8673,-54
16500,420.8929,-54
16501,420.9184,-57
16502,420.9439,-57
16503,420.9694,-56
16504,420.9949,-56
16505,421.0204,-55
16506,421.0459,-55
16507,421.0714,-55
16508,421.0969,-56
16509,421.1224,-56
16510,421.1480,-57
16511,421.1735,-57
16512,421.1990,-54
16513,421.2245,-53
16514,421.2500,-53
16515,421.2755,-56
16516,421.3010,-56
16517,421.3265,-58
16518,421.3520,-58
16519,421.3776,-53
16520,421.4031,-54
16521,421.4286,-54
16522,421.4541,-54
16523,421.4796,-54
16524,421.5051,-62
16525,421.5306,-62
16526,421.5561,-52
16527,421.5816,-56
16528,421.6071,-56
16529,421.6327,-56
16530,421.6582,-56
16531,421.6837,-68
16532,421.7092,-68
16533,421.7347,-53
16534,421.7602,-56
16535,421.7857,-56
16536,421.8112,-55
16537,421.8367,-55
16538,421.8622,-64
16539,421.8878,-64
16540,421.9133,-52
16541,421.9388,-52
16542,421.9643,-55
16543,421.9898,-56
16544,422.0153,-56
16545,422.0408,-62
16546,422.0663,-62
16547,422.0918,-54
16548,422.1173,-54
16549,422.1429,-53
16550,422.1684,-56
16551,422.1939,-56
16552,422.2194,-61
16553,422.2449,-61
16554,422.2704,-55
16555,422.2959,-55
16556,422.3214,-52
16557,422.3469,-55
16558,422.3724,-55
16559,422.3980,-59
16560,422.4235,-59
16561,422.4490,-56
16562,422.4745,-56
16563,422.5000,-52
16564,422.5255,-54
16565,422.5510,-54
16566,422.5765,-58
16567,422.6020,-58
16568,422.6276,-55
16569,422.6531,-55
16570,422.6786,-54
16571,422.7041,-55
16572,422.7296,-55
16573,422.7551,-57
16574,422.7806,-57
16575,422.8061,-56
16576,422.8316,-56
16577,422.8571,-53
16578,422.8827,-53
16579,422.9082,-54
16580,422.9337,-57
16581,422.9592,-57
16582,422.9847,-58
16583,423.0102,-58
16584,423.0357,-52
16585,423.0612,-52
16586,423.0867,-54
16587,423.1122,-56
16588,423.1378,-56
16589,423.1633,-62
16590,423.1888,-62
16591,423.2143,-52
16592,423.2398,-52
16593,423.2653,-56
16594,423.2908,-56
16595,423.3163,-56
16596,423.3418,-65
16597,423.3673,-65
16598,423.3929,-53
16599,423.4184,-53
16600,423.4439,-55
16601,423.4694,-56
16602,423.4949,-56
16603,423.5204,-65
16604,423.5459,-65
16605,423.5714,-52
16606,423.5969,-52
16607,423.6224,-55
16608,423.6480,-57
16609,423.6735,-57
16610,423.6990,-63
16611,423.7245,-63
16612,423.7500,-54
16613,423.7755,-54
16614,423.8010,-53
16615,423.8265,-53
16616,423.8520,-56
16617,423.8776,-63
16618,423.9031,-63
16619,423.9286,-55
16620,423.9541,-55
16621,423.9796,-53
16622,424.0051,-53
16623,424.0306,-55
16624,424.0561,-59
16625,424.0816,-59
16626,424.1071,-56
16627,424.1327,-56
16628,424.1582,-52
16629,424.1837,-52
16630,424.2092,-54
16631,424.2347,-58
16632,424.2602,-58
16633,424.2857,-56
16634,424.3112,-56
16635,424.3367,-53
16636,424.3622,-53
16637,424.3878,-54
16638,424.4133,-56
16639,424.4388,-56
16640,424.4643,-58
16641,424.4898,-58
16642,424.5153,-53
16643,424.5408,-53
16644,424.5663,-54
16645,424.5918,-56
16646,424.6173,-56
16647,424.6429,-59
16648,424.6684,-59
16649,424.6939,-52
16650,424.7194,-52
16651,424.7449,-54
16652,424.7704,-54
16653,424.7959,-55
16654,424.8214,-62
16655,424.8469,-62
16656,424.8724,-52
16657,424.8980,-52
16658,424.9235,-55
16659,424.9490,-55
16660,424.9745,-55
16661,425.0000,-68
16662,425.0255,-68
16663,425.0510,-52
16664,425.0765,-52
16665,425.1020,-54
16666,425.1276,-54
16667,425.1531,-56
16668,425.1786,-67
16669,425.2041,-67
16670,425.2296,-52
16671,425.2551,-52
16672,425.2806,-53
16673,425.3061,-53
16674,425.3316,-57
16675,425.3571,-64
16676,425.3827,-64
16677,425.4082,-53
16678,425.4337,-53
16679,425.4592,-52
16680,425.4847,-52
16681,425.5102,-55
16682,425.5357,-61
16683,425.5612,-61
16684,425.5867,-54
16685,425.6122,-54
16686,425.6378,-52
16687,425.6633,-52
16688,425.6888,-55
16689,425.7143,-55
16690,425.7398,-58
16691,425.7653,-55
16692,425.7908,-55
16693,425.8163,-52
16694,425.8418,-52
16695,425.8673,-52
16696,425.8929,-52
16697,425.9184,-56
16698,425.9439,-54
16699,425.9694,-54
16700,425.9949,-53
16701,426.0204,-53
16702,426.0459,-55
16703,426.0714,-55
16704,426.0969,-58
16705,426.1224,-53
16706,426.1480,-53
16707,426.1735,-51
16708,426.1990,-51
16709,426.2245,-54
16710,426.2500,-54
16711,426.2755,-57
16712,426.3010,-55
16713,426.3265,-55
16714,426.3520,-51
16715,426.3776,-51
16716,426.4031,-53
16717,426.4286,-53
16718,426.4541,-54
16719,426.4796,-58
16720,426.5051,-58
16721,426.5306,-46
16722,426.5561,-46
16723,426.5816,-59
16724,426.6071,-59
16725,426.6327,-59
16726,426.6582,-59
16727,426.6837,-62
16728,426.7092,-51
16729,426.7347,-51
16730,426.7602,-57
16731,426.7857,-57
16732,426.8112,-55
16733,426.8367,-55
16734,426.8622,-62
16735,426.8878,-46
16736,426.9133,-46
16737,426.9388,-56
16738,426.9643,-56
16739,426.9898,-57
16740,427.0153,-57
16741,427.0408,-67
16742,427.0663,-50
16743,427.0918,-50
16744,427.1173,-54
16745,427.1429,-54
16746,427.1684,-55
16747,427.1939,-55
16748,427.2194,-65
16749,427.2449,-50
16750,427.2704,-50
16751,427.2959,-54
16752,427.3214,-54
16753,427.3469,-53
16754,427.3724,-53
16755,427.3980,-60
16756,427.4235,-52
16757,427.4490,-52
16758,427.4745,-51
16759,427.5000,-51
16760,427.5255,-52
16761,427.5510,-52
16762,427.5765,-77
16763,427.6020,-77
16764,427.6276,-52
16765,427.6531,-52
16766,427.6786,-52
16767,427.7041,-53
16768,427.7296,-53
16769,427.7551,-57
16770,427.7806,-57
16771,427.8061,-54
16772,427.8316,-51
16773,427.8571,-51
16774,427.8827,-53
16775,427.9082,-53
16776,427.9337,-55
16777,427.9592,-55
16778,427.9847,-54
16779,428.0102,-50
16780,428.0357,-50
16781,428.0612,-55
16782,428.0867,-55
16783,428.1122,-53
16784,428.1378,-53
16785,428.1633,-57
16786,428.1888,-50
16787,428.2143,-50
16788,428.2398,-57
16789,428.2653,-57
16790,428.2908,-57
16791,428.3163,-57
16792,428.3418,-60
16793,428.3673,-51
16794,428.3929,-51
16795,428.4184,-56
16796,428.4439,-56
16797,428.4694,-54
16798,428.4949,-54
16799,428.5204,-54
16800,428.5459,-54
16801,428.5714,-46
16802,428.5969,-58
16803,428.6224,-58
16804,428.6480,-55
16805,428.6735,-55
16806,428.6990,-62
16807,428.7245,-62
16808,428.7500,-46
16809,428.7755,-54
16810,428.8010,-54
16811,428.8265,-54
16812,428.8520,-54
16813,428.8776,-63
16814,428.9031,-63
16815,428.9286,-51
16816,428.9541,-55
16817,428.9796,-55
16818,429.0051,-52
16819,429.0306,-52
16820,429.0561,-60
16821,429.0816,-60
16822,429.1071,-53
16823,429.1327,-54
16824,429.1582,-54
16825,429.1837,-52
16826,429.2092,-52
16827,429.2347,-59
16828,429.2602,-59
16829,429.2857,-53
16830,429.3112,-55
16831,429.3367,-55
16832,429.3622,-55
16833,429.3878,-55
16834,429.4133,-57
16835,429.4388,-57
16836,429.4643,-55
16837,429.4898,-55
16838,429.5153,-52
16839,429.5408,-54
16840,429.5663,-54
16841,429.5918,-56
16842,429.6173,-56
16843,429.6429,-55
16844,429.6684,-55
16845,429.6939,-55
16846,429.7194,-55
16847,429.7449,-55
16848,429.7704,-54
16849,429.7959,-54
16850,429.8214,-57
16851,429.8469,-57
16852,429.8724,-47
16853,429.8980,-60
16854,429.9235,-60
16855,429.9490,-57
16856,429.9745,-57
16857,430.0000,-59
16858,430.0255,-59
16859,430.0510,-52
16860,430.0765,-59
16861,430.1020,-59
16862,430.1276,-54
16863,430.1531,-54
16864,430.1786,-61
16865,430.2041,-61
16866,430.2296,-50
16867,430.2551,-50
16868,430.2806,-59
16869,430.3061,-55
16870,430.3316,-55
16871,430.3571,-62
16872,430.3827,-62
16873,430.4082,-51
16874,430.4337,-51
16875,430.4592,-56
16876,430.4847,-54
16877,430.5102,-54
16878,430.5357,-54
16879,430.5612,-54
16880,430.5867,-51
16881,430.6122,-51
16882,430.6378,-55
16883,430.6633,-54
16884,430.6888,-54
16885,430.7143,-86
16886,430.7398,-86
16887,430.7653,-54
16888,430.7908,-54
16889,430.8163,-53
16890,430.8418,-53
16891,430.8673,-53
16892,430.8929,-60
16893,430.9184,-60
16894,430.9439,-54
16895,430.9694,-54
16896,430.9949,-53
16897,431.0204,-52
16898,431.0459,-52
16899,431.0714,-56
16900,431.0969,-56
16901,431.1224,-55
16902,431.1480,-55
16903,431.1735,-51
16904,431.1990,-51
16905,431.2245,-55
16906,431.2500,-56
16907,431.2755,-56
16908,431.3010,-57
16909,431.3265,-57
16910,431.3520,-51
16911,431.3776,-51
16912,431.4031,-55
16913,431.4286,-55
16914,431.4541,-55
16915,431.4796,-58
16916,431.5051,-58
16917,431.5306,-51
16918,431.5561,-51
16919,431.5816,-59
16920,431.6071,-55
16921,431.6327,-55
16922,431.6582,-58
16923,431.6837,-58
16924,431.7092,-53
16925,431.7347,-53
16926,431.7602,-70
16927,431.7857,-67
16928,431.8112,-67
16929,431.8367,-57
16930,431.8622,-57
16931,431.8878,-64
16932,431.9133,-64
16933,431.9388,-58
16934,431.9643,-58
16935,431.9898,-58
16936,432.0153,-50
16937,432.0408,-50
16938,432.0663,-55
16939,432.0918,-55
16940,432.1173,-56
16941,432.1429,-56
16942,432.1684,-55
16943,432.1939,-51
16944,432.2194,-51
16945,432.2449,-52
16946,432.2704,-52
16947,432.2959,-58
16948,432.3214,-58
16949,432.3469,-55
16950,432.3724,-50
16951,432.3980,-50
16952,432.4235,-52
16953,432.4490,-52
16954,432.4745,-59
16955,432.5000,-59
16956,432.5255,-56
16957,432.5510,-51
16958,432.5765,-51
16959,432.6020,-46
16960,432.6276,-46
16961,432.6531,-61
16962,432.6786,-61
16963,432.7041,-59
16964,432.7296,-51
16965,432.7551,-51
16966,432.7806,-46
16967,432.8061,-46
16968,432.8316,-62
16969,432.8571,-62
16970,432.8827,-59
16971,432.9082,-54
16972,432.9337,-54
16973,432.9592,-44
16974,432.9847,-44
16975,433.0102,-61
16976,433.0357,-61
16977,433.0612,-57
16978,433.0867,-57
16979,433.1122,-55
16980,433.1378,-46
16981,433.1633,-46
16982,433.1888,-60
16983,433.2143,-60
16984,433.2398,-52
16985,433.2653,-52
16986,433.2908,-55
16987,433.3163,-47
16988,433.3418,-47
16989,433.3673,-59
16990,433.3929,-59
16991,433.4184,-53
16992,433.4439,-53
16993,433.4694,-54
16994,433.4949,-50
16995,433.5204,-50
16996,433.5459,-57
16997,433.5714,-57
16998,433.5969,-53
16999,433.6224,-53
17000,433.6480,-55
17001,433.6735,-50
17002,433.6990,-50
17003,433.7245,-55
17004,433.7500,-55
17005,433.7755,-56
17006,433.8010,-56
17007,433.8265,-55
17008,433.8520,-51
17009,433.8776,-51
17010,433.9031,-53
17011,433.9286,-53
17012,433.9541,-56
17013,433.9796,-56
17014,434.0051,-55
17015,434.0306,-55
17016,434.0561,-51
17017,434.0816,-52
17018,434.1071,-52
17019,434.1327,-58
17020,434.1582,-58
17021,434.1837,-56
17022,434.2092,-56
17023,434.2347,-51
17024,434.2602,-47
17025,434.2857,-47
17026,434.3112,-63
17027,434.3367,-63
17028,434.3622,-58
17029,434.3878,-58
17030,434.4133,-52
17031,434.4388,-50
17032,434.4643,-50
17033,434.4898,-64
17034,434.5153,-64
17035,434.5408,-59
17036,434.5663,-59
17037,434.5918,-55
17038,434.6173,-45
17039,434.6429,-45
17040,434.6684,-64
17041,434.6939,-64
17042,434.7194,-59
17043,434.7449,-59
17044,434.7704,-55
17045,434.7959,-47
17046,434.8214,-47
17047,434.8469,-60
17048,434.8724,-60
17049,434.8980,-52
17050,434.9235,-52
17051,434.9490,-52
17052,434.9745,-52
17053,435.0000,-46
17054,435.0255,-60
17055,435.0510,-60
17056,435.0765,-53
17057,435.1020,-53
17058,435.1276,-54
17059,435.1531,-54
17060,435.1786,-50
17061,435.2041,-56
17062,435.2296,-56
17063,435.2551,-55
17064,435.2806,-55
17065,435.3061,-54
17066,435.3316,-54
17067,435.3571,-50
17068,435.3827,-55
17069,435.4082,-55
17070,435.4337,-54
17071,435.4592,-54
17072,435.4847,-53
17073,435.5102,-53
17074,435.5357,-51
17075,435.5612,-53
17076,435.5867,-53
17077,435.6122,-56
17078,435.6378,-56
17079,435.6633,-54
17080,435.6888,-54
17081,435.7143,-51
17082,435.7398,-53
17083,435.7653,-53
17084,435.7908,-59
17085,435.8163,-59
17086,435.8418,-56
17087,435.8673,-56
17088,435.8929,-51
17089,435.9184,-51
17090,435.9439,-51
17091,435.9694,-61
17092,435.9949,-61
17093,436.0204,-58
17094,436.0459,-58
17095,436.0714,-52
17096,436.0969,-52
17097,436.1224,-50
17098,436.1480,-64
17099,436.1735,-64
17100,436.1990,-58
17101,436.2245,-58
17102,436.2500,-55
17103,436.2755,-55
17104,436.3010,-46
17105,436.3265,-64
17106,436.3520,-64
17107,436.3776,-58
17108,436.4031,-58
17109,436.4286,-55
17110,436.4541,-55
17111,436.4796,-48
17112,436.5051,-63
17113,436.5306,-63
17114,436.5561,-52
17115,436.5816,-52
17116,436.6071,-52
17117,436.6327,-52
17118,436.6582,-46
17119,436.6837,-62
17120,436.7092,-62
17121,436.7347,-52
17122,436.7602,-52
17123,436.7857,-55
17124,436.8112,-55
17125,436.8367,-51
17126,436.8622,-51
17127,436.8878,-59
17128,436.9133,-55
17129,436.9388,-55
17130,436.9643,-57
17131,436.9898,-57
17132,437.0153,-51
17133,437.0408,-51
17134,437.0663,-57
17135,437.0918,-54
17136,437.1173,-54
17137,437.1429,-56
17138,437.1684,-56
17139,437.1939,-52
17140,437.2194,-52
17141,437.2449,-54
17142,437.2704,-56
17143,437.2959,-56
17144,437.3214,-56
17145,437.3469,-56
17146,437.3724,-51
17147,437.3980,-51
17148,437.4235,-53
17149,437.4490,-58
17150,437.4745,-58
17151,437.5000,-57
17152,437.5255,-57
17153,437.5510,-51
17154,437.5765,-51
17155,437.6020,-50
17156,437.6276,-61
17157,437.6531,-61
17158,437.6786,-59
17159,437.7041,-59
17160,437.7296,-52
17161,437.7551,-52
17162,437.7806,-74
17163,437.8061,-74
17164,437.8316,-64
17165,437.8571,-58
17166,437.8827,-58
17167,437.9082,-55
17168,437.9337,-55
17169,437.9592,-45
17170,437.9847,-45
17171,438.0102,-64
17172,438.0357,-59
17173,438.0612,-59
17174,438.0867,-54
17175,438.1122,-54
17176,438.1378,-47
17177,438.1633,-47
17178,438.1888,-62
17179,438.2143,-52
17180,438.2398,-52
17181,438.2653,-52
17182,438.2908,-52
17183,438.3163,-46
17184,438.3418,-46
17185,438.3673,-60
17186,438.3929,-52
17187,438.4184,-52
17188,438.4439,-55
17189,438.4694,-55
17190,438.4949,-50
17191,438.5204,-50
17192,438.5459,-58
17193,438.5714,-54
17194,438.5969,-54
17195,438.6224,-55
17196,438.6480,-55
17197,438.6735,-65
17198,438.6990,-65
17199,438.7245,-55
17200,438.7500,-55
17201,438.7755,-53
17202,438.8010,-53
17203,438.8265,-53
17204,438.8520,-50
17205,438.8776,-50
17206,438.9031,-52
17207,438.9286,-52
17208,438.9541,-54
17209,438.9796,-54
17210,439.0051,-54
17211,439.0306,-51
17212,439.0561,-51
17213,439.0816,-52
17214,439.1071,-52
17215,439.1327,-56
17216,439.1582,-55
17217,439.1837,-55
17218,439.2092,-51
17219,439.2347,-51
17220,439.2602,-50
17221,439.2857,-50
17222,439.3112,-59
17223,439.3367,-58
17224,439.3622,-58
17225,439.3878,-51
17226,439.4133,-51
17227,439.4388,-46
17228,439.4643,-46
17229,439.4898,-62
17230,439.5153,-58
17231,439.5408,-58
17232,439.5663,-54
17233,439.5918,-54
17234,439.6173,-46
17235,439.6429,-46
17236,439.6684,-63
17237,439.6939,-63
17238,439.7194,-58
17239,439.7449,-54
17240,439.7704,-54
17241,439.7959,-47
17242,439.8214,-47
17243,439.8469,-58
17244,439.8724,-58
17245,439.8980,-51
17246,439.9235,-61
17247,439.9490,-61
17248,439.9745,-46
17249,440.0000,-46
17250,440.0255,-58
17251,440.0510,-58
17252,440.0765,-52
17253,440.1020,-53
17254,440.1276,-53
17255,440.1531,-46
17256,440.1786,-46
17257,440.2041,-57
17258,440.2296,-57
17259,440.2551,-54
17260,440.2806,-54
17261,440.3061,-54
17262,440.3316,-50
17263,440.3571,-50
17264,440.3827,-56
17265,440.4082,-56
17266,440.4337,-55
17267,440.4592,-52
17268,440.4847,-52
17269,440.5102,-51
17270,440.5357,-51
17271,440.5612,-54
17272,440.5867,-54
17273,440.6122,-56
17274,440.6378,-56
17275,440.6633,-54
17276,440.6888,-51
17277,440.7143,-51
17278,440.7398,-53
17279,440.7653,-53
17280,440.7908,-59
17281,440.8163,-59
17282,440.8418,-56
17283,440.8673,-51
17284,440.8929,-51
17285,440.9184,-50
17286,440.9439,-50
17287,440.9694,-61
17288,440.9949,-61
17289,441.0204,-58
17290,441.0459,-51
17291,441.0714,-51
17292,441.0969,-50
17293,441.1224,-50
17294,441.1480,-62
17295,441.1735,-62
17296,441.1990,-58
17297,441.2245,-54
17298,441.2500,-54
17299,441.2755,-45
17300,441.3010,-45
17301,441.3265,-60
17302,441.3520,-60
17303,441.3776,-58
17304,441.4031,-53
17305,441.4286,-53
17306,441.4541,-46
17307,441.4796,-46
17308,441.5051,-59
17309,441.5306,-59
17310,441.5561,-51
17311,441.5816,-51
17312,441.6071,-54
17313,441.6327,-46
17314,441.6582,-46
17315,441.6837,-60
17316,441.7092,-60
17317,441.7347,-52
17318,441.7602,-52
17319,441.7857,-53
17320,441.8112,-47
17321,441.8367,-47
17322,441.8622,-57
17323,441.8878,-57
17324,441.9133,-54
17325,441.9388,-54
17326,441.9643,-53
17327,441.9898,-51
17328,442.0153,-51
17329,442.0408,-56
17330,442.0663,-56
17331,442.0918,-56
17332,442.1173,-56
17333,442.1429,-53
17334,442.1684,-51
17335,442.1939,-51
17336,442.2194,-53
17337,442.2449,-53
17338,442.2704,-57
17339,442.2959,-57
17340,442.3214,-54
17341,442.3469,-50
17342,442.3724,-50
17343,442.3980,-52
17344,442.4235,-52
17345,442.4490,-58
17346,442.4745,-58
17347,442.5000,-56
17348,442.5255,-56
17349,442.5510,-51
17350,442.5765,-50
17351,442.6020,-50
17352,442.6276,-61
17353,442.6531,-61
17354,442.6786,-59
17355,442.7041,-59
17356,442.7296,-51
17357,442.7551,-47
17358,442.7806,-47
17359,442.8061,-62
17360,442.8316,-62
17361,442.8571,-59
17362,442.8827,-59
17363,442.9082,-55
17364,442.9337,-45
17365,442.9592,-45
17366,442.9847,-61
17367,443.0102,-61
17368,443.0357,-59
17369,443.0612,-59
17370,443.0867,-54
17371,443.1122,-47
17372,443.1378,-47
17373,443.1633,-60
17374,443.1888,-60
17375,443.2143,-52
17376,443.2398,-52
17377,443.2653,-62
17378,443.2908,-45
17379,443.3163,-46
17380,443.3418,-59
17381,443.3673,-59
17382,443.3929,-52
17383,443.4184,-52
17384,443.4439,-53
17385,443.4694,-53
17386,443.4949,-47
17387,443.5204,-56
17388,443.5459,-56
17389,443.5714,-54
17390,443.5969,-54
17391,443.6224,-54
17392,443.6480,-54
17393,443.6735,-50
17394,443.6990,-56
17395,443.7245,-56
17396,443.7500,-55
17397,443.7755,-55
17398,443.8010,-54
17399,443.8265,-54
17400,443.8520,-51
17401,443.8776,-54
17402,443.9031,-54
17403,443.9286,-57
17404,443.9541,-57
17405,443.9796,-55
17406,444.0051,-55
17407,444.0306,-51
17408,444.0561,-54
17409,444.0816,-54
17410,444.1071,-58
17411,444.1327,-58
17412,444.1582,-56
17413,444.1837,-56
17414,444.2092,-52
17415,444.2347,-51
17416,444.2602,-51
17417,444.2857,-61
17418,444.3112,-61
17419,444.3367,-58
17420,444.3622,-58
17421,444.3878,-51
17422,444.4133,-51
17423,444.4388,-50
17424,444.4643,-62
17425,444.4898,-62
17426,444.5153,-58
17427,444.5408,-58
17428,444.5663,-54
17429,444.5918,-54
17430,444.6173,-49
17431,444.6429,-62
17432,444.6684,-62
17433,444.6939,-58
17434,444.7194,-58
17435,444.7449,-53
17436,444.7704,-53
17437,444.7959,-46
17438,444.8214,-59
17439,444.8469,-59
17440,444.8724,-52
17441,444.8980,-52
17442,444.9235,-52
17443,444.9490,-52
17444,444.9745,-46
17445,445.0000,-60
17446,445.0255,-60
17447,445.0510,-52
17448,445.0765,-52
17449,445.1020,-53
17450,445.1276,-53
17451,445.1531,-47
17452,445.1786,-57
17453,445.2041,-57
17454,445.2296,-54
17455,445.2551,-54
17456,445.2806,-55
17457,445.3061,-55
17458,445.3316,-50
17459,445.3571,-50
17460,445.3827,-56
17461,445.4082,-56
17462,445.4337,-56
17463,445.4592,-53
17464,445.4847,-53
17465,445.5102,-51
17466,445.5357,-51
17467,445.5612,-53
17468,445.5867,-57
17469,445.6122,-57
17470,445.6378,-54
17471,445.6633,-54
17472,445.6888,-50
17473,445.7143,-50
17474,445.7398,-53
17475,445.7653,-58
17476,445.7908,-58
17477,445.8163,-55
17478,445.8418,-55
17479,445.8673,-51
17480,445.8929,-51
17481,445.9184,-50
17482,445.9439,-61
17483,445.9694,-61
17484,445.9949,-58
17485,446.0204,-58
17486,446.0459,-51
17487,446.0714,-51
17488,446.0969,-46
17489,446.1224,-62
17490,446.1480,-62
17491,446.1735,-58
17492,446.1990,-58
17493,446.2245,-54
17494,446.2500,-54
17495,446.2755,-45
17496,446.3010,-45
17497,446.3265,-61
17498,446.3520,-58
17499,446.3776,-58
17500,446.4031,-53
17501,446.4286,-53
17502,446.4541,-46
17503,446.4796,-46
17504,446.5051,-59
17505,446.5306,-51
17506,446.5561,-51
17507,446.5816,-61
17508,446.6071,-61
17509,446.6327,-46
17510,446.6582,-46
17511,446.6837,-60
17512,446.7092,-52
17513,446.7347,-52
17514,446.7602,-54
17515,446.7857,-54
17516,446.8112,-50
17517,446.8367,-50
17518,446.8622,-57
17519,446.8878,-54
17520,446.9133,-54
17521,446.9388,-54
17522,446.9643,-54
17523,446.9898,-50
17524,447.0153,-50
17525,447.0408,-56
17526,447.0663,-56
17527,447.0918,-55
17528,447.1173,-53
17529,447.1429,-53
17530,447.1684,-51
17531,447.1939,-51
17532,447.2194,-53
17533,447.2449,-53
17534,447.2704,-57
17535,447.2959,-54
17536,447.3214,-54
17537,447.3469,-50
17538,447.3724,-50
17539,447.3980,-53
17540,447.4235,-53
17541,447.4490,-59
17542,447.4745,-56
17543,447.5000,-56
17544,447.5255,-51
17545,447.5510,-51
17546,447.5765,-50
17547,447.6020,-50
17548,447.6276,-61
17549,447.6531,-59
17550,447.6786,-59
17551,447.7041,-52
17552,447.7296,-52
17553,447.7551,-50
17554,447.7806,-50
17555,447.8061,-62
17556,447.8316,-59
17557,447.8571,-59
17558,447.8827,-55
17559,447.9082,-55
17560,447.9337,-46
17561,447.9592,-46
17562,447.9847,-62
17563,448.0102,-62
17564,448.0357,-59
17565,448.0612,-54
17566,448.0867,-54
17567,448.1122,-47
17568,448.1378,-47
17569,448.1633,-59
17570,448.1888,-59
17571,448.2143,-59
17572,448.2398,-59
17573,448.2653,-59
17574,448.2908,-46
17575,448.3163,-46
17576,448.3418,-59
17577,448.3673,-59
17578,448.3929,-53
17579,448.4184,-54
17580,448.4439,-54
17581,448.4694,-50
17582,448.4949,-50
17583,448.5204,-57
17584,448.5459,-57
17585,448.5714,-55
17586,448.5969,-54
17587,448.6224,-54
17588,448.6480,-50
17589,448.6735,-50
17590,448.6990,-56
17591,448.7245,-56
17592,448.7500,-55
17593,448.7755,-52
17594,448.8010,-52
17595,448.8265,-51
17596,448.8520,-51
17597,448.8776,-52
17598,448.9031,-52
17599,448.9286,-57
17600,448.9541,-57
17601,448.9796,-54
17602,449.0051,-51
17603,449.0306,-51
17604,449.0561,-52
17605,449.0816,-52
17606,449.1071,-58
17607,449.1327,-58
17608,449.1582,-55
17609,449.1837,-51
17610,449.2092,-51
17611,449.2347,-50
17612,449.2602,-50
17613,449.2857,-61
17614,449.3112,-61
17615,449.3367,-58
17616,449.3622,-52
17617,449.3878,-52
17618,449.4133,-50
17619,449.4388,-50
17620,449.4643,-63
17621,449.4898,-63
17622,449.5153,-57
17623,449.5408,-55
17624,449.5663,-55
17625,449.5918,-46
17626,449.6173,-46
17627,449.6429,-62
17628,449.6684,-62
17629,449.6939,-58
17630,449.7194,-58
17631,449.7449,-53
17632,449.7704,-47
17633,449.7959,-47
17634,449.8214,-60
17635,449.8469,-60
17636,449.8724,-51
17637,449.8980,-51
17638,449.9235,-55
17639,449.9490,-49
17640,449.9745,-49
17641,450.0000,-59
17642,450.0255,-59
17643,450.0510,-53
17644,450.0765,-53
17645,450.1020,-54
17646,450.1276,-50
17647,450.1531,-50
17648,450.1786,-58
17649,450.2041,-58
17650,450.2296,-55
17651,450.2551,-55
17652,450.2806,-56
17653,450.3061,-48
17654,450.3316,-48
17655,450.3571,-56
17656,450.3827,-56
17657,450.4082,-55
17658,450.4337,-55
17659,450.4592,-54
17660,450.4847,-51
17661,450.5102,-51
17662,450.5357,-54
17663,450.5612,-54
17664,450.5867,-57
17665,450.6122,-57
17666,450.6378,-55
17667,450.6633,-55
17668,450.6888,-51
17669,450.7143,-54
17670,450.7398,-54
17671,450.7653,-59
17672,450.7908,-59
17673,450.8163,-57
17674,450.8418,-57
17675,450.8673,-52
17676,450.8929,-51
17677,450.9184,-51
17678,450.9439,-60
17679,450.9694,-60
17680,450.9949,-60
17681,451.0204,-60
17682,451.0459,-52
17683,451.0714,-50
17684,451.0969,-50
17685,451.1224,-62
17686,451.1480,-62
17687,451.1735,-60
17688,451.1990,-60
17689,451.2245,-55
17690,451.2500,-49
17691,451.2755,-49
17692,451.3010,-62
17693,451.3265,-62
17694,451.3520,-60
17695,451.3776,-60
17696,451.4031,-54
17697,451.4286,-50
17698,451.4541,-50
17699,451.4796,-60
17700,451.5051,-60
17701,451.5306,-51
17702,451.5561,-51
17703,451.5816,-62
17704,451.6071,-62
17705,451.6327,-47
17706,451.6582,-61
17707,451.6837,-61
17708,451.7092,-52
17709,451.7347,-52
17710,451.7602,-55
17711,451.7857,-55
17712,451.8112,-47
17713,451.8367,-58
17714,451.8622,-58
17715,451.8878,-55
17716,451.9133,-55
17717,451.9388,-55
17718,451.9643,-55
17719,451.9898,-50
17720,452.0153,-56
17721,452.0408,-56
17722,452.0663,-55
17723,452.0918,-55
17724,452.1173,-54
17725,452.1429,-54
17726,452.1684,-51
17727,452.1939,-54
17728,452.2194,-54
17729,452.2449,-56
17730,452.2704,-56
17731,452.2959,-55
17732,452.3214,-55
17733,452.3469,-51
17734,452.3724,-53
17735,452.3980,-53
17736,452.4235,-58
17737,452.4490,-58
17738,452.4745,-57
17739,452.5000,-57
17740,452.5255,-52
17741,452.5510,-52
17742,452.5765,-51
17743,452.6020,-61
17744,452.6276,-61
17745,452.6531,-59
17746,452.6786,-59
17747,452.7041,-51
